model,method,gene,target,argmax,correct
proximal,raw_mean,CD3G,T_CD4|T_CD8,T_CD4,1
proximal,raw_mean,CD2,T_CD4|T_CD8,T_CD4,1
proximal,raw_mean,CD5,T_CD4|T_CD8,T_CD4,1
proximal,raw_mean,CD6,T_CD4|T_CD8,T_CD4,1
proximal,raw_mean,LCK,T_CD4|T_CD8,T_CD8,1
proximal,raw_mean,ITK,T_CD4|T_CD8,T_CD4,1
proximal,raw_mean,SKAP1,T_CD4|T_CD8,NK,0
proximal,raw_mean,CD247,T_CD4|T_CD8,NK,0
proximal,raw_mean,LEF1,T_CD4|T_CD8,T_CD8,1
proximal,raw_mean,TCF7,T_CD4|T_CD8,T_CD8,1
proximal,raw_mean,CD28,T_CD4|T_CD8,T_CD4,1
proximal,raw_mean,TRAT1,T_CD4|T_CD8,T_CD4,1
proximal,raw_mean,BCL11B,T_CD4|T_CD8,T_CD8,1
proximal,raw_mean,KLRF1,NK,NK,1
proximal,raw_mean,NCR1,NK,NK,1
proximal,raw_mean,KLRC1,NK,NK,1
proximal,raw_mean,SH2D1B,NK,NK,1
proximal,raw_mean,NCR3,NK,NK,1
proximal,raw_mean,VCAN,Mono_CD14,Mono_CD14,1
proximal,raw_mean,S100A12,Mono_CD14,Mono_CD14,1
proximal,raw_mean,CSF3R,Mono_CD14,pDC,0
proximal,raw_mean,CD36,Mono_CD14,pDC,0
proximal,raw_mean,CCR2,Mono_CD14,pDC,0
proximal,raw_mean,CDKN1C,Mono_CD16,Mono_CD16,1
proximal,raw_mean,TCF7L2,Mono_CD16,Mono_CD16,1
proximal,raw_mean,CX3CR1,Mono_CD16,pDC,0
proximal,raw_mean,LYPD2,Mono_CD16,DC,0
proximal,raw_mean,HES4,Mono_CD16,Mono_CD16,1
proximal,raw_mean,PAX5,B,B,1
proximal,raw_mean,EBF1,B,B,1
proximal,raw_mean,BANK1,B,B,1
proximal,raw_mean,CD22,B,B,1
proximal,raw_mean,FCRL1,B,B,1
proximal,raw_mean,TNFRSF13C,B,B,1
proximal,raw_mean,BLK,B,pDC,0
proximal,raw_mean,VPREB3,B,B,1
proximal,raw_mean,CD1E,DC,DC,1
proximal,raw_mean,PKIB,DC,DC,1
proximal,raw_mean,ENHO,DC,DC,1
proximal,raw_mean,CLEC9A,DC,DC,1
proximal,raw_mean,FLT3,DC|pDC,pDC,1
proximal,raw_mean,PLD4,pDC,pDC,1
proximal,raw_mean,SERPINF1,pDC,pDC,1
proximal,raw_mean,PTPRS,pDC,pDC,1
proximal,raw_mean,DERL3,pDC,pDC,1
proximal,raw_mean,TCF4,pDC,pDC,1
proximal,raw_mean,IRF7,pDC,pDC,1
proximal,raw_mean,ITM2C,pDC,pDC,1
proximal,raw_mean,CD68,DC|Mono_CD14|Mono_CD16,pDC,0
proximal,raw_mean,CSF1R,Mono_CD14|Mono_CD16,pDC,0
proximal,raw_mean,ITGAX,DC|Mono_CD14|Mono_CD16,DC,1
proximal,zscale_mean,CD3G,T_CD4|T_CD8,T_CD4,1
proximal,zscale_mean,CD2,T_CD4|T_CD8,T_CD4,1
proximal,zscale_mean,CD5,T_CD4|T_CD8,T_CD4,1
proximal,zscale_mean,CD6,T_CD4|T_CD8,T_CD4,1
proximal,zscale_mean,LCK,T_CD4|T_CD8,T_CD8,1
proximal,zscale_mean,ITK,T_CD4|T_CD8,T_CD4,1
proximal,zscale_mean,SKAP1,T_CD4|T_CD8,NK,0
proximal,zscale_mean,CD247,T_CD4|T_CD8,NK,0
proximal,zscale_mean,LEF1,T_CD4|T_CD8,T_CD8,1
proximal,zscale_mean,TCF7,T_CD4|T_CD8,T_CD8,1
proximal,zscale_mean,CD28,T_CD4|T_CD8,T_CD4,1
proximal,zscale_mean,TRAT1,T_CD4|T_CD8,T_CD4,1
proximal,zscale_mean,BCL11B,T_CD4|T_CD8,T_CD8,1
proximal,zscale_mean,KLRF1,NK,NK,1
proximal,zscale_mean,NCR1,NK,NK,1
proximal,zscale_mean,KLRC1,NK,NK,1
proximal,zscale_mean,SH2D1B,NK,NK,1
proximal,zscale_mean,NCR3,NK,NK,1
proximal,zscale_mean,VCAN,Mono_CD14,Mono_CD14,1
proximal,zscale_mean,S100A12,Mono_CD14,Mono_CD14,1
proximal,zscale_mean,CSF3R,Mono_CD14,pDC,0
proximal,zscale_mean,CD36,Mono_CD14,pDC,0
proximal,zscale_mean,CCR2,Mono_CD14,pDC,0
proximal,zscale_mean,CDKN1C,Mono_CD16,Mono_CD16,1
proximal,zscale_mean,TCF7L2,Mono_CD16,Mono_CD16,1
proximal,zscale_mean,CX3CR1,Mono_CD16,pDC,0
proximal,zscale_mean,LYPD2,Mono_CD16,DC,0
proximal,zscale_mean,HES4,Mono_CD16,Mono_CD16,1
proximal,zscale_mean,PAX5,B,B,1
proximal,zscale_mean,EBF1,B,B,1
proximal,zscale_mean,BANK1,B,B,1
proximal,zscale_mean,CD22,B,B,1
proximal,zscale_mean,FCRL1,B,B,1
proximal,zscale_mean,TNFRSF13C,B,B,1
proximal,zscale_mean,BLK,B,pDC,0
proximal,zscale_mean,VPREB3,B,B,1
proximal,zscale_mean,CD1E,DC,DC,1
proximal,zscale_mean,PKIB,DC,DC,1
proximal,zscale_mean,ENHO,DC,DC,1
proximal,zscale_mean,CLEC9A,DC,DC,1
proximal,zscale_mean,FLT3,DC|pDC,pDC,1
proximal,zscale_mean,PLD4,pDC,pDC,1
proximal,zscale_mean,SERPINF1,pDC,pDC,1
proximal,zscale_mean,PTPRS,pDC,pDC,1
proximal,zscale_mean,DERL3,pDC,pDC,1
proximal,zscale_mean,TCF4,pDC,pDC,1
proximal,zscale_mean,IRF7,pDC,pDC,1
proximal,zscale_mean,ITM2C,pDC,pDC,1
proximal,zscale_mean,CD68,DC|Mono_CD14|Mono_CD16,pDC,0
proximal,zscale_mean,CSF1R,Mono_CD14|Mono_CD16,pDC,0
proximal,zscale_mean,ITGAX,DC|Mono_CD14|Mono_CD16,DC,1
proximal,lognorm_mean,CD3G,T_CD4|T_CD8,T_CD8,1
proximal,lognorm_mean,CD2,T_CD4|T_CD8,T_CD4,1
proximal,lognorm_mean,CD5,T_CD4|T_CD8,T_CD4,1
proximal,lognorm_mean,CD6,T_CD4|T_CD8,T_CD4,1
proximal,lognorm_mean,LCK,T_CD4|T_CD8,T_CD8,1
proximal,lognorm_mean,ITK,T_CD4|T_CD8,T_CD4,1
proximal,lognorm_mean,SKAP1,T_CD4|T_CD8,NK,0
proximal,lognorm_mean,CD247,T_CD4|T_CD8,NK,0
proximal,lognorm_mean,LEF1,T_CD4|T_CD8,T_CD4,1
proximal,lognorm_mean,TCF7,T_CD4|T_CD8,T_CD8,1
proximal,lognorm_mean,CD28,T_CD4|T_CD8,T_CD4,1
proximal,lognorm_mean,TRAT1,T_CD4|T_CD8,T_CD4,1
proximal,lognorm_mean,BCL11B,T_CD4|T_CD8,T_CD8,1
proximal,lognorm_mean,KLRF1,NK,NK,1
proximal,lognorm_mean,NCR1,NK,NK,1
proximal,lognorm_mean,KLRC1,NK,NK,1
proximal,lognorm_mean,SH2D1B,NK,NK,1
proximal,lognorm_mean,NCR3,NK,NK,1
proximal,lognorm_mean,VCAN,Mono_CD14,Mono_CD14,1
proximal,lognorm_mean,S100A12,Mono_CD14,Mono_CD14,1
proximal,lognorm_mean,CSF3R,Mono_CD14,pDC,0
proximal,lognorm_mean,CD36,Mono_CD14,Mono_CD16,0
proximal,lognorm_mean,CCR2,Mono_CD14,pDC,0
proximal,lognorm_mean,CDKN1C,Mono_CD16,Mono_CD16,1
proximal,lognorm_mean,TCF7L2,Mono_CD16,Mono_CD16,1
proximal,lognorm_mean,CX3CR1,Mono_CD16,pDC,0
proximal,lognorm_mean,LYPD2,Mono_CD16,Mono_CD16,1
proximal,lognorm_mean,HES4,Mono_CD16,Mono_CD16,1
proximal,lognorm_mean,PAX5,B,B,1
proximal,lognorm_mean,EBF1,B,B,1
proximal,lognorm_mean,BANK1,B,B,1
proximal,lognorm_mean,CD22,B,B,1
proximal,lognorm_mean,FCRL1,B,B,1
proximal,lognorm_mean,TNFRSF13C,B,B,1
proximal,lognorm_mean,BLK,B,B,1
proximal,lognorm_mean,VPREB3,B,B,1
proximal,lognorm_mean,CD1E,DC,DC,1
proximal,lognorm_mean,PKIB,DC,DC,1
proximal,lognorm_mean,ENHO,DC,T_CD8,0
proximal,lognorm_mean,CLEC9A,DC,Mono_CD14,0
proximal,lognorm_mean,FLT3,DC|pDC,pDC,1
proximal,lognorm_mean,PLD4,pDC,pDC,1
proximal,lognorm_mean,SERPINF1,pDC,pDC,1
proximal,lognorm_mean,PTPRS,pDC,pDC,1
proximal,lognorm_mean,DERL3,pDC,B,0
proximal,lognorm_mean,TCF4,pDC,pDC,1
proximal,lognorm_mean,IRF7,pDC,pDC,1
proximal,lognorm_mean,ITM2C,pDC,pDC,1
proximal,lognorm_mean,CD68,DC|Mono_CD14|Mono_CD16,Mono_CD14,1
proximal,lognorm_mean,CSF1R,Mono_CD14|Mono_CD16,pDC,0
proximal,lognorm_mean,ITGAX,DC|Mono_CD14|Mono_CD16,Mono_CD16,1
proximal,pseudobulk_cpm,CD3G,T_CD4|T_CD8,T_CD8,1
proximal,pseudobulk_cpm,CD2,T_CD4|T_CD8,T_CD4,1
proximal,pseudobulk_cpm,CD5,T_CD4|T_CD8,T_CD4,1
proximal,pseudobulk_cpm,CD6,T_CD4|T_CD8,T_CD4,1
proximal,pseudobulk_cpm,LCK,T_CD4|T_CD8,T_CD8,1
proximal,pseudobulk_cpm,ITK,T_CD4|T_CD8,T_CD4,1
proximal,pseudobulk_cpm,SKAP1,T_CD4|T_CD8,NK,0
proximal,pseudobulk_cpm,CD247,T_CD4|T_CD8,NK,0
proximal,pseudobulk_cpm,LEF1,T_CD4|T_CD8,T_CD8,1
proximal,pseudobulk_cpm,TCF7,T_CD4|T_CD8,T_CD8,1
proximal,pseudobulk_cpm,CD28,T_CD4|T_CD8,T_CD4,1
proximal,pseudobulk_cpm,TRAT1,T_CD4|T_CD8,T_CD4,1
proximal,pseudobulk_cpm,BCL11B,T_CD4|T_CD8,T_CD8,1
proximal,pseudobulk_cpm,KLRF1,NK,NK,1
proximal,pseudobulk_cpm,NCR1,NK,NK,1
proximal,pseudobulk_cpm,KLRC1,NK,NK,1
proximal,pseudobulk_cpm,SH2D1B,NK,NK,1
proximal,pseudobulk_cpm,NCR3,NK,NK,1
proximal,pseudobulk_cpm,VCAN,Mono_CD14,Mono_CD14,1
proximal,pseudobulk_cpm,S100A12,Mono_CD14,Mono_CD14,1
proximal,pseudobulk_cpm,CSF3R,Mono_CD14,Mono_CD14,1
proximal,pseudobulk_cpm,CD36,Mono_CD14,Mono_CD16,0
proximal,pseudobulk_cpm,CCR2,Mono_CD14,pDC,0
proximal,pseudobulk_cpm,CDKN1C,Mono_CD16,Mono_CD16,1
proximal,pseudobulk_cpm,TCF7L2,Mono_CD16,Mono_CD16,1
proximal,pseudobulk_cpm,CX3CR1,Mono_CD16,pDC,0
proximal,pseudobulk_cpm,LYPD2,Mono_CD16,Mono_CD16,1
proximal,pseudobulk_cpm,HES4,Mono_CD16,Mono_CD16,1
proximal,pseudobulk_cpm,PAX5,B,B,1
proximal,pseudobulk_cpm,EBF1,B,B,1
proximal,pseudobulk_cpm,BANK1,B,B,1
proximal,pseudobulk_cpm,CD22,B,B,1
proximal,pseudobulk_cpm,FCRL1,B,B,1
proximal,pseudobulk_cpm,TNFRSF13C,B,B,1
proximal,pseudobulk_cpm,BLK,B,B,1
proximal,pseudobulk_cpm,VPREB3,B,B,1
proximal,pseudobulk_cpm,CD1E,DC,DC,1
proximal,pseudobulk_cpm,PKIB,DC,DC,1
proximal,pseudobulk_cpm,ENHO,DC,T_CD4,0
proximal,pseudobulk_cpm,CLEC9A,DC,Mono_CD14,0
proximal,pseudobulk_cpm,FLT3,DC|pDC,pDC,1
proximal,pseudobulk_cpm,PLD4,pDC,pDC,1
proximal,pseudobulk_cpm,SERPINF1,pDC,pDC,1
proximal,pseudobulk_cpm,PTPRS,pDC,pDC,1
proximal,pseudobulk_cpm,DERL3,pDC,B,0
proximal,pseudobulk_cpm,TCF4,pDC,pDC,1
proximal,pseudobulk_cpm,IRF7,pDC,Mono_CD16,0
proximal,pseudobulk_cpm,ITM2C,pDC,B,0
proximal,pseudobulk_cpm,CD68,DC|Mono_CD14|Mono_CD16,Mono_CD14,1
proximal,pseudobulk_cpm,CSF1R,Mono_CD14|Mono_CD16,Mono_CD16,1
proximal,pseudobulk_cpm,ITGAX,DC|Mono_CD14|Mono_CD16,Mono_CD16,1
proximal,depth_matched,CD3G,T_CD4|T_CD8,T_CD8,1
proximal,depth_matched,CD2,T_CD4|T_CD8,T_CD4,1
proximal,depth_matched,CD5,T_CD4|T_CD8,T_CD4,1
proximal,depth_matched,CD6,T_CD4|T_CD8,T_CD4,1
proximal,depth_matched,LCK,T_CD4|T_CD8,T_CD8,1
proximal,depth_matched,ITK,T_CD4|T_CD8,T_CD4,1
proximal,depth_matched,SKAP1,T_CD4|T_CD8,NK,0
proximal,depth_matched,CD247,T_CD4|T_CD8,NK,0
proximal,depth_matched,LEF1,T_CD4|T_CD8,T_CD8,1
proximal,depth_matched,TCF7,T_CD4|T_CD8,T_CD8,1
proximal,depth_matched,CD28,T_CD4|T_CD8,T_CD4,1
proximal,depth_matched,TRAT1,T_CD4|T_CD8,T_CD4,1
proximal,depth_matched,BCL11B,T_CD4|T_CD8,T_CD8,1
proximal,depth_matched,KLRF1,NK,NK,1
proximal,depth_matched,NCR1,NK,NK,1
proximal,depth_matched,KLRC1,NK,NK,1
proximal,depth_matched,SH2D1B,NK,NK,1
proximal,depth_matched,NCR3,NK,NK,1
proximal,depth_matched,VCAN,Mono_CD14,Mono_CD14,1
proximal,depth_matched,S100A12,Mono_CD14,Mono_CD14,1
proximal,depth_matched,CSF3R,Mono_CD14,Mono_CD14,1
proximal,depth_matched,CD36,Mono_CD14,Mono_CD16,0
proximal,depth_matched,CCR2,Mono_CD14,pDC,0
proximal,depth_matched,CDKN1C,Mono_CD16,Mono_CD16,1
proximal,depth_matched,TCF7L2,Mono_CD16,Mono_CD16,1
proximal,depth_matched,CX3CR1,Mono_CD16,NK,0
proximal,depth_matched,LYPD2,Mono_CD16,Mono_CD16,1
proximal,depth_matched,HES4,Mono_CD16,Mono_CD16,1
proximal,depth_matched,PAX5,B,B,1
proximal,depth_matched,EBF1,B,B,1
proximal,depth_matched,BANK1,B,B,1
proximal,depth_matched,CD22,B,B,1
proximal,depth_matched,FCRL1,B,B,1
proximal,depth_matched,TNFRSF13C,B,B,1
proximal,depth_matched,BLK,B,B,1
proximal,depth_matched,VPREB3,B,B,1
proximal,depth_matched,CD1E,DC,DC,1
proximal,depth_matched,PKIB,DC,DC,1
proximal,depth_matched,ENHO,DC,T_CD4,0
proximal,depth_matched,CLEC9A,DC,Mono_CD14,0
proximal,depth_matched,FLT3,DC|pDC,pDC,1
proximal,depth_matched,PLD4,pDC,pDC,1
proximal,depth_matched,SERPINF1,pDC,pDC,1
proximal,depth_matched,PTPRS,pDC,pDC,1
proximal,depth_matched,DERL3,pDC,B,0
proximal,depth_matched,TCF4,pDC,pDC,1
proximal,depth_matched,IRF7,pDC,Mono_CD14,0
proximal,depth_matched,ITM2C,pDC,B,0
proximal,depth_matched,CD68,DC|Mono_CD14|Mono_CD16,Mono_CD14,1
proximal,depth_matched,CSF1R,Mono_CD14|Mono_CD16,pDC,0
proximal,depth_matched,ITGAX,DC|Mono_CD14|Mono_CD16,Mono_CD16,1
proximal,cpm_mean,CD3G,T_CD4|T_CD8,T_CD4,1
proximal,cpm_mean,CD2,T_CD4|T_CD8,T_CD4,1
proximal,cpm_mean,CD5,T_CD4|T_CD8,T_CD4,1
proximal,cpm_mean,CD6,T_CD4|T_CD8,T_CD4,1
proximal,cpm_mean,LCK,T_CD4|T_CD8,T_CD8,1
proximal,cpm_mean,ITK,T_CD4|T_CD8,T_CD8,1
proximal,cpm_mean,SKAP1,T_CD4|T_CD8,NK,0
proximal,cpm_mean,CD247,T_CD4|T_CD8,NK,0
proximal,cpm_mean,LEF1,T_CD4|T_CD8,T_CD8,1
proximal,cpm_mean,TCF7,T_CD4|T_CD8,T_CD8,1
proximal,cpm_mean,CD28,T_CD4|T_CD8,T_CD4,1
proximal,cpm_mean,TRAT1,T_CD4|T_CD8,T_CD4,1
proximal,cpm_mean,BCL11B,T_CD4|T_CD8,T_CD8,1
proximal,cpm_mean,KLRF1,NK,NK,1
proximal,cpm_mean,NCR1,NK,NK,1
proximal,cpm_mean,KLRC1,NK,NK,1
proximal,cpm_mean,SH2D1B,NK,NK,1
proximal,cpm_mean,NCR3,NK,NK,1
proximal,cpm_mean,VCAN,Mono_CD14,Mono_CD14,1
proximal,cpm_mean,S100A12,Mono_CD14,Mono_CD14,1
proximal,cpm_mean,CSF3R,Mono_CD14,pDC,0
proximal,cpm_mean,CD36,Mono_CD14,Mono_CD16,0
proximal,cpm_mean,CCR2,Mono_CD14,NK,0
proximal,cpm_mean,CDKN1C,Mono_CD16,Mono_CD16,1
proximal,cpm_mean,TCF7L2,Mono_CD16,Mono_CD16,1
proximal,cpm_mean,CX3CR1,Mono_CD16,NK,0
proximal,cpm_mean,LYPD2,Mono_CD16,Mono_CD16,1
proximal,cpm_mean,HES4,Mono_CD16,Mono_CD16,1
proximal,cpm_mean,PAX5,B,B,1
proximal,cpm_mean,EBF1,B,B,1
proximal,cpm_mean,BANK1,B,B,1
proximal,cpm_mean,CD22,B,B,1
proximal,cpm_mean,FCRL1,B,B,1
proximal,cpm_mean,TNFRSF13C,B,B,1
proximal,cpm_mean,BLK,B,B,1
proximal,cpm_mean,VPREB3,B,B,1
proximal,cpm_mean,CD1E,DC,DC,1
proximal,cpm_mean,PKIB,DC,DC,1
proximal,cpm_mean,ENHO,DC,T_CD4,0
proximal,cpm_mean,CLEC9A,DC,DC,1
proximal,cpm_mean,FLT3,DC|pDC,pDC,1
proximal,cpm_mean,PLD4,pDC,pDC,1
proximal,cpm_mean,SERPINF1,pDC,pDC,1
proximal,cpm_mean,PTPRS,pDC,pDC,1
proximal,cpm_mean,DERL3,pDC,B,0
proximal,cpm_mean,TCF4,pDC,pDC,1
proximal,cpm_mean,IRF7,pDC,Mono_CD14,0
proximal,cpm_mean,ITM2C,pDC,B,0
proximal,cpm_mean,CD68,DC|Mono_CD14|Mono_CD16,Mono_CD14,1
proximal,cpm_mean,CSF1R,Mono_CD14|Mono_CD16,Mono_CD16,1
proximal,cpm_mean,ITGAX,DC|Mono_CD14|Mono_CD16,Mono_CD16,1
proximal,archr_style,CD3G,T_CD4|T_CD8,T_CD8,1
proximal,archr_style,CD2,T_CD4|T_CD8,T_CD4,1
proximal,archr_style,CD5,T_CD4|T_CD8,T_CD4,1
proximal,archr_style,CD6,T_CD4|T_CD8,T_CD4,1
proximal,archr_style,LCK,T_CD4|T_CD8,T_CD8,1
proximal,archr_style,ITK,T_CD4|T_CD8,T_CD4,1
proximal,archr_style,SKAP1,T_CD4|T_CD8,NK,0
proximal,archr_style,CD247,T_CD4|T_CD8,NK,0
proximal,archr_style,LEF1,T_CD4|T_CD8,T_CD4,1
proximal,archr_style,TCF7,T_CD4|T_CD8,T_CD8,1
proximal,archr_style,CD28,T_CD4|T_CD8,T_CD4,1
proximal,archr_style,TRAT1,T_CD4|T_CD8,T_CD4,1
proximal,archr_style,BCL11B,T_CD4|T_CD8,T_CD8,1
proximal,archr_style,KLRF1,NK,NK,1
proximal,archr_style,NCR1,NK,NK,1
proximal,archr_style,KLRC1,NK,NK,1
proximal,archr_style,SH2D1B,NK,NK,1
proximal,archr_style,NCR3,NK,NK,1
proximal,archr_style,VCAN,Mono_CD14,Mono_CD14,1
proximal,archr_style,S100A12,Mono_CD14,Mono_CD14,1
proximal,archr_style,CSF3R,Mono_CD14,pDC,0
proximal,archr_style,CD36,Mono_CD14,Mono_CD16,0
proximal,archr_style,CCR2,Mono_CD14,pDC,0
proximal,archr_style,CDKN1C,Mono_CD16,Mono_CD16,1
proximal,archr_style,TCF7L2,Mono_CD16,Mono_CD16,1
proximal,archr_style,CX3CR1,Mono_CD16,pDC,0
proximal,archr_style,LYPD2,Mono_CD16,Mono_CD16,1
proximal,archr_style,HES4,Mono_CD16,Mono_CD16,1
proximal,archr_style,PAX5,B,B,1
proximal,archr_style,EBF1,B,B,1
proximal,archr_style,BANK1,B,B,1
proximal,archr_style,CD22,B,B,1
proximal,archr_style,FCRL1,B,B,1
proximal,archr_style,TNFRSF13C,B,B,1
proximal,archr_style,BLK,B,B,1
proximal,archr_style,VPREB3,B,B,1
proximal,archr_style,CD1E,DC,DC,1
proximal,archr_style,PKIB,DC,DC,1
proximal,archr_style,ENHO,DC,T_CD8,0
proximal,archr_style,CLEC9A,DC,Mono_CD14,0
proximal,archr_style,FLT3,DC|pDC,pDC,1
proximal,archr_style,PLD4,pDC,pDC,1
proximal,archr_style,SERPINF1,pDC,pDC,1
proximal,archr_style,PTPRS,pDC,pDC,1
proximal,archr_style,DERL3,pDC,B,0
proximal,archr_style,TCF4,pDC,pDC,1
proximal,archr_style,IRF7,pDC,pDC,1
proximal,archr_style,ITM2C,pDC,pDC,1
proximal,archr_style,CD68,DC|Mono_CD14|Mono_CD16,Mono_CD14,1
proximal,archr_style,CSF1R,Mono_CD14|Mono_CD16,pDC,0
proximal,archr_style,ITGAX,DC|Mono_CD14|Mono_CD16,Mono_CD16,1
enhancer,raw_mean,CD3G,T_CD4|T_CD8,T_CD8,1
enhancer,raw_mean,CD2,T_CD4|T_CD8,T_CD4,1
enhancer,raw_mean,CD5,T_CD4|T_CD8,T_CD4,1
enhancer,raw_mean,CD6,T_CD4|T_CD8,T_CD4,1
enhancer,raw_mean,LCK,T_CD4|T_CD8,T_CD8,1
enhancer,raw_mean,ITK,T_CD4|T_CD8,T_CD4,1
enhancer,raw_mean,SKAP1,T_CD4|T_CD8,NK,0
enhancer,raw_mean,CD247,T_CD4|T_CD8,NK,0
enhancer,raw_mean,LEF1,T_CD4|T_CD8,T_CD8,1
enhancer,raw_mean,TCF7,T_CD4|T_CD8,T_CD8,1
enhancer,raw_mean,CD28,T_CD4|T_CD8,T_CD4,1
enhancer,raw_mean,TRAT1,T_CD4|T_CD8,T_CD4,1
enhancer,raw_mean,BCL11B,T_CD4|T_CD8,T_CD8,1
enhancer,raw_mean,KLRF1,NK,NK,1
enhancer,raw_mean,NCR1,NK,NK,1
enhancer,raw_mean,KLRC1,NK,NK,1
enhancer,raw_mean,SH2D1B,NK,NK,1
enhancer,raw_mean,NCR3,NK,pDC,0
enhancer,raw_mean,VCAN,Mono_CD14,Mono_CD14,1
enhancer,raw_mean,S100A12,Mono_CD14,Mono_CD14,1
enhancer,raw_mean,CSF3R,Mono_CD14,pDC,0
enhancer,raw_mean,CD36,Mono_CD14,pDC,0
enhancer,raw_mean,CCR2,Mono_CD14,pDC,0
enhancer,raw_mean,CDKN1C,Mono_CD16,Mono_CD16,1
enhancer,raw_mean,TCF7L2,Mono_CD16,Mono_CD16,1
enhancer,raw_mean,CX3CR1,Mono_CD16,pDC,0
enhancer,raw_mean,LYPD2,Mono_CD16,DC,0
enhancer,raw_mean,HES4,Mono_CD16,Mono_CD16,1
enhancer,raw_mean,PAX5,B,B,1
enhancer,raw_mean,EBF1,B,B,1
enhancer,raw_mean,BANK1,B,B,1
enhancer,raw_mean,CD22,B,B,1
enhancer,raw_mean,FCRL1,B,B,1
enhancer,raw_mean,TNFRSF13C,B,B,1
enhancer,raw_mean,BLK,B,pDC,0
enhancer,raw_mean,VPREB3,B,B,1
enhancer,raw_mean,CD1E,DC,DC,1
enhancer,raw_mean,PKIB,DC,DC,1
enhancer,raw_mean,ENHO,DC,DC,1
enhancer,raw_mean,CLEC9A,DC,DC,1
enhancer,raw_mean,FLT3,DC|pDC,pDC,1
enhancer,raw_mean,PLD4,pDC,pDC,1
enhancer,raw_mean,SERPINF1,pDC,pDC,1
enhancer,raw_mean,PTPRS,pDC,pDC,1
enhancer,raw_mean,DERL3,pDC,pDC,1
enhancer,raw_mean,TCF4,pDC,pDC,1
enhancer,raw_mean,IRF7,pDC,pDC,1
enhancer,raw_mean,ITM2C,pDC,pDC,1
enhancer,raw_mean,CD68,DC|Mono_CD14|Mono_CD16,pDC,0
enhancer,raw_mean,CSF1R,Mono_CD14|Mono_CD16,DC,0
enhancer,raw_mean,ITGAX,DC|Mono_CD14|Mono_CD16,DC,1
enhancer,zscale_mean,CD3G,T_CD4|T_CD8,T_CD8,1
enhancer,zscale_mean,CD2,T_CD4|T_CD8,T_CD4,1
enhancer,zscale_mean,CD5,T_CD4|T_CD8,T_CD4,1
enhancer,zscale_mean,CD6,T_CD4|T_CD8,T_CD4,1
enhancer,zscale_mean,LCK,T_CD4|T_CD8,T_CD8,1
enhancer,zscale_mean,ITK,T_CD4|T_CD8,T_CD4,1
enhancer,zscale_mean,SKAP1,T_CD4|T_CD8,NK,0
enhancer,zscale_mean,CD247,T_CD4|T_CD8,NK,0
enhancer,zscale_mean,LEF1,T_CD4|T_CD8,T_CD8,1
enhancer,zscale_mean,TCF7,T_CD4|T_CD8,T_CD8,1
enhancer,zscale_mean,CD28,T_CD4|T_CD8,T_CD4,1
enhancer,zscale_mean,TRAT1,T_CD4|T_CD8,T_CD4,1
enhancer,zscale_mean,BCL11B,T_CD4|T_CD8,T_CD8,1
enhancer,zscale_mean,KLRF1,NK,NK,1
enhancer,zscale_mean,NCR1,NK,NK,1
enhancer,zscale_mean,KLRC1,NK,NK,1
enhancer,zscale_mean,SH2D1B,NK,NK,1
enhancer,zscale_mean,NCR3,NK,pDC,0
enhancer,zscale_mean,VCAN,Mono_CD14,Mono_CD14,1
enhancer,zscale_mean,S100A12,Mono_CD14,Mono_CD14,1
enhancer,zscale_mean,CSF3R,Mono_CD14,pDC,0
enhancer,zscale_mean,CD36,Mono_CD14,pDC,0
enhancer,zscale_mean,CCR2,Mono_CD14,pDC,0
enhancer,zscale_mean,CDKN1C,Mono_CD16,Mono_CD16,1
enhancer,zscale_mean,TCF7L2,Mono_CD16,Mono_CD16,1
enhancer,zscale_mean,CX3CR1,Mono_CD16,pDC,0
enhancer,zscale_mean,LYPD2,Mono_CD16,DC,0
enhancer,zscale_mean,HES4,Mono_CD16,Mono_CD16,1
enhancer,zscale_mean,PAX5,B,B,1
enhancer,zscale_mean,EBF1,B,B,1
enhancer,zscale_mean,BANK1,B,B,1
enhancer,zscale_mean,CD22,B,B,1
enhancer,zscale_mean,FCRL1,B,B,1
enhancer,zscale_mean,TNFRSF13C,B,B,1
enhancer,zscale_mean,BLK,B,pDC,0
enhancer,zscale_mean,VPREB3,B,B,1
enhancer,zscale_mean,CD1E,DC,DC,1
enhancer,zscale_mean,PKIB,DC,DC,1
enhancer,zscale_mean,ENHO,DC,DC,1
enhancer,zscale_mean,CLEC9A,DC,DC,1
enhancer,zscale_mean,FLT3,DC|pDC,pDC,1
enhancer,zscale_mean,PLD4,pDC,pDC,1
enhancer,zscale_mean,SERPINF1,pDC,pDC,1
enhancer,zscale_mean,PTPRS,pDC,pDC,1
enhancer,zscale_mean,DERL3,pDC,pDC,1
enhancer,zscale_mean,TCF4,pDC,pDC,1
enhancer,zscale_mean,IRF7,pDC,pDC,1
enhancer,zscale_mean,ITM2C,pDC,pDC,1
enhancer,zscale_mean,CD68,DC|Mono_CD14|Mono_CD16,pDC,0
enhancer,zscale_mean,CSF1R,Mono_CD14|Mono_CD16,DC,0
enhancer,zscale_mean,ITGAX,DC|Mono_CD14|Mono_CD16,DC,1
enhancer,lognorm_mean,CD3G,T_CD4|T_CD8,T_CD8,1
enhancer,lognorm_mean,CD2,T_CD4|T_CD8,T_CD4,1
enhancer,lognorm_mean,CD5,T_CD4|T_CD8,T_CD4,1
enhancer,lognorm_mean,CD6,T_CD4|T_CD8,T_CD4,1
enhancer,lognorm_mean,LCK,T_CD4|T_CD8,T_CD8,1
enhancer,lognorm_mean,ITK,T_CD4|T_CD8,T_CD4,1
enhancer,lognorm_mean,SKAP1,T_CD4|T_CD8,NK,0
enhancer,lognorm_mean,CD247,T_CD4|T_CD8,NK,0
enhancer,lognorm_mean,LEF1,T_CD4|T_CD8,T_CD4,1
enhancer,lognorm_mean,TCF7,T_CD4|T_CD8,T_CD8,1
enhancer,lognorm_mean,CD28,T_CD4|T_CD8,T_CD4,1
enhancer,lognorm_mean,TRAT1,T_CD4|T_CD8,T_CD4,1
enhancer,lognorm_mean,BCL11B,T_CD4|T_CD8,T_CD8,1
enhancer,lognorm_mean,KLRF1,NK,NK,1
enhancer,lognorm_mean,NCR1,NK,NK,1
enhancer,lognorm_mean,KLRC1,NK,NK,1
enhancer,lognorm_mean,SH2D1B,NK,NK,1
enhancer,lognorm_mean,NCR3,NK,B,0
enhancer,lognorm_mean,VCAN,Mono_CD14,Mono_CD14,1
enhancer,lognorm_mean,S100A12,Mono_CD14,Mono_CD14,1
enhancer,lognorm_mean,CSF3R,Mono_CD14,Mono_CD14,1
enhancer,lognorm_mean,CD36,Mono_CD14,Mono_CD16,0
enhancer,lognorm_mean,CCR2,Mono_CD14,pDC,0
enhancer,lognorm_mean,CDKN1C,Mono_CD16,Mono_CD16,1
enhancer,lognorm_mean,TCF7L2,Mono_CD16,Mono_CD16,1
enhancer,lognorm_mean,CX3CR1,Mono_CD16,pDC,0
enhancer,lognorm_mean,LYPD2,Mono_CD16,Mono_CD16,1
enhancer,lognorm_mean,HES4,Mono_CD16,Mono_CD16,1
enhancer,lognorm_mean,PAX5,B,B,1
enhancer,lognorm_mean,EBF1,B,B,1
enhancer,lognorm_mean,BANK1,B,B,1
enhancer,lognorm_mean,CD22,B,B,1
enhancer,lognorm_mean,FCRL1,B,B,1
enhancer,lognorm_mean,TNFRSF13C,B,B,1
enhancer,lognorm_mean,BLK,B,B,1
enhancer,lognorm_mean,VPREB3,B,B,1
enhancer,lognorm_mean,CD1E,DC,DC,1
enhancer,lognorm_mean,PKIB,DC,DC,1
enhancer,lognorm_mean,ENHO,DC,T_CD8,0
enhancer,lognorm_mean,CLEC9A,DC,Mono_CD14,0
enhancer,lognorm_mean,FLT3,DC|pDC,pDC,1
enhancer,lognorm_mean,PLD4,pDC,pDC,1
enhancer,lognorm_mean,SERPINF1,pDC,pDC,1
enhancer,lognorm_mean,PTPRS,pDC,pDC,1
enhancer,lognorm_mean,DERL3,pDC,B,0
enhancer,lognorm_mean,TCF4,pDC,pDC,1
enhancer,lognorm_mean,IRF7,pDC,pDC,1
enhancer,lognorm_mean,ITM2C,pDC,pDC,1
enhancer,lognorm_mean,CD68,DC|Mono_CD14|Mono_CD16,pDC,0
enhancer,lognorm_mean,CSF1R,Mono_CD14|Mono_CD16,Mono_CD16,1
enhancer,lognorm_mean,ITGAX,DC|Mono_CD14|Mono_CD16,Mono_CD16,1
enhancer,pseudobulk_cpm,CD3G,T_CD4|T_CD8,T_CD8,1
enhancer,pseudobulk_cpm,CD2,T_CD4|T_CD8,T_CD4,1
enhancer,pseudobulk_cpm,CD5,T_CD4|T_CD8,T_CD4,1
enhancer,pseudobulk_cpm,CD6,T_CD4|T_CD8,T_CD4,1
enhancer,pseudobulk_cpm,LCK,T_CD4|T_CD8,T_CD8,1
enhancer,pseudobulk_cpm,ITK,T_CD4|T_CD8,T_CD4,1
enhancer,pseudobulk_cpm,SKAP1,T_CD4|T_CD8,NK,0
enhancer,pseudobulk_cpm,CD247,T_CD4|T_CD8,NK,0
enhancer,pseudobulk_cpm,LEF1,T_CD4|T_CD8,T_CD8,1
enhancer,pseudobulk_cpm,TCF7,T_CD4|T_CD8,T_CD8,1
enhancer,pseudobulk_cpm,CD28,T_CD4|T_CD8,T_CD4,1
enhancer,pseudobulk_cpm,TRAT1,T_CD4|T_CD8,T_CD4,1
enhancer,pseudobulk_cpm,BCL11B,T_CD4|T_CD8,T_CD8,1
enhancer,pseudobulk_cpm,KLRF1,NK,NK,1
enhancer,pseudobulk_cpm,NCR1,NK,NK,1
enhancer,pseudobulk_cpm,KLRC1,NK,NK,1
enhancer,pseudobulk_cpm,SH2D1B,NK,NK,1
enhancer,pseudobulk_cpm,NCR3,NK,B,0
enhancer,pseudobulk_cpm,VCAN,Mono_CD14,Mono_CD14,1
enhancer,pseudobulk_cpm,S100A12,Mono_CD14,Mono_CD14,1
enhancer,pseudobulk_cpm,CSF3R,Mono_CD14,Mono_CD14,1
enhancer,pseudobulk_cpm,CD36,Mono_CD14,Mono_CD16,0
enhancer,pseudobulk_cpm,CCR2,Mono_CD14,pDC,0
enhancer,pseudobulk_cpm,CDKN1C,Mono_CD16,Mono_CD16,1
enhancer,pseudobulk_cpm,TCF7L2,Mono_CD16,Mono_CD16,1
enhancer,pseudobulk_cpm,CX3CR1,Mono_CD16,NK,0
enhancer,pseudobulk_cpm,LYPD2,Mono_CD16,Mono_CD16,1
enhancer,pseudobulk_cpm,HES4,Mono_CD16,Mono_CD16,1
enhancer,pseudobulk_cpm,PAX5,B,B,1
enhancer,pseudobulk_cpm,EBF1,B,B,1
enhancer,pseudobulk_cpm,BANK1,B,B,1
enhancer,pseudobulk_cpm,CD22,B,B,1
enhancer,pseudobulk_cpm,FCRL1,B,B,1
enhancer,pseudobulk_cpm,TNFRSF13C,B,B,1
enhancer,pseudobulk_cpm,BLK,B,B,1
enhancer,pseudobulk_cpm,VPREB3,B,B,1
enhancer,pseudobulk_cpm,CD1E,DC,DC,1
enhancer,pseudobulk_cpm,PKIB,DC,DC,1
enhancer,pseudobulk_cpm,ENHO,DC,T_CD4,0
enhancer,pseudobulk_cpm,CLEC9A,DC,Mono_CD14,0
enhancer,pseudobulk_cpm,FLT3,DC|pDC,pDC,1
enhancer,pseudobulk_cpm,PLD4,pDC,pDC,1
enhancer,pseudobulk_cpm,SERPINF1,pDC,pDC,1
enhancer,pseudobulk_cpm,PTPRS,pDC,pDC,1
enhancer,pseudobulk_cpm,DERL3,pDC,B,0
enhancer,pseudobulk_cpm,TCF4,pDC,pDC,1
enhancer,pseudobulk_cpm,IRF7,pDC,pDC,1
enhancer,pseudobulk_cpm,ITM2C,pDC,B,0
enhancer,pseudobulk_cpm,CD68,DC|Mono_CD14|Mono_CD16,pDC,0
enhancer,pseudobulk_cpm,CSF1R,Mono_CD14|Mono_CD16,Mono_CD16,1
enhancer,pseudobulk_cpm,ITGAX,DC|Mono_CD14|Mono_CD16,Mono_CD16,1
enhancer,depth_matched,CD3G,T_CD4|T_CD8,T_CD8,1
enhancer,depth_matched,CD2,T_CD4|T_CD8,T_CD4,1
enhancer,depth_matched,CD5,T_CD4|T_CD8,T_CD4,1
enhancer,depth_matched,CD6,T_CD4|T_CD8,T_CD4,1
enhancer,depth_matched,LCK,T_CD4|T_CD8,T_CD8,1
enhancer,depth_matched,ITK,T_CD4|T_CD8,T_CD4,1
enhancer,depth_matched,SKAP1,T_CD4|T_CD8,NK,0
enhancer,depth_matched,CD247,T_CD4|T_CD8,NK,0
enhancer,depth_matched,LEF1,T_CD4|T_CD8,T_CD8,1
enhancer,depth_matched,TCF7,T_CD4|T_CD8,T_CD8,1
enhancer,depth_matched,CD28,T_CD4|T_CD8,T_CD4,1
enhancer,depth_matched,TRAT1,T_CD4|T_CD8,T_CD4,1
enhancer,depth_matched,BCL11B,T_CD4|T_CD8,T_CD8,1
enhancer,depth_matched,KLRF1,NK,NK,1
enhancer,depth_matched,NCR1,NK,NK,1
enhancer,depth_matched,KLRC1,NK,NK,1
enhancer,depth_matched,SH2D1B,NK,NK,1
enhancer,depth_matched,NCR3,NK,B,0
enhancer,depth_matched,VCAN,Mono_CD14,Mono_CD14,1
enhancer,depth_matched,S100A12,Mono_CD14,Mono_CD14,1
enhancer,depth_matched,CSF3R,Mono_CD14,pDC,0
enhancer,depth_matched,CD36,Mono_CD14,Mono_CD16,0
enhancer,depth_matched,CCR2,Mono_CD14,pDC,0
enhancer,depth_matched,CDKN1C,Mono_CD16,Mono_CD16,1
enhancer,depth_matched,TCF7L2,Mono_CD16,Mono_CD16,1
enhancer,depth_matched,CX3CR1,Mono_CD16,pDC,0
enhancer,depth_matched,LYPD2,Mono_CD16,Mono_CD16,1
enhancer,depth_matched,HES4,Mono_CD16,Mono_CD16,1
enhancer,depth_matched,PAX5,B,B,1
enhancer,depth_matched,EBF1,B,B,1
enhancer,depth_matched,BANK1,B,B,1
enhancer,depth_matched,CD22,B,B,1
enhancer,depth_matched,FCRL1,B,B,1
enhancer,depth_matched,TNFRSF13C,B,B,1
enhancer,depth_matched,BLK,B,B,1
enhancer,depth_matched,VPREB3,B,B,1
enhancer,depth_matched,CD1E,DC,DC,1
enhancer,depth_matched,PKIB,DC,DC,1
enhancer,depth_matched,ENHO,DC,T_CD4,0
enhancer,depth_matched,CLEC9A,DC,Mono_CD14,0
enhancer,depth_matched,FLT3,DC|pDC,pDC,1
enhancer,depth_matched,PLD4,pDC,pDC,1
enhancer,depth_matched,SERPINF1,pDC,pDC,1
enhancer,depth_matched,PTPRS,pDC,pDC,1
enhancer,depth_matched,DERL3,pDC,B,0
enhancer,depth_matched,TCF4,pDC,pDC,1
enhancer,depth_matched,IRF7,pDC,pDC,1
enhancer,depth_matched,ITM2C,pDC,pDC,1
enhancer,depth_matched,CD68,DC|Mono_CD14|Mono_CD16,pDC,0
enhancer,depth_matched,CSF1R,Mono_CD14|Mono_CD16,Mono_CD16,1
enhancer,depth_matched,ITGAX,DC|Mono_CD14|Mono_CD16,Mono_CD16,1
enhancer,cpm_mean,CD3G,T_CD4|T_CD8,T_CD8,1
enhancer,cpm_mean,CD2,T_CD4|T_CD8,T_CD4,1
enhancer,cpm_mean,CD5,T_CD4|T_CD8,T_CD4,1
enhancer,cpm_mean,CD6,T_CD4|T_CD8,T_CD4,1
enhancer,cpm_mean,LCK,T_CD4|T_CD8,T_CD8,1
enhancer,cpm_mean,ITK,T_CD4|T_CD8,T_CD4,1
enhancer,cpm_mean,SKAP1,T_CD4|T_CD8,NK,0
enhancer,cpm_mean,CD247,T_CD4|T_CD8,NK,0
enhancer,cpm_mean,LEF1,T_CD4|T_CD8,T_CD8,1
enhancer,cpm_mean,TCF7,T_CD4|T_CD8,T_CD8,1
enhancer,cpm_mean,CD28,T_CD4|T_CD8,T_CD4,1
enhancer,cpm_mean,TRAT1,T_CD4|T_CD8,T_CD4,1
enhancer,cpm_mean,BCL11B,T_CD4|T_CD8,T_CD8,1
enhancer,cpm_mean,KLRF1,NK,NK,1
enhancer,cpm_mean,NCR1,NK,NK,1
enhancer,cpm_mean,KLRC1,NK,NK,1
enhancer,cpm_mean,SH2D1B,NK,NK,1
enhancer,cpm_mean,NCR3,NK,B,0
enhancer,cpm_mean,VCAN,Mono_CD14,Mono_CD14,1
enhancer,cpm_mean,S100A12,Mono_CD14,Mono_CD14,1
enhancer,cpm_mean,CSF3R,Mono_CD14,Mono_CD14,1
enhancer,cpm_mean,CD36,Mono_CD14,Mono_CD16,0
enhancer,cpm_mean,CCR2,Mono_CD14,NK,0
enhancer,cpm_mean,CDKN1C,Mono_CD16,Mono_CD16,1
enhancer,cpm_mean,TCF7L2,Mono_CD16,Mono_CD16,1
enhancer,cpm_mean,CX3CR1,Mono_CD16,NK,0
enhancer,cpm_mean,LYPD2,Mono_CD16,Mono_CD16,1
enhancer,cpm_mean,HES4,Mono_CD16,Mono_CD16,1
enhancer,cpm_mean,PAX5,B,B,1
enhancer,cpm_mean,EBF1,B,B,1
enhancer,cpm_mean,BANK1,B,B,1
enhancer,cpm_mean,CD22,B,B,1
enhancer,cpm_mean,FCRL1,B,B,1
enhancer,cpm_mean,TNFRSF13C,B,B,1
enhancer,cpm_mean,BLK,B,B,1
enhancer,cpm_mean,VPREB3,B,B,1
enhancer,cpm_mean,CD1E,DC,DC,1
enhancer,cpm_mean,PKIB,DC,DC,1
enhancer,cpm_mean,ENHO,DC,T_CD4,0
enhancer,cpm_mean,CLEC9A,DC,Mono_CD14,0
enhancer,cpm_mean,FLT3,DC|pDC,pDC,1
enhancer,cpm_mean,PLD4,pDC,pDC,1
enhancer,cpm_mean,SERPINF1,pDC,pDC,1
enhancer,cpm_mean,PTPRS,pDC,pDC,1
enhancer,cpm_mean,DERL3,pDC,B,0
enhancer,cpm_mean,TCF4,pDC,pDC,1
enhancer,cpm_mean,IRF7,pDC,pDC,1
enhancer,cpm_mean,ITM2C,pDC,B,0
enhancer,cpm_mean,CD68,DC|Mono_CD14|Mono_CD16,DC,1
enhancer,cpm_mean,CSF1R,Mono_CD14|Mono_CD16,Mono_CD16,1
enhancer,cpm_mean,ITGAX,DC|Mono_CD14|Mono_CD16,Mono_CD16,1
enhancer,archr_style,CD3G,T_CD4|T_CD8,T_CD8,1
enhancer,archr_style,CD2,T_CD4|T_CD8,T_CD4,1
enhancer,archr_style,CD5,T_CD4|T_CD8,T_CD4,1
enhancer,archr_style,CD6,T_CD4|T_CD8,T_CD4,1
enhancer,archr_style,LCK,T_CD4|T_CD8,T_CD8,1
enhancer,archr_style,ITK,T_CD4|T_CD8,T_CD4,1
enhancer,archr_style,SKAP1,T_CD4|T_CD8,NK,0
enhancer,archr_style,CD247,T_CD4|T_CD8,NK,0
enhancer,archr_style,LEF1,T_CD4|T_CD8,T_CD4,1
enhancer,archr_style,TCF7,T_CD4|T_CD8,T_CD8,1
enhancer,archr_style,CD28,T_CD4|T_CD8,T_CD4,1
enhancer,archr_style,TRAT1,T_CD4|T_CD8,T_CD4,1
enhancer,archr_style,BCL11B,T_CD4|T_CD8,T_CD8,1
enhancer,archr_style,KLRF1,NK,NK,1
enhancer,archr_style,NCR1,NK,NK,1
enhancer,archr_style,KLRC1,NK,NK,1
enhancer,archr_style,SH2D1B,NK,NK,1
enhancer,archr_style,NCR3,NK,B,0
enhancer,archr_style,VCAN,Mono_CD14,Mono_CD14,1
enhancer,archr_style,S100A12,Mono_CD14,Mono_CD14,1
enhancer,archr_style,CSF3R,Mono_CD14,Mono_CD14,1
enhancer,archr_style,CD36,Mono_CD14,Mono_CD16,0
enhancer,archr_style,CCR2,Mono_CD14,pDC,0
enhancer,archr_style,CDKN1C,Mono_CD16,Mono_CD16,1
enhancer,archr_style,TCF7L2,Mono_CD16,Mono_CD16,1
enhancer,archr_style,CX3CR1,Mono_CD16,pDC,0
enhancer,archr_style,LYPD2,Mono_CD16,Mono_CD16,1
enhancer,archr_style,HES4,Mono_CD16,Mono_CD16,1
enhancer,archr_style,PAX5,B,B,1
enhancer,archr_style,EBF1,B,B,1
enhancer,archr_style,BANK1,B,B,1
enhancer,archr_style,CD22,B,B,1
enhancer,archr_style,FCRL1,B,B,1
enhancer,archr_style,TNFRSF13C,B,B,1
enhancer,archr_style,BLK,B,B,1
enhancer,archr_style,VPREB3,B,B,1
enhancer,archr_style,CD1E,DC,DC,1
enhancer,archr_style,PKIB,DC,DC,1
enhancer,archr_style,ENHO,DC,T_CD8,0
enhancer,archr_style,CLEC9A,DC,Mono_CD14,0
enhancer,archr_style,FLT3,DC|pDC,pDC,1
enhancer,archr_style,PLD4,pDC,pDC,1
enhancer,archr_style,SERPINF1,pDC,pDC,1
enhancer,archr_style,PTPRS,pDC,pDC,1
enhancer,archr_style,DERL3,pDC,B,0
enhancer,archr_style,TCF4,pDC,pDC,1
enhancer,archr_style,IRF7,pDC,pDC,1
enhancer,archr_style,ITM2C,pDC,pDC,1
enhancer,archr_style,CD68,DC|Mono_CD14|Mono_CD16,pDC,0
enhancer,archr_style,CSF1R,Mono_CD14|Mono_CD16,Mono_CD16,1
enhancer,archr_style,ITGAX,DC|Mono_CD14|Mono_CD16,Mono_CD16,1
