model,method,corr,cell_type,n_test,recall,confusion
proximal,raw_mean,pearson,B,397,0.9974811083123426,B:396; DC:0; Mono_CD14:0; Mono_CD16:0; NK:0; T_CD4:0; T_CD8:0; pDC:1
proximal,raw_mean,pearson,DC,111,0.9099099099099099,B:0; DC:101; Mono_CD14:5; Mono_CD16:0; NK:0; T_CD4:1; T_CD8:4; pDC:0
proximal,raw_mean,pearson,Mono_CD14,1572,0.9179389312977099,B:8; DC:17; Mono_CD14:1443; Mono_CD16:44; NK:35; T_CD4:14; T_CD8:10; pDC:1
proximal,raw_mean,pearson,Mono_CD16,221,0.9457013574660633,B:1; DC:1; Mono_CD14:10; Mono_CD16:209; NK:0; T_CD4:0; T_CD8:0; pDC:0
proximal,raw_mean,pearson,NK,341,0.8768328445747801,B:0; DC:0; Mono_CD14:0; Mono_CD16:0; NK:299; T_CD4:12; T_CD8:30; pDC:0
proximal,raw_mean,pearson,T_CD4,1771,0.9525691699604744,B:1; DC:0; Mono_CD14:1; Mono_CD16:0; NK:12; T_CD4:1687; T_CD8:68; pDC:2
proximal,raw_mean,pearson,T_CD8,1137,0.6578715919085312,B:0; DC:0; Mono_CD14:1; Mono_CD16:0; NK:322; T_CD4:65; T_CD8:748; pDC:1
proximal,raw_mean,pearson,pDC,56,0.9464285714285714,B:0; DC:1; Mono_CD14:0; Mono_CD16:0; NK:0; T_CD4:2; T_CD8:0; pDC:53
proximal,raw_mean,spearman,B,397,0.9974811083123426,B:396; DC:0; Mono_CD14:1; Mono_CD16:0; NK:0; T_CD4:0; T_CD8:0; pDC:0
proximal,raw_mean,spearman,DC,111,0.9099099099099099,B:0; DC:101; Mono_CD14:1; Mono_CD16:7; NK:1; T_CD4:0; T_CD8:0; pDC:1
proximal,raw_mean,spearman,Mono_CD14,1572,0.18893129770992367,B:7; DC:11; Mono_CD14:297; Mono_CD16:1212; NK:25; T_CD4:10; T_CD8:10; pDC:0
proximal,raw_mean,spearman,Mono_CD16,221,0.995475113122172,B:0; DC:1; Mono_CD14:0; Mono_CD16:220; NK:0; T_CD4:0; T_CD8:0; pDC:0
proximal,raw_mean,spearman,NK,341,0.9266862170087976,B:0; DC:0; Mono_CD14:0; Mono_CD16:0; NK:316; T_CD4:5; T_CD8:20; pDC:0
proximal,raw_mean,spearman,T_CD4,1771,0.8876341050254094,B:0; DC:0; Mono_CD14:4; Mono_CD16:0; NK:61; T_CD4:1572; T_CD8:134; pDC:0
proximal,raw_mean,spearman,T_CD8,1137,0.6666666666666666,B:0; DC:0; Mono_CD14:2; Mono_CD16:0; NK:351; T_CD4:26; T_CD8:758; pDC:0
proximal,raw_mean,spearman,pDC,56,1.0,B:0; DC:0; Mono_CD14:0; Mono_CD16:0; NK:0; T_CD4:0; T_CD8:0; pDC:56
proximal,zscale_mean,pearson,B,397,0.8690176322418136,B:345; DC:49; Mono_CD14:0; Mono_CD16:0; NK:3; T_CD4:0; T_CD8:0; pDC:0
proximal,zscale_mean,pearson,DC,111,0.990990990990991,B:0; DC:110; Mono_CD14:0; Mono_CD16:0; NK:1; T_CD4:0; T_CD8:0; pDC:0
proximal,zscale_mean,pearson,Mono_CD14,1572,0.0,B:4; DC:1520; Mono_CD14:0; Mono_CD16:0; NK:48; T_CD4:0; T_CD8:0; pDC:0
proximal,zscale_mean,pearson,Mono_CD16,221,0.0,B:0; DC:221; Mono_CD14:0; Mono_CD16:0; NK:0; T_CD4:0; T_CD8:0; pDC:0
proximal,zscale_mean,pearson,NK,341,1.0,B:0; DC:0; Mono_CD14:0; Mono_CD16:0; NK:341; T_CD4:0; T_CD8:0; pDC:0
proximal,zscale_mean,pearson,T_CD4,1771,0.0,B:0; DC:8; Mono_CD14:0; Mono_CD16:0; NK:1763; T_CD4:0; T_CD8:0; pDC:0
proximal,zscale_mean,pearson,T_CD8,1137,0.0,B:0; DC:4; Mono_CD14:0; Mono_CD16:0; NK:1133; T_CD4:0; T_CD8:0; pDC:0
proximal,zscale_mean,pearson,pDC,56,0.6071428571428571,B:0; DC:22; Mono_CD14:0; Mono_CD16:0; NK:0; T_CD4:0; T_CD8:0; pDC:34
proximal,zscale_mean,spearman,B,397,0.022670025188916875,B:9; DC:384; Mono_CD14:0; Mono_CD16:0; NK:4; T_CD4:0; T_CD8:0; pDC:0
proximal,zscale_mean,spearman,DC,111,0.990990990990991,B:0; DC:110; Mono_CD14:0; Mono_CD16:0; NK:1; T_CD4:0; T_CD8:0; pDC:0
proximal,zscale_mean,spearman,Mono_CD14,1572,0.0,B:0; DC:1527; Mono_CD14:0; Mono_CD16:0; NK:45; T_CD4:0; T_CD8:0; pDC:0
proximal,zscale_mean,spearman,Mono_CD16,221,0.0,B:0; DC:221; Mono_CD14:0; Mono_CD16:0; NK:0; T_CD4:0; T_CD8:0; pDC:0
proximal,zscale_mean,spearman,NK,341,0.9970674486803519,B:0; DC:1; Mono_CD14:0; Mono_CD16:0; NK:340; T_CD4:0; T_CD8:0; pDC:0
proximal,zscale_mean,spearman,T_CD4,1771,0.0,B:0; DC:15; Mono_CD14:0; Mono_CD16:0; NK:1756; T_CD4:0; T_CD8:0; pDC:0
proximal,zscale_mean,spearman,T_CD8,1137,0.0,B:0; DC:5; Mono_CD14:0; Mono_CD16:0; NK:1132; T_CD4:0; T_CD8:0; pDC:0
proximal,zscale_mean,spearman,pDC,56,0.03571428571428571,B:0; DC:54; Mono_CD14:0; Mono_CD16:0; NK:0; T_CD4:0; T_CD8:0; pDC:2
proximal,lognorm_mean,pearson,B,397,0.9974811083123426,B:396; DC:1; Mono_CD14:0; Mono_CD16:0; NK:0; T_CD4:0; T_CD8:0; pDC:0
proximal,lognorm_mean,pearson,DC,111,0.8738738738738738,B:0; DC:97; Mono_CD14:10; Mono_CD16:0; NK:0; T_CD4:0; T_CD8:4; pDC:0
proximal,lognorm_mean,pearson,Mono_CD14,1572,0.9147582697201018,B:6; DC:17; Mono_CD14:1438; Mono_CD16:54; NK:30; T_CD4:10; T_CD8:13; pDC:4
proximal,lognorm_mean,pearson,Mono_CD16,221,0.9683257918552036,B:1; DC:1; Mono_CD14:5; Mono_CD16:214; NK:0; T_CD4:0; T_CD8:0; pDC:0
proximal,lognorm_mean,pearson,NK,341,0.8563049853372434,B:0; DC:0; Mono_CD14:0; Mono_CD16:0; NK:292; T_CD4:12; T_CD8:37; pDC:0
proximal,lognorm_mean,pearson,T_CD4,1771,0.9333709768492378,B:1; DC:3; Mono_CD14:0; Mono_CD16:0; NK:5; T_CD4:1653; T_CD8:109; pDC:0
proximal,lognorm_mean,pearson,T_CD8,1137,0.6939313984168866,B:0; DC:0; Mono_CD14:1; Mono_CD16:0; NK:309; T_CD4:36; T_CD8:789; pDC:2
proximal,lognorm_mean,pearson,pDC,56,0.9821428571428571,B:0; DC:0; Mono_CD14:0; Mono_CD16:0; NK:0; T_CD4:0; T_CD8:1; pDC:55
proximal,lognorm_mean,spearman,B,397,0.9974811083123426,B:396; DC:0; Mono_CD14:1; Mono_CD16:0; NK:0; T_CD4:0; T_CD8:0; pDC:0
proximal,lognorm_mean,spearman,DC,111,0.9099099099099099,B:0; DC:101; Mono_CD14:2; Mono_CD16:5; NK:0; T_CD4:0; T_CD8:1; pDC:2
proximal,lognorm_mean,spearman,Mono_CD14,1572,0.3193384223918575,B:7; DC:19; Mono_CD14:502; Mono_CD16:999; NK:25; T_CD4:9; T_CD8:11; pDC:0
proximal,lognorm_mean,spearman,Mono_CD16,221,0.995475113122172,B:0; DC:1; Mono_CD14:0; Mono_CD16:220; NK:0; T_CD4:0; T_CD8:0; pDC:0
proximal,lognorm_mean,spearman,NK,341,0.9120234604105572,B:0; DC:0; Mono_CD14:0; Mono_CD16:0; NK:311; T_CD4:6; T_CD8:24; pDC:0
proximal,lognorm_mean,spearman,T_CD4,1771,0.9153020892151327,B:0; DC:0; Mono_CD14:4; Mono_CD16:0; NK:29; T_CD4:1621; T_CD8:117; pDC:0
proximal,lognorm_mean,spearman,T_CD8,1137,0.6754617414248021,B:0; DC:0; Mono_CD14:2; Mono_CD16:0; NK:338; T_CD4:29; T_CD8:768; pDC:0
proximal,lognorm_mean,spearman,pDC,56,1.0,B:0; DC:0; Mono_CD14:0; Mono_CD16:0; NK:0; T_CD4:0; T_CD8:0; pDC:56
proximal,pseudobulk_cpm,pearson,B,397,0.9974811083123426,B:396; DC:0; Mono_CD14:0; Mono_CD16:0; NK:0; T_CD4:0; T_CD8:0; pDC:1
proximal,pseudobulk_cpm,pearson,DC,111,0.9099099099099099,B:0; DC:101; Mono_CD14:5; Mono_CD16:0; NK:0; T_CD4:1; T_CD8:4; pDC:0
proximal,pseudobulk_cpm,pearson,Mono_CD14,1572,0.9179389312977099,B:8; DC:17; Mono_CD14:1443; Mono_CD16:44; NK:35; T_CD4:14; T_CD8:10; pDC:1
proximal,pseudobulk_cpm,pearson,Mono_CD16,221,0.9457013574660633,B:1; DC:1; Mono_CD14:10; Mono_CD16:209; NK:0; T_CD4:0; T_CD8:0; pDC:0
proximal,pseudobulk_cpm,pearson,NK,341,0.8768328445747801,B:0; DC:0; Mono_CD14:0; Mono_CD16:0; NK:299; T_CD4:12; T_CD8:30; pDC:0
proximal,pseudobulk_cpm,pearson,T_CD4,1771,0.9525691699604744,B:1; DC:0; Mono_CD14:1; Mono_CD16:0; NK:12; T_CD4:1687; T_CD8:68; pDC:2
proximal,pseudobulk_cpm,pearson,T_CD8,1137,0.6578715919085312,B:0; DC:0; Mono_CD14:1; Mono_CD16:0; NK:322; T_CD4:65; T_CD8:748; pDC:1
proximal,pseudobulk_cpm,pearson,pDC,56,0.9464285714285714,B:0; DC:1; Mono_CD14:0; Mono_CD16:0; NK:0; T_CD4:2; T_CD8:0; pDC:53
proximal,pseudobulk_cpm,spearman,B,397,0.9974811083123426,B:396; DC:0; Mono_CD14:1; Mono_CD16:0; NK:0; T_CD4:0; T_CD8:0; pDC:0
proximal,pseudobulk_cpm,spearman,DC,111,0.918918918918919,B:0; DC:102; Mono_CD14:1; Mono_CD16:6; NK:1; T_CD4:0; T_CD8:0; pDC:1
proximal,pseudobulk_cpm,spearman,Mono_CD14,1572,0.18893129770992367,B:7; DC:11; Mono_CD14:297; Mono_CD16:1212; NK:25; T_CD4:10; T_CD8:10; pDC:0
proximal,pseudobulk_cpm,spearman,Mono_CD16,221,0.995475113122172,B:0; DC:1; Mono_CD14:0; Mono_CD16:220; NK:0; T_CD4:0; T_CD8:0; pDC:0
proximal,pseudobulk_cpm,spearman,NK,341,0.9266862170087976,B:0; DC:0; Mono_CD14:0; Mono_CD16:0; NK:316; T_CD4:5; T_CD8:20; pDC:0
proximal,pseudobulk_cpm,spearman,T_CD4,1771,0.8881987577639752,B:0; DC:0; Mono_CD14:4; Mono_CD16:0; NK:61; T_CD4:1573; T_CD8:133; pDC:0
proximal,pseudobulk_cpm,spearman,T_CD8,1137,0.6675461741424802,B:0; DC:0; Mono_CD14:2; Mono_CD16:0; NK:351; T_CD4:25; T_CD8:759; pDC:0
proximal,pseudobulk_cpm,spearman,pDC,56,1.0,B:0; DC:0; Mono_CD14:0; Mono_CD16:0; NK:0; T_CD4:0; T_CD8:0; pDC:56
proximal,depth_matched,pearson,B,397,0.9974811083123426,B:396; DC:1; Mono_CD14:0; Mono_CD16:0; NK:0; T_CD4:0; T_CD8:0; pDC:0
proximal,depth_matched,pearson,DC,111,0.8828828828828829,B:0; DC:98; Mono_CD14:7; Mono_CD16:0; NK:0; T_CD4:1; T_CD8:5; pDC:0
proximal,depth_matched,pearson,Mono_CD14,1572,0.926208651399491,B:8; DC:16; Mono_CD14:1456; Mono_CD16:32; NK:34; T_CD4:12; T_CD8:13; pDC:1
proximal,depth_matched,pearson,Mono_CD16,221,0.9049773755656109,B:1; DC:1; Mono_CD14:19; Mono_CD16:200; NK:0; T_CD4:0; T_CD8:0; pDC:0
proximal,depth_matched,pearson,NK,341,0.8563049853372434,B:0; DC:0; Mono_CD14:0; Mono_CD16:0; NK:292; T_CD4:18; T_CD8:31; pDC:0
proximal,depth_matched,pearson,T_CD4,1771,0.9542631281761716,B:1; DC:2; Mono_CD14:0; Mono_CD16:0; NK:3; T_CD4:1690; T_CD8:74; pDC:1
proximal,depth_matched,pearson,T_CD8,1137,0.6657871591908531,B:0; DC:0; Mono_CD14:1; Mono_CD16:0; NK:308; T_CD4:70; T_CD8:757; pDC:1
proximal,depth_matched,pearson,pDC,56,0.9642857142857143,B:0; DC:0; Mono_CD14:0; Mono_CD16:0; NK:0; T_CD4:2; T_CD8:0; pDC:54
proximal,depth_matched,spearman,B,397,0.9974811083123426,B:396; DC:0; Mono_CD14:1; Mono_CD16:0; NK:0; T_CD4:0; T_CD8:0; pDC:0
proximal,depth_matched,spearman,DC,111,0.9459459459459459,B:0; DC:105; Mono_CD14:0; Mono_CD16:1; NK:1; T_CD4:0; T_CD8:0; pDC:4
proximal,depth_matched,spearman,Mono_CD14,1572,0.17493638676844783,B:7; DC:74; Mono_CD14:275; Mono_CD16:1170; NK:25; T_CD4:9; T_CD8:11; pDC:1
proximal,depth_matched,spearman,Mono_CD16,221,0.995475113122172,B:0; DC:1; Mono_CD14:0; Mono_CD16:220; NK:0; T_CD4:0; T_CD8:0; pDC:0
proximal,depth_matched,spearman,NK,341,0.9560117302052786,B:0; DC:0; Mono_CD14:0; Mono_CD16:0; NK:326; T_CD4:1; T_CD8:14; pDC:0
proximal,depth_matched,spearman,T_CD4,1771,0.8780350084697911,B:0; DC:0; Mono_CD14:4; Mono_CD16:0; NK:97; T_CD4:1555; T_CD8:113; pDC:2
proximal,depth_matched,spearman,T_CD8,1137,0.6657871591908531,B:0; DC:0; Mono_CD14:2; Mono_CD16:0; NK:355; T_CD4:23; T_CD8:757; pDC:0
proximal,depth_matched,spearman,pDC,56,1.0,B:0; DC:0; Mono_CD14:0; Mono_CD16:0; NK:0; T_CD4:0; T_CD8:0; pDC:56
proximal,cpm_mean,pearson,B,397,0.9949622166246851,B:395; DC:1; Mono_CD14:0; Mono_CD16:0; NK:0; T_CD4:1; T_CD8:0; pDC:0
proximal,cpm_mean,pearson,DC,111,0.7747747747747747,B:0; DC:86; Mono_CD14:18; Mono_CD16:0; NK:0; T_CD4:2; T_CD8:5; pDC:0
proximal,cpm_mean,pearson,Mono_CD14,1572,0.9357506361323156,B:8; DC:13; Mono_CD14:1471; Mono_CD16:20; NK:34; T_CD4:13; T_CD8:12; pDC:1
proximal,cpm_mean,pearson,Mono_CD16,221,0.8190045248868778,B:1; DC:1; Mono_CD14:38; Mono_CD16:181; NK:0; T_CD4:0; T_CD8:0; pDC:0
proximal,cpm_mean,pearson,NK,341,0.8504398826979472,B:0; DC:0; Mono_CD14:0; Mono_CD16:0; NK:290; T_CD4:19; T_CD8:32; pDC:0
proximal,cpm_mean,pearson,T_CD4,1771,0.9582156973461321,B:1; DC:2; Mono_CD14:0; Mono_CD16:0; NK:3; T_CD4:1697; T_CD8:67; pDC:1
proximal,cpm_mean,pearson,T_CD8,1137,0.6657871591908531,B:0; DC:0; Mono_CD14:1; Mono_CD16:0; NK:296; T_CD4:82; T_CD8:757; pDC:1
proximal,cpm_mean,pearson,pDC,56,0.9642857142857143,B:0; DC:0; Mono_CD14:0; Mono_CD16:0; NK:0; T_CD4:2; T_CD8:0; pDC:54
proximal,cpm_mean,spearman,B,397,0.9974811083123426,B:396; DC:0; Mono_CD14:1; Mono_CD16:0; NK:0; T_CD4:0; T_CD8:0; pDC:0
proximal,cpm_mean,spearman,DC,111,0.8738738738738738,B:0; DC:97; Mono_CD14:2; Mono_CD16:8; NK:0; T_CD4:1; T_CD8:1; pDC:2
proximal,cpm_mean,spearman,Mono_CD14,1572,0.383587786259542,B:7; DC:9; Mono_CD14:603; Mono_CD16:907; NK:26; T_CD4:10; T_CD8:10; pDC:0
proximal,cpm_mean,spearman,Mono_CD16,221,0.9909502262443439,B:0; DC:1; Mono_CD14:1; Mono_CD16:219; NK:0; T_CD4:0; T_CD8:0; pDC:0
proximal,cpm_mean,spearman,NK,341,0.9002932551319648,B:0; DC:0; Mono_CD14:0; Mono_CD16:0; NK:307; T_CD4:6; T_CD8:28; pDC:0
proximal,cpm_mean,spearman,T_CD4,1771,0.9265951439864484,B:0; DC:0; Mono_CD14:4; Mono_CD16:0; NK:22; T_CD4:1641; T_CD8:104; pDC:0
proximal,cpm_mean,spearman,T_CD8,1137,0.673702726473175,B:0; DC:0; Mono_CD14:2; Mono_CD16:0; NK:332; T_CD4:37; T_CD8:766; pDC:0
proximal,cpm_mean,spearman,pDC,56,1.0,B:0; DC:0; Mono_CD14:0; Mono_CD16:0; NK:0; T_CD4:0; T_CD8:0; pDC:56
proximal,archr_style,pearson,B,397,0.9974811083123426,B:396; DC:1; Mono_CD14:0; Mono_CD16:0; NK:0; T_CD4:0; T_CD8:0; pDC:0
proximal,archr_style,pearson,DC,111,0.8738738738738738,B:0; DC:97; Mono_CD14:10; Mono_CD16:0; NK:0; T_CD4:0; T_CD8:4; pDC:0
proximal,archr_style,pearson,Mono_CD14,1572,0.9147582697201018,B:6; DC:17; Mono_CD14:1438; Mono_CD16:54; NK:30; T_CD4:10; T_CD8:13; pDC:4
proximal,archr_style,pearson,Mono_CD16,221,0.9683257918552036,B:1; DC:1; Mono_CD14:5; Mono_CD16:214; NK:0; T_CD4:0; T_CD8:0; pDC:0
proximal,archr_style,pearson,NK,341,0.8563049853372434,B:0; DC:0; Mono_CD14:0; Mono_CD16:0; NK:292; T_CD4:12; T_CD8:37; pDC:0
proximal,archr_style,pearson,T_CD4,1771,0.9333709768492378,B:1; DC:3; Mono_CD14:0; Mono_CD16:0; NK:5; T_CD4:1653; T_CD8:109; pDC:0
proximal,archr_style,pearson,T_CD8,1137,0.6939313984168866,B:0; DC:0; Mono_CD14:1; Mono_CD16:0; NK:309; T_CD4:36; T_CD8:789; pDC:2
proximal,archr_style,pearson,pDC,56,0.9821428571428571,B:0; DC:0; Mono_CD14:0; Mono_CD16:0; NK:0; T_CD4:0; T_CD8:1; pDC:55
proximal,archr_style,spearman,B,397,0.9974811083123426,B:396; DC:0; Mono_CD14:1; Mono_CD16:0; NK:0; T_CD4:0; T_CD8:0; pDC:0
proximal,archr_style,spearman,DC,111,0.9099099099099099,B:0; DC:101; Mono_CD14:2; Mono_CD16:5; NK:0; T_CD4:0; T_CD8:1; pDC:2
proximal,archr_style,spearman,Mono_CD14,1572,0.3193384223918575,B:7; DC:19; Mono_CD14:502; Mono_CD16:999; NK:25; T_CD4:9; T_CD8:11; pDC:0
proximal,archr_style,spearman,Mono_CD16,221,0.995475113122172,B:0; DC:1; Mono_CD14:0; Mono_CD16:220; NK:0; T_CD4:0; T_CD8:0; pDC:0
proximal,archr_style,spearman,NK,341,0.9120234604105572,B:0; DC:0; Mono_CD14:0; Mono_CD16:0; NK:311; T_CD4:6; T_CD8:24; pDC:0
proximal,archr_style,spearman,T_CD4,1771,0.9153020892151327,B:0; DC:0; Mono_CD14:4; Mono_CD16:0; NK:29; T_CD4:1621; T_CD8:117; pDC:0
proximal,archr_style,spearman,T_CD8,1137,0.6754617414248021,B:0; DC:0; Mono_CD14:2; Mono_CD16:0; NK:338; T_CD4:29; T_CD8:768; pDC:0
proximal,archr_style,spearman,pDC,56,1.0,B:0; DC:0; Mono_CD14:0; Mono_CD16:0; NK:0; T_CD4:0; T_CD8:0; pDC:56
enhancer,raw_mean,pearson,B,397,1.0,B:397; DC:0; Mono_CD14:0; Mono_CD16:0; NK:0; T_CD4:0; T_CD8:0; pDC:0
enhancer,raw_mean,pearson,DC,111,0.8828828828828829,B:0; DC:98; Mono_CD14:9; Mono_CD16:0; NK:1; T_CD4:0; T_CD8:3; pDC:0
enhancer,raw_mean,pearson,Mono_CD14,1572,0.9236641221374046,B:7; DC:10; Mono_CD14:1452; Mono_CD16:38; NK:37; T_CD4:16; T_CD8:8; pDC:4
enhancer,raw_mean,pearson,Mono_CD16,221,0.9457013574660633,B:1; DC:1; Mono_CD14:9; Mono_CD16:209; NK:0; T_CD4:1; T_CD8:0; pDC:0
enhancer,raw_mean,pearson,NK,341,0.8621700879765396,B:0; DC:0; Mono_CD14:0; Mono_CD16:0; NK:294; T_CD4:20; T_CD8:27; pDC:0
enhancer,raw_mean,pearson,T_CD4,1771,0.9525691699604744,B:1; DC:1; Mono_CD14:1; Mono_CD16:0; NK:5; T_CD4:1687; T_CD8:72; pDC:4
enhancer,raw_mean,pearson,T_CD8,1137,0.673702726473175,B:1; DC:0; Mono_CD14:1; Mono_CD16:0; NK:298; T_CD4:70; T_CD8:766; pDC:1
enhancer,raw_mean,pearson,pDC,56,0.9107142857142857,B:0; DC:2; Mono_CD14:0; Mono_CD16:0; NK:0; T_CD4:1; T_CD8:2; pDC:51
enhancer,raw_mean,spearman,B,397,1.0,B:397; DC:0; Mono_CD14:0; Mono_CD16:0; NK:0; T_CD4:0; T_CD8:0; pDC:0
enhancer,raw_mean,spearman,DC,111,0.7657657657657657,B:1; DC:85; Mono_CD14:3; Mono_CD16:17; NK:1; T_CD4:0; T_CD8:4; pDC:0
enhancer,raw_mean,spearman,Mono_CD14,1572,0.36895674300254455,B:7; DC:4; Mono_CD14:580; Mono_CD16:916; NK:32; T_CD4:14; T_CD8:16; pDC:3
enhancer,raw_mean,spearman,Mono_CD16,221,0.9773755656108597,B:2; DC:0; Mono_CD14:2; Mono_CD16:216; NK:0; T_CD4:0; T_CD8:1; pDC:0
enhancer,raw_mean,spearman,NK,341,0.7565982404692082,B:0; DC:0; Mono_CD14:0; Mono_CD16:0; NK:258; T_CD4:12; T_CD8:71; pDC:0
enhancer,raw_mean,spearman,T_CD4,1771,0.9090909090909091,B:1; DC:0; Mono_CD14:5; Mono_CD16:0; NK:0; T_CD4:1610; T_CD8:154; pDC:1
enhancer,raw_mean,spearman,T_CD8,1137,0.7642919964819701,B:1; DC:0; Mono_CD14:2; Mono_CD16:0; NK:232; T_CD4:33; T_CD8:869; pDC:0
enhancer,raw_mean,spearman,pDC,56,0.9107142857142857,B:1; DC:2; Mono_CD14:0; Mono_CD16:0; NK:0; T_CD4:0; T_CD8:2; pDC:51
enhancer,zscale_mean,pearson,B,397,0.9874055415617129,B:392; DC:0; Mono_CD14:0; Mono_CD16:0; NK:5; T_CD4:0; T_CD8:0; pDC:0
enhancer,zscale_mean,pearson,DC,111,0.954954954954955,B:0; DC:106; Mono_CD14:0; Mono_CD16:0; NK:5; T_CD4:0; T_CD8:0; pDC:0
enhancer,zscale_mean,pearson,Mono_CD14,1572,0.013358778625954198,B:8; DC:1482; Mono_CD14:21; Mono_CD16:0; NK:56; T_CD4:5; T_CD8:0; pDC:0
enhancer,zscale_mean,pearson,Mono_CD16,221,0.0,B:1; DC:219; Mono_CD14:0; Mono_CD16:0; NK:1; T_CD4:0; T_CD8:0; pDC:0
enhancer,zscale_mean,pearson,NK,341,1.0,B:0; DC:0; Mono_CD14:0; Mono_CD16:0; NK:341; T_CD4:0; T_CD8:0; pDC:0
enhancer,zscale_mean,pearson,T_CD4,1771,0.528514963297572,B:0; DC:5; Mono_CD14:0; Mono_CD16:0; NK:830; T_CD4:936; T_CD8:0; pDC:0
enhancer,zscale_mean,pearson,T_CD8,1137,0.005277044854881266,B:0; DC:2; Mono_CD14:0; Mono_CD16:0; NK:910; T_CD4:219; T_CD8:6; pDC:0
enhancer,zscale_mean,pearson,pDC,56,0.8392857142857143,B:0; DC:3; Mono_CD14:0; Mono_CD16:0; NK:6; T_CD4:0; T_CD8:0; pDC:47
enhancer,zscale_mean,spearman,B,397,0.982367758186398,B:390; DC:0; Mono_CD14:0; Mono_CD16:0; NK:7; T_CD4:0; T_CD8:0; pDC:0
enhancer,zscale_mean,spearman,DC,111,0.918918918918919,B:1; DC:102; Mono_CD14:0; Mono_CD16:0; NK:8; T_CD4:0; T_CD8:0; pDC:0
enhancer,zscale_mean,spearman,Mono_CD14,1572,0.002544529262086514,B:12; DC:1486; Mono_CD14:4; Mono_CD16:0; NK:70; T_CD4:0; T_CD8:0; pDC:0
enhancer,zscale_mean,spearman,Mono_CD16,221,0.0,B:2; DC:216; Mono_CD14:0; Mono_CD16:0; NK:2; T_CD4:0; T_CD8:0; pDC:1
enhancer,zscale_mean,spearman,NK,341,1.0,B:0; DC:0; Mono_CD14:0; Mono_CD16:0; NK:341; T_CD4:0; T_CD8:0; pDC:0
enhancer,zscale_mean,spearman,T_CD4,1771,0.006211180124223602,B:1; DC:5; Mono_CD14:0; Mono_CD16:0; NK:1754; T_CD4:11; T_CD8:0; pDC:0
enhancer,zscale_mean,spearman,T_CD8,1137,0.0,B:0; DC:2; Mono_CD14:0; Mono_CD16:0; NK:1133; T_CD4:2; T_CD8:0; pDC:0
enhancer,zscale_mean,spearman,pDC,56,0.8035714285714286,B:0; DC:3; Mono_CD14:0; Mono_CD16:0; NK:8; T_CD4:0; T_CD8:0; pDC:45
enhancer,lognorm_mean,pearson,B,397,1.0,B:397; DC:0; Mono_CD14:0; Mono_CD16:0; NK:0; T_CD4:0; T_CD8:0; pDC:0
enhancer,lognorm_mean,pearson,DC,111,0.8468468468468469,B:0; DC:94; Mono_CD14:14; Mono_CD16:0; NK:1; T_CD4:0; T_CD8:2; pDC:0
enhancer,lognorm_mean,pearson,Mono_CD14,1572,0.9236641221374046,B:7; DC:9; Mono_CD14:1452; Mono_CD16:44; NK:33; T_CD4:14; T_CD8:9; pDC:4
enhancer,lognorm_mean,pearson,Mono_CD16,221,0.9502262443438914,B:1; DC:0; Mono_CD14:10; Mono_CD16:210; NK:0; T_CD4:0; T_CD8:0; pDC:0
enhancer,lognorm_mean,pearson,NK,341,0.8387096774193549,B:0; DC:0; Mono_CD14:0; Mono_CD16:0; NK:286; T_CD4:12; T_CD8:43; pDC:0
enhancer,lognorm_mean,pearson,T_CD4,1771,0.9277244494635799,B:1; DC:4; Mono_CD14:0; Mono_CD16:0; NK:0; T_CD4:1643; T_CD8:121; pDC:2
enhancer,lognorm_mean,pearson,T_CD8,1137,0.7194371152154794,B:1; DC:1; Mono_CD14:0; Mono_CD16:0; NK:282; T_CD4:34; T_CD8:818; pDC:1
enhancer,lognorm_mean,pearson,pDC,56,0.9642857142857143,B:0; DC:1; Mono_CD14:0; Mono_CD16:0; NK:0; T_CD4:0; T_CD8:1; pDC:54
enhancer,lognorm_mean,spearman,B,397,1.0,B:397; DC:0; Mono_CD14:0; Mono_CD16:0; NK:0; T_CD4:0; T_CD8:0; pDC:0
enhancer,lognorm_mean,spearman,DC,111,0.7657657657657657,B:1; DC:85; Mono_CD14:18; Mono_CD16:2; NK:1; T_CD4:0; T_CD8:4; pDC:0
enhancer,lognorm_mean,spearman,Mono_CD14,1572,0.8759541984732825,B:9; DC:3; Mono_CD14:1377; Mono_CD16:120; NK:29; T_CD4:15; T_CD8:16; pDC:3
enhancer,lognorm_mean,spearman,Mono_CD16,221,0.9592760180995475,B:2; DC:0; Mono_CD14:6; Mono_CD16:212; NK:0; T_CD4:0; T_CD8:1; pDC:0
enhancer,lognorm_mean,spearman,NK,341,0.7331378299120235,B:0; DC:0; Mono_CD14:0; Mono_CD16:0; NK:250; T_CD4:11; T_CD8:80; pDC:0
enhancer,lognorm_mean,spearman,T_CD4,1771,0.911914172783738,B:1; DC:4; Mono_CD14:1; Mono_CD16:0; NK:0; T_CD4:1615; T_CD8:149; pDC:1
enhancer,lognorm_mean,spearman,T_CD8,1137,0.7783641160949868,B:1; DC:1; Mono_CD14:1; Mono_CD16:0; NK:217; T_CD4:32; T_CD8:885; pDC:0
enhancer,lognorm_mean,spearman,pDC,56,0.9285714285714286,B:1; DC:1; Mono_CD14:0; Mono_CD16:0; NK:0; T_CD4:0; T_CD8:2; pDC:52
enhancer,pseudobulk_cpm,pearson,B,397,1.0,B:397; DC:0; Mono_CD14:0; Mono_CD16:0; NK:0; T_CD4:0; T_CD8:0; pDC:0
enhancer,pseudobulk_cpm,pearson,DC,111,0.8828828828828829,B:0; DC:98; Mono_CD14:9; Mono_CD16:0; NK:1; T_CD4:0; T_CD8:3; pDC:0
enhancer,pseudobulk_cpm,pearson,Mono_CD14,1572,0.9236641221374046,B:7; DC:10; Mono_CD14:1452; Mono_CD16:38; NK:37; T_CD4:16; T_CD8:8; pDC:4
enhancer,pseudobulk_cpm,pearson,Mono_CD16,221,0.9457013574660633,B:1; DC:1; Mono_CD14:9; Mono_CD16:209; NK:0; T_CD4:1; T_CD8:0; pDC:0
enhancer,pseudobulk_cpm,pearson,NK,341,0.8621700879765396,B:0; DC:0; Mono_CD14:0; Mono_CD16:0; NK:294; T_CD4:20; T_CD8:27; pDC:0
enhancer,pseudobulk_cpm,pearson,T_CD4,1771,0.9525691699604744,B:1; DC:1; Mono_CD14:1; Mono_CD16:0; NK:5; T_CD4:1687; T_CD8:72; pDC:4
enhancer,pseudobulk_cpm,pearson,T_CD8,1137,0.673702726473175,B:1; DC:0; Mono_CD14:1; Mono_CD16:0; NK:298; T_CD4:70; T_CD8:766; pDC:1
enhancer,pseudobulk_cpm,pearson,pDC,56,0.9107142857142857,B:0; DC:2; Mono_CD14:0; Mono_CD16:0; NK:0; T_CD4:1; T_CD8:2; pDC:51
enhancer,pseudobulk_cpm,spearman,B,397,1.0,B:397; DC:0; Mono_CD14:0; Mono_CD16:0; NK:0; T_CD4:0; T_CD8:0; pDC:0
enhancer,pseudobulk_cpm,spearman,DC,111,0.7657657657657657,B:1; DC:85; Mono_CD14:3; Mono_CD16:17; NK:1; T_CD4:0; T_CD8:4; pDC:0
enhancer,pseudobulk_cpm,spearman,Mono_CD14,1572,0.36895674300254455,B:7; DC:4; Mono_CD14:580; Mono_CD16:916; NK:32; T_CD4:14; T_CD8:16; pDC:3
enhancer,pseudobulk_cpm,spearman,Mono_CD16,221,0.9773755656108597,B:2; DC:0; Mono_CD14:2; Mono_CD16:216; NK:0; T_CD4:0; T_CD8:1; pDC:0
enhancer,pseudobulk_cpm,spearman,NK,341,0.7565982404692082,B:0; DC:0; Mono_CD14:0; Mono_CD16:0; NK:258; T_CD4:12; T_CD8:71; pDC:0
enhancer,pseudobulk_cpm,spearman,T_CD4,1771,0.9090909090909091,B:1; DC:0; Mono_CD14:5; Mono_CD16:0; NK:0; T_CD4:1610; T_CD8:154; pDC:1
enhancer,pseudobulk_cpm,spearman,T_CD8,1137,0.7642919964819701,B:1; DC:0; Mono_CD14:2; Mono_CD16:0; NK:232; T_CD4:33; T_CD8:869; pDC:0
enhancer,pseudobulk_cpm,spearman,pDC,56,0.9107142857142857,B:1; DC:2; Mono_CD14:0; Mono_CD16:0; NK:0; T_CD4:0; T_CD8:2; pDC:51
enhancer,depth_matched,pearson,B,397,1.0,B:397; DC:0; Mono_CD14:0; Mono_CD16:0; NK:0; T_CD4:0; T_CD8:0; pDC:0
enhancer,depth_matched,pearson,DC,111,0.8378378378378378,B:0; DC:93; Mono_CD14:13; Mono_CD16:0; NK:1; T_CD4:0; T_CD8:4; pDC:0
enhancer,depth_matched,pearson,Mono_CD14,1572,0.9344783715012722,B:8; DC:6; Mono_CD14:1469; Mono_CD16:25; NK:35; T_CD4:16; T_CD8:9; pDC:4
enhancer,depth_matched,pearson,Mono_CD16,221,0.9276018099547512,B:1; DC:0; Mono_CD14:14; Mono_CD16:205; NK:0; T_CD4:1; T_CD8:0; pDC:0
enhancer,depth_matched,pearson,NK,341,0.8269794721407625,B:0; DC:0; Mono_CD14:0; Mono_CD16:0; NK:282; T_CD4:21; T_CD8:38; pDC:0
enhancer,depth_matched,pearson,T_CD4,1771,0.9469226425748165,B:1; DC:5; Mono_CD14:0; Mono_CD16:0; NK:0; T_CD4:1677; T_CD8:87; pDC:1
enhancer,depth_matched,pearson,T_CD8,1137,0.6948109058927001,B:0; DC:1; Mono_CD14:1; Mono_CD16:0; NK:275; T_CD4:70; T_CD8:790; pDC:0
enhancer,depth_matched,pearson,pDC,56,0.8928571428571429,B:0; DC:2; Mono_CD14:0; Mono_CD16:0; NK:0; T_CD4:2; T_CD8:2; pDC:50
enhancer,depth_matched,spearman,B,397,1.0,B:397; DC:0; Mono_CD14:0; Mono_CD16:0; NK:0; T_CD4:0; T_CD8:0; pDC:0
enhancer,depth_matched,spearman,DC,111,0.7837837837837838,B:1; DC:87; Mono_CD14:9; Mono_CD16:8; NK:2; T_CD4:0; T_CD8:4; pDC:0
enhancer,depth_matched,spearman,Mono_CD14,1572,0.7697201017811705,B:9; DC:4; Mono_CD14:1210; Mono_CD16:285; NK:30; T_CD4:14; T_CD8:17; pDC:3
enhancer,depth_matched,spearman,Mono_CD16,221,0.9773755656108597,B:2; DC:0; Mono_CD14:2; Mono_CD16:216; NK:0; T_CD4:0; T_CD8:1; pDC:0
enhancer,depth_matched,spearman,NK,341,0.7155425219941349,B:0; DC:0; Mono_CD14:0; Mono_CD16:0; NK:244; T_CD4:10; T_CD8:87; pDC:0
enhancer,depth_matched,spearman,T_CD4,1771,0.9096555618294748,B:1; DC:1; Mono_CD14:4; Mono_CD16:0; NK:0; T_CD4:1611; T_CD8:153; pDC:1
enhancer,depth_matched,spearman,T_CD8,1137,0.793315743183817,B:1; DC:0; Mono_CD14:2; Mono_CD16:0; NK:202; T_CD4:30; T_CD8:902; pDC:0
enhancer,depth_matched,spearman,pDC,56,0.8928571428571429,B:1; DC:2; Mono_CD14:0; Mono_CD16:0; NK:0; T_CD4:0; T_CD8:3; pDC:50
enhancer,cpm_mean,pearson,B,397,1.0,B:397; DC:0; Mono_CD14:0; Mono_CD16:0; NK:0; T_CD4:0; T_CD8:0; pDC:0
enhancer,cpm_mean,pearson,DC,111,0.6666666666666666,B:0; DC:74; Mono_CD14:30; Mono_CD16:0; NK:1; T_CD4:2; T_CD8:4; pDC:0
enhancer,cpm_mean,pearson,Mono_CD14,1572,0.9408396946564885,B:8; DC:5; Mono_CD14:1479; Mono_CD16:17; NK:34; T_CD4:15; T_CD8:10; pDC:4
enhancer,cpm_mean,pearson,Mono_CD16,221,0.8868778280542986,B:1; DC:0; Mono_CD14:23; Mono_CD16:196; NK:0; T_CD4:1; T_CD8:0; pDC:0
enhancer,cpm_mean,pearson,NK,341,0.8152492668621701,B:0; DC:0; Mono_CD14:0; Mono_CD16:0; NK:278; T_CD4:27; T_CD8:36; pDC:0
enhancer,cpm_mean,pearson,T_CD4,1771,0.9548277809147374,B:1; DC:3; Mono_CD14:1; Mono_CD16:0; NK:0; T_CD4:1691; T_CD8:73; pDC:2
enhancer,cpm_mean,pearson,T_CD8,1137,0.6789797713280563,B:1; DC:0; Mono_CD14:1; Mono_CD16:0; NK:269; T_CD4:93; T_CD8:772; pDC:1
enhancer,cpm_mean,pearson,pDC,56,0.8928571428571429,B:0; DC:0; Mono_CD14:1; Mono_CD16:0; NK:0; T_CD4:2; T_CD8:3; pDC:50
enhancer,cpm_mean,spearman,B,397,1.0,B:397; DC:0; Mono_CD14:0; Mono_CD16:0; NK:0; T_CD4:0; T_CD8:0; pDC:0
enhancer,cpm_mean,spearman,DC,111,0.6126126126126126,B:1; DC:68; Mono_CD14:25; Mono_CD16:10; NK:1; T_CD4:0; T_CD8:6; pDC:0
enhancer,cpm_mean,spearman,Mono_CD14,1572,0.8416030534351145,B:8; DC:2; Mono_CD14:1323; Mono_CD16:174; NK:27; T_CD4:16; T_CD8:19; pDC:3
enhancer,cpm_mean,spearman,Mono_CD16,221,0.9683257918552036,B:2; DC:0; Mono_CD14:4; Mono_CD16:214; NK:0; T_CD4:0; T_CD8:1; pDC:0
enhancer,cpm_mean,spearman,NK,341,0.7038123167155426,B:0; DC:0; Mono_CD14:0; Mono_CD16:0; NK:240; T_CD4:11; T_CD8:90; pDC:0
enhancer,cpm_mean,spearman,T_CD4,1771,0.9215132693393563,B:1; DC:0; Mono_CD14:5; Mono_CD16:0; NK:0; T_CD4:1632; T_CD8:132; pDC:1
enhancer,cpm_mean,spearman,T_CD8,1137,0.7985927880386984,B:1; DC:0; Mono_CD14:2; Mono_CD16:0; NK:189; T_CD4:37; T_CD8:908; pDC:0
enhancer,cpm_mean,spearman,pDC,56,0.9107142857142857,B:1; DC:0; Mono_CD14:0; Mono_CD16:0; NK:0; T_CD4:0; T_CD8:4; pDC:51
enhancer,archr_style,pearson,B,397,1.0,B:397; DC:0; Mono_CD14:0; Mono_CD16:0; NK:0; T_CD4:0; T_CD8:0; pDC:0
enhancer,archr_style,pearson,DC,111,0.8468468468468469,B:0; DC:94; Mono_CD14:14; Mono_CD16:0; NK:1; T_CD4:0; T_CD8:2; pDC:0
enhancer,archr_style,pearson,Mono_CD14,1572,0.9236641221374046,B:7; DC:9; Mono_CD14:1452; Mono_CD16:44; NK:33; T_CD4:14; T_CD8:9; pDC:4
enhancer,archr_style,pearson,Mono_CD16,221,0.9502262443438914,B:1; DC:0; Mono_CD14:10; Mono_CD16:210; NK:0; T_CD4:0; T_CD8:0; pDC:0
enhancer,archr_style,pearson,NK,341,0.8387096774193549,B:0; DC:0; Mono_CD14:0; Mono_CD16:0; NK:286; T_CD4:12; T_CD8:43; pDC:0
enhancer,archr_style,pearson,T_CD4,1771,0.9277244494635799,B:1; DC:4; Mono_CD14:0; Mono_CD16:0; NK:0; T_CD4:1643; T_CD8:121; pDC:2
enhancer,archr_style,pearson,T_CD8,1137,0.7194371152154794,B:1; DC:1; Mono_CD14:0; Mono_CD16:0; NK:282; T_CD4:34; T_CD8:818; pDC:1
enhancer,archr_style,pearson,pDC,56,0.9642857142857143,B:0; DC:1; Mono_CD14:0; Mono_CD16:0; NK:0; T_CD4:0; T_CD8:1; pDC:54
enhancer,archr_style,spearman,B,397,1.0,B:397; DC:0; Mono_CD14:0; Mono_CD16:0; NK:0; T_CD4:0; T_CD8:0; pDC:0
enhancer,archr_style,spearman,DC,111,0.7657657657657657,B:1; DC:85; Mono_CD14:18; Mono_CD16:2; NK:1; T_CD4:0; T_CD8:4; pDC:0
enhancer,archr_style,spearman,Mono_CD14,1572,0.8759541984732825,B:9; DC:3; Mono_CD14:1377; Mono_CD16:120; NK:29; T_CD4:15; T_CD8:16; pDC:3
enhancer,archr_style,spearman,Mono_CD16,221,0.9592760180995475,B:2; DC:0; Mono_CD14:6; Mono_CD16:212; NK:0; T_CD4:0; T_CD8:1; pDC:0
enhancer,archr_style,spearman,NK,341,0.7331378299120235,B:0; DC:0; Mono_CD14:0; Mono_CD16:0; NK:250; T_CD4:11; T_CD8:80; pDC:0
enhancer,archr_style,spearman,T_CD4,1771,0.911914172783738,B:1; DC:4; Mono_CD14:1; Mono_CD16:0; NK:0; T_CD4:1615; T_CD8:149; pDC:1
enhancer,archr_style,spearman,T_CD8,1137,0.7783641160949868,B:1; DC:1; Mono_CD14:1; Mono_CD16:0; NK:217; T_CD4:32; T_CD8:885; pDC:0
enhancer,archr_style,spearman,pDC,56,0.9285714285714286,B:1; DC:1; Mono_CD14:0; Mono_CD16:0; NK:0; T_CD4:0; T_CD8:2; pDC:52
