model,draw,method,n_per_type,top_share,top_type,deepest_type,rho_depth_share,share_pDC,argmax_agree_all,argmax_agree_informative
proximal,0,raw_mean,112,0.26394949721441263,pDC,pDC,0.9761904761904763,0.26394949721441263,0.3139261744966443,0.5979073243647235
proximal,0,zscale_mean,112,0.28664815357814305,pDC,pDC,0.9523809523809524,0.28664815357814305,0.3141778523489933,0.5986547085201793
proximal,0,lognorm_mean,112,0.17946771995791436,B,pDC,0.7857142857142858,0.17406902737292373,0.311996644295302,0.6106128550074739
proximal,0,pseudobulk_cpm,112,0.19604325853355642,B,pDC,0.4047619047619048,0.14438484226503615,0.3075503355704698,0.5979073243647235
proximal,0,depth_matched,112,0.2271590458285182,B,pDC,0.8571428571428572,0.14947306690584197,0.31476510067114094,0.600896860986547
proximal,0,cpm_mean,112,0.18517688048708972,B,pDC,0.6666666666666669,0.15297445538748125,0.2898489932885906,0.5762331838565022
proximal,0,archr_style,112,0.17946771995791436,B,pDC,0.7857142857142858,0.17406902737292373,0.311996644295302,0.6106128550074739
proximal,1,raw_mean,112,0.2686065163771841,pDC,pDC,0.880952380952381,0.2686065163771841,0.3119127516778524,0.5986547085201793
proximal,1,zscale_mean,112,0.287838280697518,pDC,pDC,0.880952380952381,0.287838280697518,0.3125,0.5971599402092675
proximal,1,lognorm_mean,112,0.1852631215826966,B,pDC,0.8333333333333335,0.17965745036824948,0.3155201342281879,0.5994020926756353
proximal,1,pseudobulk_cpm,112,0.1818997188540283,B,pDC,0.261904761904762,0.15097366196940165,0.31023489932885906,0.594170403587444
proximal,1,depth_matched,112,0.23183331321041104,B,pDC,0.8095238095238096,0.1549235041481967,0.31728187919463086,0.5994020926756353
proximal,1,cpm_mean,112,0.18590130569018748,B,pDC,0.8095238095238096,0.1573382548251893,0.285989932885906,0.5568011958146487
proximal,1,archr_style,112,0.1852631215826966,B,pDC,0.8333333333333335,0.17965745036824948,0.3155201342281879,0.5994020926756353
proximal,2,raw_mean,112,0.2620349448919399,pDC,pDC,0.9761904761904763,0.2620349448919399,0.3174496644295302,0.5971599402092675
proximal,2,zscale_mean,112,0.28314676509650377,pDC,pDC,0.9285714285714287,0.28314676509650377,0.3187919463087248,0.600896860986547
proximal,2,lognorm_mean,112,0.17858806078272418,pDC,pDC,0.7142857142857144,0.17858806078272418,0.3091442953020134,0.5949177877428998
proximal,2,pseudobulk_cpm,112,0.17370681477137487,B,pDC,0.4285714285714286,0.147730996774583,0.3061241610738255,0.5837070254110612
proximal,2,depth_matched,112,0.21227383272677097,B,pDC,0.8095238095238096,0.15525122031150285,0.30838926174496645,0.5994020926756353
proximal,2,cpm_mean,112,0.17536264380702693,B,pDC,0.6666666666666669,0.1555616882556876,0.2827181208053691,0.5500747384155455
proximal,2,archr_style,112,0.17858806078272418,pDC,pDC,0.7142857142857144,0.17858806078272418,0.3091442953020134,0.5949177877428998
proximal,3,raw_mean,112,0.25810235093226624,pDC,pDC,0.9761904761904763,0.25810235093226624,0.32298657718120805,0.5949177877428998
proximal,3,zscale_mean,112,0.2807147662003898,pDC,pDC,0.9761904761904763,0.2807147662003898,0.32248322147651004,0.600896860986547
proximal,3,lognorm_mean,112,0.17976093968297774,pDC,pDC,0.7380952380952381,0.17976093968297774,0.31828859060402687,0.5986547085201793
proximal,3,pseudobulk_cpm,112,0.17284440381530608,B,pDC,0.28571428571428575,0.14374665815754523,0.3169463087248322,0.5874439461883408
proximal,3,depth_matched,112,0.23833589181916967,B,pDC,0.8333333333333335,0.1555616882556876,0.31778523489932886,0.593423019431988
proximal,3,cpm_mean,112,0.17691498352795074,B,pDC,0.7142857142857144,0.15626886523966402,0.2873322147651007,0.5590433482810164
proximal,3,archr_style,112,0.17976093968297774,pDC,pDC,0.7380952380952381,0.17976093968297774,0.31828859060402687,0.5986547085201793
proximal,4,raw_mean,112,0.2548596857374476,pDC,pDC,0.9285714285714287,0.2548596857374476,0.3143456375838926,0.6001494768310912
proximal,4,zscale_mean,112,0.2750918467668213,pDC,pDC,0.9047619047619048,0.2750918467668213,0.31468120805369126,0.601644245142003
proximal,4,lognorm_mean,112,0.17662176380288735,B,pDC,0.7142857142857144,0.17603532435276056,0.3157718120805369,0.609118086696562
proximal,4,pseudobulk_cpm,112,0.1802266415992549,Mono_CD14,pDC,0.28571428571428575,0.1440398778826086,0.3067953020134228,0.5911808669656203
proximal,4,depth_matched,112,0.23304068854890733,B,pDC,0.7380952380952381,0.15064594580609553,0.3183724832214765,0.6076233183856502
proximal,4,cpm_mean,112,0.17596633147627508,B,pDC,0.6666666666666669,0.15295720716835987,0.2860738255033557,0.5538116591928252
proximal,4,archr_style,112,0.17662176380288735,B,pDC,0.7142857142857144,0.17603532435276056,0.3157718120805369,0.609118086696562
proximal,5,raw_mean,112,0.24849509288165997,pDC,pDC,0.8095238095238096,0.24849509288165997,0.33045302013422817,0.6165919282511211
proximal,5,zscale_mean,112,0.27079704020559875,pDC,pDC,0.8095238095238096,0.27079704020559875,0.3299496644295302,0.6203288490284006
proximal,5,lognorm_mean,112,0.18231367611294133,B,pDC,0.523809523809524,0.1742415095641375,0.3125838926174497,0.5979073243647235
proximal,5,pseudobulk_cpm,112,0.19876847715473378,B,pDC,0.1666666666666667,0.14115942528933886,0.3092281879194631,0.5926756352765321
proximal,5,depth_matched,112,0.24269969125687774,B,pDC,0.8095238095238096,0.1488003863601083,0.3143456375838926,0.6053811659192825
proximal,5,cpm_mean,112,0.18196871173051382,B,pDC,0.7380952380952381,0.15471652551874018,0.286493288590604,0.5672645739910314
proximal,5,archr_style,112,0.18231367611294133,B,pDC,0.523809523809524,0.1742415095641375,0.3125838926174497,0.5979073243647235
proximal,6,raw_mean,112,0.2768856615554444,pDC,pDC,0.8333333333333335,0.2768856615554444,0.31233221476510065,0.5799701046337817
proximal,6,zscale_mean,112,0.29849768011452815,pDC,pDC,0.8333333333333335,0.29849768011452815,0.3124161073825503,0.5799701046337817
proximal,6,lognorm_mean,112,0.18157200269072218,pDC,pDC,0.6190476190476191,0.18157200269072218,0.31610738255033555,0.6068759342301944
proximal,6,pseudobulk_cpm,112,0.17810511064732568,B,pDC,0.3333333333333334,0.14759301102161201,0.3092281879194631,0.585949177877429
proximal,6,depth_matched,112,0.23117788088379876,B,pDC,0.6904761904761906,0.15725201372958242,0.3169463087248322,0.6038863976083707
proximal,6,cpm_mean,112,0.1844007106266278,B,pDC,0.7142857142857144,0.15640685099263502,0.2897651006711409,0.5590433482810164
proximal,6,archr_style,112,0.18157200269072218,pDC,pDC,0.6190476190476191,0.18157200269072218,0.31610738255033555,0.6068759342301944
proximal,7,raw_mean,112,0.2596546906531901,pDC,pDC,0.9523809523809524,0.2596546906531901,0.31845637583892616,0.6113602391629297
proximal,7,zscale_mean,112,0.28233609879779914,pDC,pDC,0.8333333333333335,0.28233609879779914,0.3182046979865772,0.6150971599402093
proximal,7,lognorm_mean,112,0.191938182382669,B,pDC,0.7380952380952381,0.17705296928092173,0.3195469798657718,0.6195814648729447
proximal,7,pseudobulk_cpm,112,0.18683270952274178,B,pDC,0.5000000000000001,0.1490246132086862,0.3130872483221476,0.6001494768310912
proximal,7,depth_matched,112,0.25310036738706726,B,pDC,0.7857142857142858,0.1516463425151353,0.3199664429530201,0.6233183856502242
proximal,7,cpm_mean,112,0.1871604256860479,B,pDC,0.7142857142857144,0.15651034030736327,0.2906040268456376,0.5724962630792227
proximal,7,archr_style,112,0.191938182382669,B,pDC,0.7380952380952381,0.17705296928092173,0.3195469798657718,0.6195814648729447
proximal,8,raw_mean,112,0.2854752746778895,pDC,pDC,0.9285714285714287,0.2854752746778895,0.32298657718120805,0.6195814648729447
proximal,8,zscale_mean,112,0.3057246839263846,pDC,pDC,0.9285714285714287,0.3057246839263846,0.32298657718120805,0.6180866965620329
proximal,8,lognorm_mean,112,0.19207616813564,B,pDC,0.7142857142857144,0.18529761802093933,0.31031879194630874,0.6128550074738416
proximal,8,pseudobulk_cpm,112,0.17932973420494333,B,pDC,0.38095238095238104,0.15306069648308812,0.31266778523489935,0.6053811659192825
proximal,8,depth_matched,112,0.24107835865946842,B,pDC,0.7857142857142858,0.16227124549390276,0.31711409395973156,0.6121076233183856
proximal,8,cpm_mean,112,0.18529761802093933,B,pDC,0.7142857142857144,0.16092588440243544,0.28942953020134227,0.5769805680119582
proximal,8,archr_style,112,0.19207616813564,B,pDC,0.7142857142857144,0.18529761802093933,0.31031879194630874,0.6128550074738416
proximal,9,raw_mean,112,0.28238784345516327,pDC,pDC,0.8571428571428572,0.28238784345516327,0.3295302013422819,0.617339312406577
proximal,9,zscale_mean,112,0.3031546992772996,pDC,pDC,0.880952380952381,0.3031546992772996,0.33104026845637585,0.6225710014947683
proximal,9,lognorm_mean,112,0.17926074132845785,B,pDC,0.523809523809524,0.17789813201786916,0.3160234899328859,0.6076233183856502
proximal,9,pseudobulk_cpm,112,0.18051986132431827,B,pDC,0.2380952380952381,0.14771374855546165,0.31401006711409396,0.5949177877428998
proximal,9,depth_matched,112,0.2398019904444866,B,pDC,0.7619047619047621,0.15466478086137606,0.3235738255033557,0.6098654708520179
proximal,9,cpm_mean,112,0.18024388981837625,B,pDC,0.6666666666666669,0.15582041154250822,0.2871644295302013,0.5620328849028401
proximal,9,archr_style,112,0.17926074132845785,B,pDC,0.523809523809524,0.17789813201786916,0.3160234899328859,0.6076233183856502
proximal,10,raw_mean,112,0.25641202545837144,pDC,pDC,0.8095238095238096,0.25641202545837144,0.3080536912751678,0.5971599402092675
proximal,10,zscale_mean,112,0.2801800714076272,pDC,pDC,0.8333333333333335,0.2801800714076272,0.3108221476510067,0.6068759342301944
proximal,10,lognorm_mean,112,0.18816082239508772,B,pDC,0.7142857142857144,0.1756731117512117,0.30981543624161073,0.6158445440956651
proximal,10,pseudobulk_cpm,112,0.1889369922555496,B,pDC,0.38095238095238104,0.1442641047311865,0.3094798657718121,0.6098654708520179
proximal,10,depth_matched,112,0.25285889231936803,B,pDC,0.8095238095238096,0.14755851458336927,0.3018456375838926,0.5979073243647235
proximal,10,cpm_mean,112,0.1822791796746986,B,pDC,0.7142857142857144,0.15533746140710972,0.28640939597315435,0.57847533632287
proximal,10,archr_style,112,0.18816082239508772,B,pDC,0.7142857142857144,0.1756731117512117,0.30981543624161073,0.6158445440956651
proximal,11,raw_mean,112,0.24259620194214948,pDC,DC,0.9523809523809524,0.24259620194214948,0.31409395973154364,0.609118086696562
proximal,11,zscale_mean,112,0.2636562774893492,pDC,DC,0.9523809523809524,0.2636562774893492,0.3136744966442953,0.6128550074738416
proximal,11,lognorm_mean,112,0.20185590837746004,B,DC,0.7857142857142858,0.17717370681477138,0.3163590604026846,0.6128550074738416
proximal,11,pseudobulk_cpm,112,0.17767390516929127,B,DC,0.261904761904762,0.14566121048001793,0.3068791946308725,0.5964125560538116
proximal,11,depth_matched,112,0.27471238594615105,B,DC,0.7857142857142858,0.14678234472290735,0.31157718120805367,0.6113602391629297
proximal,11,cpm_mean,112,0.18143401693775119,B,DC,0.6428571428571429,0.1572002690722183,0.2891778523489933,0.5597907324364724
proximal,11,archr_style,112,0.20185590837746004,B,DC,0.7857142857142858,0.17717370681477138,0.3163590604026846,0.6128550074738416
proximal,12,raw_mean,112,0.2732807837590769,pDC,pDC,0.8333333333333335,0.2732807837590769,0.3199664429530201,0.5979073243647235
proximal,12,zscale_mean,112,0.29689359573624025,pDC,pDC,0.8333333333333335,0.29689359573624025,0.3208053691275168,0.600896860986547
proximal,12,lognorm_mean,112,0.17684599065146522,pDC,pDC,0.880952380952381,0.17684599065146522,0.3063758389261745,0.5994020926756353
proximal,12,pseudobulk_cpm,112,0.18308984597340325,Mono_CD14,pDC,0.4761904761904762,0.14571295513738206,0.3068791946308725,0.594170403587444
proximal,12,depth_matched,112,0.2258136847370509,B,pDC,0.8333333333333335,0.1552684685306242,0.3156879194630873,0.6128550074738416
proximal,12,cpm_mean,112,0.17867430187833105,B,pDC,0.7619047619047621,0.15473377373786157,0.28557046979865774,0.5650224215246636
proximal,12,archr_style,112,0.17684599065146522,pDC,pDC,0.880952380952381,0.17684599065146522,0.3063758389261745,0.5994020926756353
proximal,13,raw_mean,112,0.24354485399382514,pDC,pDC,0.6666666666666669,0.24354485399382514,0.32063758389261743,0.6038863976083707
proximal,13,zscale_mean,112,0.26952067199061697,pDC,pDC,0.6666666666666669,0.26952067199061697,0.32348993288590605,0.6150971599402093
proximal,13,lognorm_mean,112,0.18024388981837625,B,pDC,0.6428571428571429,0.1791572520137296,0.31216442953020135,0.6038863976083707
proximal,13,pseudobulk_cpm,112,0.16854959725408353,B,pDC,0.30952380952380953,0.1426945167911413,0.3036073825503356,0.5971599402092675
proximal,13,depth_matched,112,0.24958173068630665,B,pDC,0.6666666666666669,0.15366438415233627,0.3199664429530201,0.6165919282511211
proximal,13,cpm_mean,112,0.17168877313417388,B,pDC,0.5714285714285715,0.15870086413577797,0.2789429530201342,0.5560538116591929
proximal,13,archr_style,112,0.18024388981837625,B,pDC,0.6428571428571429,0.1791572520137296,0.31216442953020135,0.6038863976083707
proximal,14,raw_mean,112,0.26172447694775514,pDC,pDC,0.9285714285714287,0.26172447694775514,0.311241610738255,0.5837070254110612
proximal,14,zscale_mean,112,0.2819911344153716,pDC,pDC,0.9285714285714287,0.2819911344153716,0.311744966442953,0.5874439461883408
proximal,14,lognorm_mean,112,0.17620780654397433,pDC,pDC,0.7142857142857144,0.17620780654397433,0.31149328859060404,0.6076233183856502
proximal,14,pseudobulk_cpm,112,0.1785708125636028,Mono_CD14,pDC,0.28571428571428575,0.14252203459992754,0.3072986577181208,0.5964125560538116
proximal,14,depth_matched,112,0.21061800369111888,B,pDC,0.5952380952380953,0.15121513703710093,0.2999161073825503,0.594170403587444
proximal,14,cpm_mean,112,0.17413802024940925,B,pDC,0.5000000000000001,0.1540610931921279,0.28691275167785235,0.5597907324364724
proximal,14,archr_style,112,0.17620780654397433,pDC,pDC,0.7142857142857144,0.17620780654397433,0.31149328859060404,0.6076233183856502
proximal,15,raw_mean,112,0.27655794539213824,pDC,pDC,0.9523809523809524,0.27655794539213824,0.29966442953020134,0.5807174887892377
proximal,15,zscale_mean,112,0.29596219190368594,pDC,pDC,0.9523809523809524,0.29596219190368594,0.30075503355704697,0.5807174887892377
proximal,15,lognorm_mean,112,0.19186918950618348,B,pDC,0.7619047619047621,0.1822791796746986,0.31140939597315437,0.5949177877428998
proximal,15,pseudobulk_cpm,112,0.18377977473825827,B,pDC,0.5714285714285715,0.15902858029908412,0.30964765100671143,0.5852017937219731
proximal,15,depth_matched,112,0.2480638874036256,B,pDC,0.7380952380952381,0.156682822498577,0.3150167785234899,0.6098654708520179
proximal,15,cpm_mean,112,0.18733290787726167,B,pDC,0.7142857142857144,0.1630129189161219,0.286744966442953,0.5665171898355755
proximal,15,archr_style,112,0.19186918950618348,B,pDC,0.7619047619047621,0.1822791796746986,0.31140939597315437,0.5949177877428998
proximal,16,raw_mean,112,0.2621039377684254,pDC,pDC,0.9047619047619048,0.2621039377684254,0.3214765100671141,0.5926756352765321
proximal,16,zscale_mean,112,0.2851820549528261,pDC,pDC,0.9047619047619048,0.2851820549528261,0.32156040268456376,0.5994020926756353
proximal,16,lognorm_mean,112,0.17755316763544163,pDC,pDC,0.7065994945288228,0.17755316763544163,0.3130872483221476,0.5956651718983558
proximal,16,pseudobulk_cpm,112,0.16915328492333168,B,pDC,0.07142857142857144,0.14131465926143125,0.30511744966442955,0.5769805680119582
proximal,16,depth_matched,112,0.23735274332925124,B,pDC,0.7380952380952381,0.15176708004898495,0.3175335570469799,0.601644245142003
proximal,16,cpm_mean,112,0.17527640271142006,B,pDC,0.4761904761904762,0.15473377373786157,0.2813758389261745,0.5433482810164425
proximal,16,archr_style,112,0.17755316763544163,pDC,pDC,0.7065994945288228,0.17755316763544163,0.3130872483221476,0.5956651718983558
proximal,17,raw_mean,112,0.28269831139934803,pDC,pDC,0.9285714285714287,0.28269831139934803,0.30075503355704697,0.5695067264573991
proximal,17,zscale_mean,112,0.30277523845662935,pDC,pDC,0.9285714285714287,0.30277523845662935,0.30151006711409395,0.5754857997010463
proximal,17,lognorm_mean,112,0.19664694620280457,B,pDC,0.8571428571428572,0.18415923555892855,0.3070469798657718,0.5994020926756353
proximal,17,pseudobulk_cpm,112,0.18848853855839384,B,pDC,0.7619047619047621,0.15832140331510772,0.3080536912751678,0.5926756352765321
proximal,17,depth_matched,112,0.2573606775100471,B,pDC,0.880952380952381,0.15973575728306053,0.30964765100671143,0.593423019431988
proximal,17,cpm_mean,112,0.19247287717543163,B,pDC,0.8333333333333335,0.16006347344636665,0.2825503355704698,0.5582959641255605
proximal,17,archr_style,112,0.19664694620280457,B,pDC,0.8571428571428572,0.18415923555892855,0.3070469798657718,0.5994020926756353
proximal,18,raw_mean,112,0.2559290753229729,pDC,pDC,0.8095238095238096,0.2559290753229729,0.31786912751677854,0.5896860986547086
proximal,18,zscale_mean,112,0.27919692291770876,pDC,pDC,0.8095238095238096,0.27919692291770876,0.3176174496644295,0.5904334828101644
proximal,18,lognorm_mean,112,0.17782913914138365,pDC,pDC,0.5476190476190477,0.17782913914138365,0.31451342281879197,0.6038863976083707
proximal,18,pseudobulk_cpm,112,0.17563861531296893,B,pDC,-0.07142857142857144,0.14393638856788038,0.3067953020134228,0.5971599402092675
proximal,18,depth_matched,112,0.237387239767494,B,pDC,0.8571428571428572,0.15331941976990876,0.31476510067114094,0.6083707025411061
proximal,18,cpm_mean,112,0.1795022163961571,B,pDC,0.2380952380952381,0.15587215619987235,0.28624161073825505,0.5590433482810164
proximal,18,archr_style,112,0.17782913914138365,pDC,pDC,0.5476190476190477,0.17782913914138365,0.31451342281879197,0.6038863976083707
proximal,19,raw_mean,112,0.25325560135915964,pDC,pDC,0.9285714285714287,0.25325560135915964,0.32273489932885907,0.6121076233183856
proximal,19,zscale_mean,112,0.2757817755316764,pDC,pDC,0.9285714285714287,0.2757817755316764,0.32248322147651004,0.6143497757847534
proximal,19,lognorm_mean,112,0.18079583283026027,B,pDC,0.7619047619047621,0.17475895613777878,0.3111577181208054,0.6031390134529148
proximal,19,pseudobulk_cpm,112,0.17172326957241665,B,pDC,0.261904761904762,0.14626489814926608,0.3105704697986577,0.5889387144992526
proximal,19,depth_matched,112,0.2467702709695224,B,pDC,0.8333333333333335,0.14828293978646706,0.3194630872483222,0.6158445440956651
proximal,19,cpm_mean,112,0.1779498766752333,B,pDC,0.6428571428571429,0.15695879400451904,0.2889261744966443,0.5680119581464873
proximal,19,archr_style,112,0.18079583283026027,B,pDC,0.7619047619047621,0.17475895613777878,0.3111577181208054,0.6031390134529148
enhancer,0,raw_mean,112,0.36575914649489205,pDC,pDC,0.7380952380952381,0.36575914649489205,0.3195617028920424,0.6032921810699589
enhancer,0,zscale_mean,112,0.3663630416184389,pDC,pDC,0.7380952380952381,0.3663630416184389,0.31920244296748695,0.6049382716049383
enhancer,0,lognorm_mean,112,0.1943032560012078,pDC,pDC,0.38095238095238104,0.1943032560012078,0.3190228130052093,0.6263374485596708
enhancer,0,pseudobulk_cpm,112,0.1663227819435358,pDC,pDC,0.19047619047619052,0.1663227819435358,0.31965151787318125,0.6090534979423868
enhancer,0,depth_matched,112,0.1880630063912234,pDC,pDC,0.6904761904761906,0.1880630063912234,0.3191126279863481,0.6279835390946502
enhancer,0,cpm_mean,112,0.1615419455487897,pDC,pDC,0.2142857142857143,0.1615419455487897,0.30402371115502064,0.6082304526748972
enhancer,0,archr_style,112,0.19420260681395,pDC,pDC,0.38095238095238104,0.19420260681395,0.3190228130052093,0.6263374485596708
enhancer,1,raw_mean,112,0.4221226913592673,pDC,pDC,0.8095238095238096,0.4221226913592673,0.3310580204778157,0.6386831275720165
enhancer,1,zscale_mean,112,0.42177041920386493,pDC,pDC,0.8095238095238096,0.42177041920386493,0.3312376504400934,0.6386831275720165
enhancer,1,lognorm_mean,112,0.19314579034774293,pDC,pDC,0.3333333333333334,0.19314579034774293,0.3164181785521825,0.6395061728395062
enhancer,1,pseudobulk_cpm,112,0.1601831815208092,pDC,pDC,0.023809523809523815,0.1601831815208092,0.3162385485899048,0.6378600823045267
enhancer,1,depth_matched,112,0.18690554073775853,pDC,pDC,0.3333333333333334,0.18690554073775853,0.31830429315609843,0.6353909465020576
enhancer,1,cpm_mean,112,0.1600825323335514,pDC,pDC,0.04761904761904763,0.1600825323335514,0.2968385126639123,0.5958847736625514
enhancer,1,archr_style,112,0.19304514116048513,pDC,pDC,0.3333333333333334,0.19304514116048513,0.3164181785521825,0.6395061728395062
enhancer,2,raw_mean,112,0.4230788586382165,pDC,pDC,0.8333333333333335,0.4230788586382165,0.3129153942877672,0.6106995884773663
enhancer,2,zscale_mean,112,0.42282723567007197,pDC,pDC,0.8333333333333335,0.42282723567007197,0.3125561343632118,0.6123456790123457
enhancer,2,lognorm_mean,112,0.20633083387851642,pDC,pDC,0.30952380952380953,0.20633083387851642,0.3242320819112628,0.642798353909465
enhancer,2,pseudobulk_cpm,112,0.1615922701424186,pDC,pDC,0.19047619047619052,0.1615922701424186,0.31983114783545896,0.6222222222222222
enhancer,2,depth_matched,112,0.19933571536409844,pDC,pDC,0.3571428571428572,0.19933571536409844,0.32243578228848574,0.6296296296296297
enhancer,2,cpm_mean,112,0.1615922701424186,pDC,pDC,0.19047619047619052,0.1615922701424186,0.29800610741871747,0.5967078189300411
enhancer,2,archr_style,112,0.20633083387851642,pDC,pDC,0.30952380952380953,0.20633083387851642,0.3242320819112628,0.642798353909465
enhancer,3,raw_mean,112,0.4003824669115797,pDC,pDC,0.7619047619047621,0.4003824669115797,0.31453206394826655,0.6123456790123457
enhancer,3,zscale_mean,112,0.4043581098082633,pDC,pDC,0.7619047619047621,0.4043581098082633,0.31516076881623856,0.6131687242798354
enhancer,3,lognorm_mean,112,0.1975240299934578,pDC,pDC,-0.09523809523809526,0.1975240299934578,0.32037003772229206,0.6296296296296297
enhancer,3,pseudobulk_cpm,112,0.1562578632177545,pDC,pDC,0.19047619047619052,0.1562578632177545,0.31848392311837614,0.6337448559670782
enhancer,3,depth_matched,112,0.18886819988928588,pDC,pDC,0.4047619047619048,0.18886819988928588,0.32270522723190226,0.6411522633744856
enhancer,3,cpm_mean,112,0.1600825323335514,pDC,pDC,0.11904761904761905,0.1600825323335514,0.2977366624753009,0.5958847736625514
enhancer,3,archr_style,112,0.1974737053998289,pDC,pDC,-0.09523809523809526,0.1974737053998289,0.32037003772229206,0.6296296296296297
enhancer,4,raw_mean,112,0.4441648633687283,pDC,pDC,0.8095238095238096,0.4441648633687283,0.33581821447817495,0.6271604938271605
enhancer,4,zscale_mean,112,0.4495999194806502,pDC,pDC,0.8095238095238096,0.4495999194806502,0.3370756242141189,0.6329218106995885
enhancer,4,lognorm_mean,112,0.20316038447989532,pDC,pDC,0.3571428571428572,0.20316038447989532,0.3166876234955991,0.6189300411522634
enhancer,4,pseudobulk_cpm,112,0.15424487947259827,pDC,pDC,0.04761904761904763,0.15424487947259827,0.31704688342015447,0.6222222222222222
enhancer,4,depth_matched,112,0.1965175381208797,pDC,pDC,0.4761904761904762,0.1965175381208797,0.32333393209987427,0.6353909465020576
enhancer,4,cpm_mean,112,0.15897539127371546,pDC,pDC,0.3333333333333334,0.15897539127371546,0.2926172085503862,0.5818930041152264
enhancer,4,archr_style,112,0.20305973529263752,pDC,pDC,0.3571428571428572,0.20305973529263752,0.3166876234955991,0.6189300411522634
enhancer,5,raw_mean,112,0.443259020683408,pDC,pDC,0.8095238095238096,0.443259020683408,0.32944135081731635,0.6436213991769547
enhancer,5,zscale_mean,112,0.44617784711388453,pDC,pDC,0.8095238095238096,0.44617784711388453,0.32998024070414944,0.6469135802469136
enhancer,5,lognorm_mean,112,0.1991344169895828,pDC,pDC,0.09523809523809526,0.1991344169895828,0.3150709538350997,0.6395061728395062
enhancer,5,pseudobulk_cpm,112,0.1553520205324342,pDC,pDC,0.19047619047619052,0.1553520205324342,0.31498113885396084,0.6205761316872428
enhancer,5,depth_matched,112,0.1936993608776609,pDC,pDC,0.28571428571428575,0.1936993608776609,0.3176755882881265,0.6353909465020576
enhancer,5,cpm_mean,112,0.15706305671581702,pDC,pDC,0.2380952380952381,0.15706305671581702,0.29019220405963714,0.5851851851851851
enhancer,5,archr_style,112,0.19903376780232498,pDC,pDC,0.09523809523809526,0.19903376780232498,0.3150709538350997,0.6395061728395062
enhancer,6,raw_mean,112,0.4354587086709275,pDC,pDC,0.7142857142857144,0.4354587086709275,0.3162385485899048,0.6263374485596708
enhancer,6,zscale_mean,112,0.43681747269890797,pDC,pDC,0.7619047619047621,0.43681747269890797,0.31632836357104366,0.6288065843621399
enhancer,6,lognorm_mean,112,0.19918474158321173,pDC,pDC,0.2142857142857143,0.19918474158321173,0.3309682054966768,0.6469135802469136
enhancer,6,pseudobulk_cpm,112,0.16063610286346938,pDC,pDC,-0.07142857142857144,0.16063610286346938,0.3214478174959583,0.6255144032921811
enhancer,6,depth_matched,112,0.19948668914498516,pDC,pDC,0.7142857142857144,0.19948668914498516,0.32971079576073287,0.6469135802469136
enhancer,6,cpm_mean,112,0.1578682502138795,pDC,pDC,-0.023809523809523815,0.1578682502138795,0.3017783366265493,0.6
enhancer,6,archr_style,112,0.19903376780232498,pDC,pDC,0.2142857142857143,0.19903376780232498,0.3309682054966768,0.6469135802469136
enhancer,7,raw_mean,112,0.46394242866488855,pDC,pDC,0.880952380952381,0.46394242866488855,0.32387282198670736,0.6296296296296297
enhancer,7,zscale_mean,112,0.4644959991948065,pDC,pDC,0.880952380952381,0.4644959991948065,0.3240524519489851,0.6320987654320988
enhancer,7,lognorm_mean,112,0.20789089628101254,pDC,pDC,-0.1666666666666667,0.20789089628101254,0.3210885575714029,0.6460905349794238
enhancer,7,pseudobulk_cpm,112,0.16033415530169595,pDC,pDC,-0.023809523809523815,0.16033415530169595,0.31309502425004493,0.6148148148148148
enhancer,7,depth_matched,112,0.20713602737657894,pDC,pDC,0.4761904761904762,0.20713602737657894,0.3257589365906233,0.6526748971193416
enhancer,7,cpm_mean,112,0.15806954858839514,pDC,pDC,0.09523809523809526,0.15806954858839514,0.29459313813544097,0.5917695473251029
enhancer,7,archr_style,112,0.20784057168738362,pDC,pDC,-0.1666666666666667,0.20784057168738362,0.3210885575714029,0.6460905349794238
enhancer,8,raw_mean,112,0.4026470736248805,pDC,pDC,0.880952380952381,0.4026470736248805,0.31776540326926533,0.6213991769547325
enhancer,8,zscale_mean,112,0.4042574606210055,pDC,pDC,0.880952380952381,0.4042574606210055,0.31821447817495957,0.6246913580246913
enhancer,8,lognorm_mean,112,0.1935987116904031,pDC,pDC,0.523809523809524,0.1935987116904031,0.3290820908927609,0.642798353909465
enhancer,8,pseudobulk_cpm,112,0.1569624075285592,pDC,pDC,0.19047619047619052,0.1569624075285592,0.3225255972696246,0.6246913580246913
enhancer,8,depth_matched,112,0.19702078405716875,B,pDC,0.6904761904761906,0.18398671430728197,0.3167774384767379,0.6395061728395062
enhancer,8,cpm_mean,112,0.16038447989532484,pDC,pDC,0.28571428571428575,0.16038447989532484,0.3050116759475481,0.6
enhancer,8,archr_style,112,0.1935483870967742,pDC,pDC,0.523809523809524,0.1935483870967742,0.3290820908927609,0.642798353909465
enhancer,9,raw_mean,112,0.42207236676563836,pDC,pDC,0.8571428571428572,0.42207236676563836,0.32782468115681695,0.6164609053497943
enhancer,9,zscale_mean,112,0.4246892456343415,pDC,pDC,0.8571428571428572,0.4246892456343415,0.32782468115681695,0.6172839506172839
enhancer,9,lognorm_mean,112,0.20180162045191485,pDC,pDC,0.04761904761904763,0.20180162045191485,0.3255793066283456,0.6502057613168725
enhancer,9,pseudobulk_cpm,112,0.1590760404609733,pDC,pDC,0.04761904761904763,0.1590760404609733,0.31920244296748695,0.6312757201646091
enhancer,9,depth_matched,112,0.1967188364953953,pDC,pDC,0.5714285714285715,0.1967188364953953,0.3237830070055685,0.6386831275720165
enhancer,9,cpm_mean,112,0.1562578632177545,pDC,pDC,0.09523809523809526,0.1562578632177545,0.29836536734327285,0.605761316872428
enhancer,9,archr_style,112,0.20170097126465703,pDC,pDC,0.04761904761904763,0.20170097126465703,0.3255793066283456,0.6502057613168725
enhancer,10,raw_mean,112,0.3935886467716773,pDC,pDC,0.8095238095238096,0.3935886467716773,0.33231543021375964,0.6403292181069958
enhancer,10,zscale_mean,112,0.3962558502340094,pDC,pDC,0.8095238095238096,0.3962558502340094,0.3322256152326208,0.6419753086419753
enhancer,10,lognorm_mean,112,0.20004025967490313,pDC,pDC,0.04761904761904763,0.20004025967490313,0.3322256152326208,0.6345679012345679
enhancer,10,pseudobulk_cpm,112,0.16139097176790299,pDC,pDC,0.03592878785739777,0.16139097176790299,0.3172265133824322,0.6279835390946502
enhancer,10,depth_matched,112,0.19611494137184843,pDC,pDC,0.38095238095238104,0.19611494137184843,0.33626728938386924,0.654320987654321
enhancer,10,cpm_mean,112,0.1584721453374264,pDC,pDC,0.19047619047619052,0.1584721453374264,0.2927968385126639,0.5876543209876544
enhancer,10,archr_style,112,0.1999396104876453,pDC,pDC,0.04761904761904763,0.1999396104876453,0.3322256152326208,0.6345679012345679
enhancer,11,raw_mean,112,0.4060188213980172,pDC,pDC,0.7380952380952381,0.4060188213980172,0.3258487515717622,0.6329218106995885
enhancer,11,zscale_mean,112,0.40813245433043127,pDC,pDC,0.7380952380952381,0.40813245433043127,0.3262978264774564,0.6353909465020576
enhancer,11,lognorm_mean,112,0.1975240299934578,pDC,pDC,0.19047619047619052,0.1975240299934578,0.3287228309682055,0.6452674897119342
enhancer,11,pseudobulk_cpm,112,0.16370590307483268,pDC,pDC,0.09523809523809526,0.16370590307483268,0.32477097179809594,0.6279835390946502
enhancer,11,depth_matched,112,0.18942177041920386,pDC,pDC,0.5000000000000001,0.18942177041920386,0.3338422848931202,0.6502057613168725
enhancer,11,cpm_mean,112,0.16415882441749283,pDC,pDC,0.2142857142857143,0.16415882441749283,0.30698760553260285,0.6090534979423868
enhancer,11,archr_style,112,0.1973730562125711,pDC,pDC,0.19047619047619052,0.1973730562125711,0.3287228309682055,0.6452674897119342
enhancer,12,raw_mean,112,0.4397866237230134,pDC,pDC,0.6904761904761906,0.4397866237230134,0.343183042931561,0.6576131687242799
enhancer,12,zscale_mean,112,0.4471340143928338,pDC,pDC,0.7619047619047621,0.4471340143928338,0.3441710077240884,0.6617283950617284
enhancer,12,lognorm_mean,112,0.20401590257158672,pDC,pDC,0.14285714285714288,0.20401590257158672,0.3220765223639303,0.6493827160493827
enhancer,12,pseudobulk_cpm,112,0.15479845000251624,pDC,pDC,0.023809523809523815,0.15479845000251624,0.31282557930662835,0.6189300411522634
enhancer,12,depth_matched,112,0.19218962306879372,pDC,pDC,0.3571428571428572,0.19218962306879372,0.3183941081372373,0.6493827160493827
enhancer,12,cpm_mean,112,0.15912636505460218,pDC,pDC,0.28571428571428575,0.15912636505460218,0.28758756960661036,0.5901234567901235
enhancer,12,archr_style,112,0.20401590257158672,pDC,pDC,0.14285714285714288,0.20401590257158672,0.3220765223639303,0.6493827160493827
enhancer,13,raw_mean,112,0.4199084092395954,pDC,pDC,0.6666666666666669,0.4199084092395954,0.315520028740794,0.6131687242798354
enhancer,13,zscale_mean,112,0.42031100598862664,pDC,pDC,0.6666666666666669,0.42031100598862664,0.3157894736842105,0.6148148148148148
enhancer,13,lognorm_mean,112,0.20673343062754768,pDC,pDC,0.19047619047619052,0.20673343062754768,0.32620801149631756,0.6477366255144033
enhancer,13,pseudobulk_cpm,112,0.16194454229782093,pDC,pDC,0.023809523809523815,0.16194454229782093,0.32288485719418,0.6238683127572017
enhancer,13,depth_matched,112,0.20698505359569222,pDC,pDC,0.4761904761904762,0.20698505359569222,0.3326746901383151,0.6436213991769547
enhancer,13,cpm_mean,112,0.16063610286346938,pDC,pDC,0.11904761904761905,0.16063610286346938,0.29764684749416204,0.6106995884773663
enhancer,13,archr_style,112,0.20663278144028988,pDC,pDC,0.19047619047619052,0.20663278144028988,0.32620801149631756,0.6477366255144033
enhancer,14,raw_mean,112,0.4439132404005838,pDC,pDC,0.7380952380952381,0.4439132404005838,0.34048859349739535,0.6534979423868312
enhancer,14,zscale_mean,112,0.44537265361582207,pDC,pDC,0.7380952380952381,0.44537265361582207,0.34093766840308964,0.660082304526749
enhancer,14,lognorm_mean,112,0.20009058426853202,pDC,pDC,0.4047619047619048,0.20009058426853202,0.3213580025148195,0.6559670781893004
enhancer,14,pseudobulk_cpm,112,0.16043480448895375,pDC,pDC,0.11904761904761905,0.16043480448895375,0.3153403987785163,0.6296296296296297
enhancer,14,depth_matched,112,0.1928941673795984,pDC,pDC,0.6666666666666669,0.1928941673795984,0.3207292976468475,0.642798353909465
enhancer,14,cpm_mean,112,0.16063610286346938,pDC,pDC,0.04761904761904763,0.16063610286346938,0.3006107418717442,0.6008230452674898
enhancer,14,archr_style,112,0.19998993508127422,pDC,pDC,0.4047619047619048,0.19998993508127422,0.3213580025148195,0.6559670781893004
enhancer,15,raw_mean,112,0.40833375270494693,pDC,pDC,0.9523809523809524,0.40833375270494693,0.31569965870307165,0.6123456790123457
enhancer,15,zscale_mean,112,0.4106486840118766,pDC,pDC,0.9523809523809524,0.4106486840118766,0.315520028740794,0.6123456790123457
enhancer,15,lognorm_mean,112,0.20039253183030548,pDC,pDC,0.38095238095238104,0.20039253183030548,0.3200107777977367,0.6395061728395062
enhancer,15,pseudobulk_cpm,112,0.1614916209551608,pDC,pDC,-0.09523809523809526,0.1614916209551608,0.31381354409915574,0.6189300411522634
enhancer,15,depth_matched,112,0.19244124603693824,B,pDC,0.6190476190476191,0.18922047204468823,0.31282557930662835,0.6230452674897119
enhancer,15,cpm_mean,112,0.1623974636404811,pDC,pDC,-0.023809523809523815,0.1623974636404811,0.303844081192743,0.6041152263374485
enhancer,15,archr_style,112,0.20029188264304765,pDC,pDC,0.38095238095238104,0.20029188264304765,0.3200107777977367,0.6395061728395062
enhancer,16,raw_mean,112,0.3664133662120678,pDC,pDC,0.8095238095238096,0.3664133662120678,0.3209089276091252,0.6246913580246913
enhancer,16,zscale_mean,112,0.36948316642343115,pDC,pDC,0.8095238095238096,0.36948316642343115,0.32063948266570863,0.6255144032921811
enhancer,16,lognorm_mean,112,0.19455487896935234,pDC,pDC,0.4761904761904762,0.19455487896935234,0.3248607867792348,0.6469135802469136
enhancer,16,pseudobulk_cpm,112,0.15479845000251624,pDC,pDC,0.04761904761904763,0.15479845000251624,0.313633914136878,0.6255144032921811
enhancer,16,depth_matched,112,0.202254541794575,B,pDC,0.7619047619047621,0.18911982285743043,0.3270163463265673,0.6502057613168725
enhancer,16,cpm_mean,112,0.1569624075285592,pDC,pDC,0.023809523809523815,0.1569624075285592,0.28875516436141546,0.5925925925925926
enhancer,16,archr_style,112,0.19450455437572342,pDC,pDC,0.4761904761904762,0.19450455437572342,0.3248607867792348,0.6469135802469136
enhancer,17,raw_mean,112,0.39691006995118516,pDC,pDC,0.7619047619047621,0.39691006995118516,0.3121070594575175,0.6139917695473252
enhancer,17,zscale_mean,112,0.4011876604096422,pDC,pDC,0.7619047619047621,0.4011876604096422,0.31264594934435064,0.6189300411522634
enhancer,17,lognorm_mean,112,0.19480650193749685,pDC,pDC,0.023809523809523815,0.19480650193749685,0.32692653134542843,0.6493827160493827
enhancer,17,pseudobulk_cpm,112,0.15112475466760605,pDC,pDC,0.07142857142857144,0.15112475466760605,0.32333393209987427,0.6288065843621399
enhancer,17,depth_matched,112,0.19380001006491873,pDC,pDC,0.09523809523809526,0.19380001006491873,0.3230644871564577,0.6452674897119342
enhancer,17,cpm_mean,112,0.15474812540888733,pDC,pDC,0.09523809523809526,0.15474812540888733,0.298904257230106,0.5991769547325103
enhancer,17,archr_style,112,0.19480650193749685,pDC,pDC,0.023809523809523815,0.19480650193749685,0.32692653134542843,0.6493827160493827
enhancer,18,raw_mean,112,0.33541341653666146,pDC,pDC,0.4761904761904762,0.33541341653666146,0.32198670738279145,0.6386831275720165
enhancer,18,zscale_mean,112,0.34371697448543104,pDC,pDC,0.4761904761904762,0.34371697448543104,0.3244117118735405,0.6419753086419753
enhancer,18,lognorm_mean,112,0.19249157063056715,pDC,pDC,-0.14285714285714288,0.19249157063056715,0.31866355308065386,0.6411522633744856
enhancer,18,pseudobulk_cpm,112,0.16335363091943034,pDC,pDC,0.11904761904761905,0.16335363091943034,0.3195617028920424,0.6238683127572017
enhancer,18,depth_matched,112,0.18252730109204368,pDC,pDC,0.19047619047619052,0.18252730109204368,0.32081911262798635,0.6419753086419753
enhancer,18,cpm_mean,112,0.16365557848120377,pDC,pDC,0.19047619047619052,0.16365557848120377,0.29692832764505117,0.6049382716049383
enhancer,18,archr_style,112,0.19239092144330935,pDC,pDC,-0.14285714285714288,0.19239092144330935,0.31866355308065386,0.6411522633744856
enhancer,19,raw_mean,112,0.4638417794776307,pDC,pDC,0.8333333333333335,0.4638417794776307,0.3277348661756781,0.6304526748971193
enhancer,19,zscale_mean,112,0.4659050878164159,pDC,pDC,0.8333333333333335,0.4659050878164159,0.32800431111909467,0.6337448559670782
enhancer,19,lognorm_mean,112,0.20160032207739922,pDC,pDC,0.261904761904762,0.20160032207739922,0.3213580025148195,0.6436213991769547
enhancer,19,pseudobulk_cpm,112,0.16219616526596548,pDC,pDC,0.09523809523809526,0.16219616526596548,0.3150709538350997,0.6238683127572017
enhancer,19,depth_matched,112,0.20738765034472348,pDC,pDC,0.4047619047619048,0.20738765034472348,0.31983114783545896,0.6378600823045267
enhancer,19,cpm_mean,112,0.1593276634291178,pDC,pDC,0.023809523809523815,0.1593276634291178,0.29459313813544097,0.6024691358024692
enhancer,19,archr_style,112,0.20149967289014142,pDC,pDC,0.261904761904762,0.20149967289014142,0.3213580025148195,0.6436213991769547
