cohort,target_depth,spread,deep_type,seed,method,n_cells,n_genes_expressed,realised_spread,top_share,top_type,deep_wins,deep_type_share,shallowest_type,rho_depth_share,p_depth_share,rho_detection_share,markers_correct,markers_total,perm_p,null_mean,per_lineage
HCC,5629.6,natural,none,-1,raw_mean,12029,58450,1.8353122472763062,0.6706415739948675,Endothelial_stromal,,,CD4_T,0.8285714285714287,0.04156268221574335,0.942857142857143,15,22,0.0,4.1585,B_cell 4/5; Hepatocyte 4/5; Macrophage 2/6; NK_cytotoxic_T 5/6
HCC,5629.6,natural,none,-1,zscale_mean,12029,58450,1.8353122472763062,0.653464499572284,Endothelial_stromal,,,CD4_T,0.8285714285714287,0.04156268221574335,0.942857142857143,16,22,0.0,4.283,B_cell 4/5; Hepatocyte 4/5; Macrophage 3/6; NK_cytotoxic_T 5/6
HCC,5629.6,natural,none,-1,lognorm_mean,12029,58450,1.8353122472763062,0.3362360992301112,Hepatocyte,,,CD4_T,0.942857142857143,0.004804664723032055,0.8857142857142858,19,22,0.0,5.0585,B_cell 4/5; Hepatocyte 4/5; Macrophage 6/6; NK_cytotoxic_T 5/6
HCC,5629.6,natural,none,-1,pseudobulk_cpm,12029,58450,1.8353122472763062,0.31647562018819503,Hepatocyte,,,CD4_T,0.7714285714285715,0.07239650145772594,0.7142857142857143,20,22,0.0,5.116,B_cell 5/5; Hepatocyte 4/5; Macrophage 6/6; NK_cytotoxic_T 5/6
HCC,5629.6,natural,none,-1,cpm_mean,12029,58450,1.8353122472763062,0.30097519247219845,Hepatocyte,,,CD4_T,0.7142857142857143,0.11078717201166179,0.7714285714285715,19,22,0.0,5.032,B_cell 4/5; Hepatocyte 4/5; Macrophage 6/6; NK_cytotoxic_T 5/6
HCC,5629.6,1,B_cell,0,raw_mean,12029,58257,1.003389835357666,0.29723466707863433,Hepatocyte,0.0,0.1455104107660882,CD4_T,,,0.48571428571428577,19,22,0.0,5.121,B_cell 4/5; Hepatocyte 4/5; Macrophage 6/6; NK_cytotoxic_T 5/6
HCC,5629.6,1,B_cell,0,zscale_mean,12029,58257,1.003389835357666,0.30789433029507185,Hepatocyte,0.0,0.14240348799285923,CD4_T,,,0.48571428571428577,19,22,0.0,5.0185,B_cell 4/5; Hepatocyte 4/5; Macrophage 6/6; NK_cytotoxic_T 5/6
HCC,5629.6,1,B_cell,0,lognorm_mean,12029,58257,1.003389835357666,0.30743086667696584,Hepatocyte,0.0,0.14842851502823695,CD4_T,,,0.3142857142857143,19,22,0.0,5.111,B_cell 4/5; Hepatocyte 4/5; Macrophage 6/6; NK_cytotoxic_T 5/6
HCC,5629.6,1,B_cell,0,pseudobulk_cpm,12029,58257,1.003389835357666,0.2953464819678322,Hepatocyte,0.0,0.14975024460579844,CD4_T,,,0.2,19,22,0.0,5.1465,B_cell 4/5; Hepatocyte 4/5; Macrophage 6/6; NK_cytotoxic_T 5/6
HCC,5629.6,1,B_cell,0,cpm_mean,12029,58257,1.003389835357666,0.29292617196216764,Hepatocyte,0.0,0.15181008290849168,CD4_T,,,0.2,19,22,0.0,5.107,B_cell 4/5; Hepatocyte 4/5; Macrophage 6/6; NK_cytotoxic_T 5/6
HCC,5629.6,2,B_cell,0,raw_mean,12029,58128,2.002495527267456,0.3570740434902285,B_cell,1.0,0.3570740434902285,NK_cytotoxic_T,0.942857142857143,0.004804664723032055,0.942857142857143,18,22,0.0,4.68,B_cell 5/5; Hepatocyte 4/5; Macrophage 5/6; NK_cytotoxic_T 4/6
HCC,5629.6,2,B_cell,0,zscale_mean,12029,58128,2.002495527267456,0.3514657308009909,B_cell,1.0,0.3514657308009909,NK_cytotoxic_T,0.942857142857143,0.004804664723032055,0.942857142857143,19,22,0.0,4.7235,B_cell 5/5; Hepatocyte 4/5; Macrophage 6/6; NK_cytotoxic_T 4/6
HCC,5629.6,2,B_cell,0,lognorm_mean,12029,58128,2.002495527267456,0.26887214423341593,B_cell,1.0,0.26887214423341593,NK_cytotoxic_T,0.7714285714285715,0.07239650145772594,0.7714285714285715,20,22,0.0,5.108,B_cell 5/5; Hepatocyte 4/5; Macrophage 6/6; NK_cytotoxic_T 5/6
HCC,5629.6,2,B_cell,0,pseudobulk_cpm,12029,58128,2.002495527267456,0.29183870079823837,Hepatocyte,0.0,0.14817299752270852,NK_cytotoxic_T,0.4285714285714286,0.3965014577259473,0.4285714285714286,20,22,0.0,5.042,B_cell 5/5; Hepatocyte 4/5; Macrophage 6/6; NK_cytotoxic_T 5/6
HCC,5629.6,2,B_cell,0,cpm_mean,12029,58128,2.002495527267456,0.2881055601431324,Hepatocyte,0.0,0.14948045692265347,NK_cytotoxic_T,0.4285714285714286,0.3965014577259473,0.4285714285714286,19,22,0.0,5.0705,B_cell 4/5; Hepatocyte 4/5; Macrophage 6/6; NK_cytotoxic_T 5/6
HCC,5629.6,5,B_cell,0,raw_mean,12029,57971,5.01115083694458,0.4878646219661555,B_cell,1.0,0.4878646219661555,Endothelial_stromal,0.8857142857142858,0.01884548104956266,0.8857142857142858,16,22,0.0,4.648,B_cell 5/5; Hepatocyte 4/5; Macrophage 6/6; NK_cytotoxic_T 1/6
HCC,5629.6,5,B_cell,0,zscale_mean,12029,57971,5.01115083694458,0.48046437011609255,B_cell,1.0,0.48046437011609255,Endothelial_stromal,0.8857142857142858,0.01884548104956266,0.8857142857142858,17,22,0.0,4.653,B_cell 5/5; Hepatocyte 4/5; Macrophage 6/6; NK_cytotoxic_T 2/6
HCC,5629.6,5,B_cell,0,lognorm_mean,12029,57971,5.01115083694458,0.3540390885097721,B_cell,1.0,0.3540390885097721,Endothelial_stromal,0.7142857142857143,0.11078717201166179,0.7142857142857143,18,22,0.0,4.545,B_cell 5/5; Hepatocyte 4/5; Macrophage 6/6; NK_cytotoxic_T 3/6
HCC,5629.6,5,B_cell,0,pseudobulk_cpm,12029,57971,5.01115083694458,0.2735850683962671,Hepatocyte,0.0,0.14303703575925894,Endothelial_stromal,-0.2571428571428572,0.6227871720116619,-0.2571428571428572,19,22,0.0,5.1245,B_cell 4/5; Hepatocyte 4/5; Macrophage 6/6; NK_cytotoxic_T 5/6
HCC,5629.6,5,B_cell,0,cpm_mean,12029,57971,5.01115083694458,0.2714978178744545,Hepatocyte,0.0,0.1439512859878215,Endothelial_stromal,-0.2571428571428572,0.6227871720116619,-0.2571428571428572,19,22,0.0,5.075,B_cell 4/5; Hepatocyte 4/5; Macrophage 6/6; NK_cytotoxic_T 5/6
HCC,5629.6,10,B_cell,0,raw_mean,12029,57769,10.109910011291504,0.5124374664612509,B_cell,1.0,0.5124374664612509,Macrophage,0.942857142857143,0.004804664723032055,0.942857142857143,9,22,0.0005,4.277,B_cell 5/5; Hepatocyte 4/5; Macrophage 0/6; NK_cytotoxic_T 0/6
HCC,5629.6,10,B_cell,0,zscale_mean,12029,57769,10.109910011291504,0.5019820318856134,B_cell,1.0,0.5019820318856134,Macrophage,0.942857142857143,0.004804664723032055,0.942857142857143,10,22,0.0005,4.36,B_cell 5/5; Hepatocyte 5/5; Macrophage 0/6; NK_cytotoxic_T 0/6
HCC,5629.6,10,B_cell,0,lognorm_mean,12029,57769,10.109910011291504,0.3976180996728349,Hepatocyte,0.0,0.38655680382211915,Macrophage,0.8857142857142858,0.01884548104956266,0.8857142857142858,15,22,0.0,4.574,B_cell 5/5; Hepatocyte 4/5; Macrophage 1/6; NK_cytotoxic_T 5/6
HCC,5629.6,10,B_cell,0,pseudobulk_cpm,12029,57769,10.109910011291504,0.2578372483511918,Hepatocyte,0.0,0.13043327736329174,Macrophage,-0.08571428571428573,0.8717434402332361,-0.08571428571428573,20,22,0.0,4.9855,B_cell 5/5; Hepatocyte 4/5; Macrophage 6/6; NK_cytotoxic_T 5/6
HCC,5629.6,10,B_cell,0,cpm_mean,12029,57769,10.109910011291504,0.2545309768214786,Hepatocyte,0.0,0.1358860288389967,Macrophage,-0.08571428571428573,0.8717434402332361,-0.08571428571428573,20,22,0.0,5.078,B_cell 5/5; Hepatocyte 4/5; Macrophage 6/6; NK_cytotoxic_T 5/6
HCC,5629.6,20,B_cell,0,raw_mean,12029,57670,20.208633422851562,0.6673833882434541,B_cell,1.0,0.6673833882434541,Macrophage,0.8857142857142858,0.01884548104956266,0.8857142857142858,9,22,0.0005,3.8515,B_cell 5/5; Hepatocyte 4/5; Macrophage 0/6; NK_cytotoxic_T 0/6
HCC,5629.6,20,B_cell,0,zscale_mean,12029,57670,20.208633422851562,0.6611756545864401,B_cell,1.0,0.6611756545864401,Macrophage,0.8857142857142858,0.01884548104956266,0.8857142857142858,9,22,0.0,3.6295,B_cell 5/5; Hepatocyte 4/5; Macrophage 0/6; NK_cytotoxic_T 0/6
HCC,5629.6,20,B_cell,0,lognorm_mean,12029,57670,20.208633422851562,0.4549159008149818,B_cell,1.0,0.4549159008149818,Macrophage,0.7714285714285715,0.07239650145772594,0.7714285714285715,11,22,0.0,4.2185,B_cell 5/5; Hepatocyte 4/5; Macrophage 0/6; NK_cytotoxic_T 2/6
HCC,5629.6,20,B_cell,0,pseudobulk_cpm,12029,57670,20.208633422851562,0.23993410785503727,Hepatocyte,0.0,0.13672620079764175,Macrophage,-0.6,0.208,-0.6,19,22,0.0,5.2075,B_cell 5/5; Hepatocyte 4/5; Macrophage 5/6; NK_cytotoxic_T 5/6
HCC,5629.6,20,B_cell,0,cpm_mean,12029,57670,20.208633422851562,0.2463846020461245,Hepatocyte,0.0,0.13471475637246402,Macrophage,-0.5428571428571429,0.26570262390670546,-0.5428571428571429,19,22,0.0,5.2695,B_cell 5/5; Hepatocyte 4/5; Macrophage 5/6; NK_cytotoxic_T 5/6
HCC,5629.6,40,B_cell,0,raw_mean,12029,57487,40.99270248413086,0.7533529319672274,B_cell,1.0,0.7533529319672274,Macrophage,0.942857142857143,0.004804664723032055,0.942857142857143,13,22,0.0,5.031,B_cell 5/5; Hepatocyte 2/5; Macrophage 0/6; NK_cytotoxic_T 6/6
HCC,5629.6,40,B_cell,0,zscale_mean,12029,57487,40.99270248413086,0.7534746986275158,B_cell,1.0,0.7534746986275158,Macrophage,0.942857142857143,0.004804664723032055,0.942857142857143,13,22,0.0,5.0355,B_cell 5/5; Hepatocyte 2/5; Macrophage 0/6; NK_cytotoxic_T 6/6
HCC,5629.6,40,B_cell,0,lognorm_mean,12029,57487,40.99270248413086,0.570459408214031,B_cell,1.0,0.570459408214031,Macrophage,0.942857142857143,0.004804664723032055,0.942857142857143,15,22,0.0,5.065,B_cell 5/5; Hepatocyte 4/5; Macrophage 0/6; NK_cytotoxic_T 6/6
HCC,5629.6,40,B_cell,0,pseudobulk_cpm,12029,57487,40.99270248413086,0.2519178248995425,Hepatocyte,0.0,0.13474350722772105,Macrophage,-0.6,0.208,-0.6,20,22,0.0,5.207,B_cell 5/5; Hepatocyte 5/5; Macrophage 5/6; NK_cytotoxic_T 5/6
HCC,5629.6,40,B_cell,0,cpm_mean,12029,57487,40.99270248413086,0.24617739662880303,Hepatocyte,0.0,0.13559587384973995,Macrophage,-0.6571428571428573,0.1561749271137024,-0.6571428571428573,20,22,0.0,5.2585,B_cell 5/5; Hepatocyte 5/5; Macrophage 5/6; NK_cytotoxic_T 5/6
HCC,5629.6,1,B_cell,1,raw_mean,12029,58276,1.0032119750976562,0.2973436749262132,Hepatocyte,0.0,0.14707598325211066,CD4_T,,,0.48571428571428577,20,22,0.0,5.0725,B_cell 5/5; Hepatocyte 4/5; Macrophage 6/6; NK_cytotoxic_T 5/6
HCC,5629.6,1,B_cell,1,zscale_mean,12029,58276,1.0032119750976562,0.30794838355412174,Hepatocyte,0.0,0.1430091289724758,CD4_T,,,0.3142857142857143,20,22,0.0,5.03,B_cell 5/5; Hepatocyte 4/5; Macrophage 6/6; NK_cytotoxic_T 5/6
HCC,5629.6,1,B_cell,1,lognorm_mean,12029,58276,1.0032119750976562,0.3070217585283822,Hepatocyte,0.0,0.14978721943853388,CD4_T,,,0.2,20,22,0.0,5.0365,B_cell 5/5; Hepatocyte 4/5; Macrophage 6/6; NK_cytotoxic_T 5/6
HCC,5629.6,1,B_cell,1,pseudobulk_cpm,12029,58276,1.0032119750976562,0.2961939735053882,Hepatocyte,0.0,0.15110851808634773,CD4_T,,,0.2,20,22,0.0,5.0725,B_cell 5/5; Hepatocyte 4/5; Macrophage 6/6; NK_cytotoxic_T 5/6
HCC,5629.6,1,B_cell,1,cpm_mean,12029,58276,1.0032119750976562,0.2929336261926007,Hepatocyte,0.0,0.15291028896973025,CD4_T,,,0.2,20,22,0.0,5.088,B_cell 5/5; Hepatocyte 4/5; Macrophage 6/6; NK_cytotoxic_T 5/6
HCC,5629.6,2,B_cell,1,raw_mean,12029,58146,2.016146421432495,0.4072851098957796,Hepatocyte,0.0,0.3321122691156743,CD4_T,0.7714285714285715,0.07239650145772594,0.7714285714285715,20,22,0.0,5.522,B_cell 5/5; Hepatocyte 4/5; Macrophage 5/6; NK_cytotoxic_T 6/6
HCC,5629.6,2,B_cell,1,zscale_mean,12029,58146,2.016146421432495,0.4136999965603825,Hepatocyte,0.0,0.3257833728889348,CD4_T,0.7714285714285715,0.07239650145772594,0.7714285714285715,20,22,0.0,5.468,B_cell 5/5; Hepatocyte 4/5; Macrophage 5/6; NK_cytotoxic_T 6/6
HCC,5629.6,2,B_cell,1,lognorm_mean,12029,58146,2.016146421432495,0.35613799745468305,Hepatocyte,0.0,0.22262924362810854,CD4_T,0.7142857142857143,0.11078717201166179,0.7142857142857143,20,22,0.0,5.113,B_cell 5/5; Hepatocyte 4/5; Macrophage 6/6; NK_cytotoxic_T 5/6
HCC,5629.6,2,B_cell,1,pseudobulk_cpm,12029,58146,2.016146421432495,0.28860110755683965,Hepatocyte,0.0,0.14625253671791696,CD4_T,0.3142857142857143,0.5440932944606415,0.3142857142857143,20,22,0.0,5.044,B_cell 5/5; Hepatocyte 4/5; Macrophage 6/6; NK_cytotoxic_T 5/6
HCC,5629.6,2,B_cell,1,cpm_mean,12029,58146,2.016146421432495,0.2849035187287174,Hepatocyte,0.0,0.14850548618993567,CD4_T,0.3142857142857143,0.5440932944606415,0.3142857142857143,19,22,0.0,5.062,B_cell 4/5; Hepatocyte 4/5; Macrophage 6/6; NK_cytotoxic_T 5/6
HCC,5629.6,5,B_cell,1,raw_mean,12029,57999,5.014719009399414,0.4681115191641235,B_cell,1.0,0.4681115191641235,Endothelial_stromal,0.8285714285714287,0.04156268221574335,0.8285714285714287,16,22,0.0,4.6595,B_cell 5/5; Hepatocyte 4/5; Macrophage 5/6; NK_cytotoxic_T 2/6
HCC,5629.6,5,B_cell,1,zscale_mean,12029,57999,5.014719009399414,0.4602837979965172,B_cell,1.0,0.4602837979965172,Endothelial_stromal,0.8285714285714287,0.04156268221574335,0.8285714285714287,18,22,0.0,4.9515,B_cell 5/5; Hepatocyte 4/5; Macrophage 6/6; NK_cytotoxic_T 3/6
HCC,5629.6,5,B_cell,1,lognorm_mean,12029,57999,5.014719009399414,0.3487301505198365,B_cell,1.0,0.3487301505198365,Endothelial_stromal,0.7714285714285715,0.07239650145772594,0.7714285714285715,20,22,0.0,5.3065,B_cell 4/5; Hepatocyte 5/5; Macrophage 6/6; NK_cytotoxic_T 5/6
HCC,5629.6,5,B_cell,1,pseudobulk_cpm,12029,57999,5.014719009399414,0.274384041104157,Hepatocyte,0.0,0.14112312281246228,Endothelial_stromal,0.028571428571428574,0.9571545189504373,0.028571428571428574,19,22,0.0,5.45,B_cell 4/5; Hepatocyte 4/5; Macrophage 6/6; NK_cytotoxic_T 5/6
HCC,5629.6,5,B_cell,1,cpm_mean,12029,57999,5.014719009399414,0.26848738771358127,Hepatocyte,0.0,0.14233004017310644,Endothelial_stromal,0.028571428571428574,0.9571545189504373,0.028571428571428574,19,22,0.0,5.411,B_cell 4/5; Hepatocyte 4/5; Macrophage 6/6; NK_cytotoxic_T 5/6
HCC,5629.6,10,B_cell,1,raw_mean,12029,57811,10.101618766784668,0.6075314386535434,B_cell,1.0,0.6075314386535434,Macrophage,0.8857142857142858,0.01884548104956266,0.8857142857142858,7,22,0.0015,3.428,B_cell 5/5; Hepatocyte 2/5; Macrophage 0/6; NK_cytotoxic_T 0/6
HCC,5629.6,10,B_cell,1,zscale_mean,12029,57811,10.101618766784668,0.6020134576464686,B_cell,1.0,0.6020134576464686,Macrophage,0.8857142857142858,0.01884548104956266,0.8857142857142858,8,22,0.0015,3.624,B_cell 5/5; Hepatocyte 3/5; Macrophage 0/6; NK_cytotoxic_T 0/6
HCC,5629.6,10,B_cell,1,lognorm_mean,12029,57811,10.101618766784668,0.40974900970403555,B_cell,1.0,0.40974900970403555,Macrophage,0.7714285714285715,0.07239650145772594,0.7714285714285715,13,22,0.0,4.082,B_cell 5/5; Hepatocyte 4/5; Macrophage 1/6; NK_cytotoxic_T 3/6
HCC,5629.6,10,B_cell,1,pseudobulk_cpm,12029,57811,10.101618766784668,0.2728892425316981,Hepatocyte,0.0,0.1316012523568179,Macrophage,-0.6571428571428573,0.1561749271137024,-0.6571428571428573,19,22,0.0,5.3835,B_cell 4/5; Hepatocyte 4/5; Macrophage 6/6; NK_cytotoxic_T 5/6
HCC,5629.6,10,B_cell,1,cpm_mean,12029,57811,10.101618766784668,0.27000051893238314,Hepatocyte,0.0,0.13758627250869213,Macrophage,-0.6571428571428573,0.1561749271137024,-0.6571428571428573,19,22,0.0,5.36,B_cell 4/5; Hepatocyte 4/5; Macrophage 6/6; NK_cytotoxic_T 5/6
HCC,5629.6,20,B_cell,1,raw_mean,12029,57655,20.139785766601562,0.5982828896019425,B_cell,1.0,0.5982828896019425,NK_cytotoxic_T,0.942857142857143,0.004804664723032055,0.942857142857143,14,22,0.0,4.9995,B_cell 5/5; Hepatocyte 4/5; Macrophage 5/6; NK_cytotoxic_T 0/6
HCC,5629.6,20,B_cell,1,zscale_mean,12029,57655,20.139785766601562,0.5870436215419305,B_cell,1.0,0.5870436215419305,NK_cytotoxic_T,0.942857142857143,0.004804664723032055,0.942857142857143,14,22,0.0,5.1025,B_cell 5/5; Hepatocyte 4/5; Macrophage 5/6; NK_cytotoxic_T 0/6
HCC,5629.6,20,B_cell,1,lognorm_mean,12029,57655,20.139785766601562,0.4229468389558581,B_cell,1.0,0.4229468389558581,NK_cytotoxic_T,0.942857142857143,0.004804664723032055,0.942857142857143,15,22,0.0,4.5185,B_cell 5/5; Hepatocyte 4/5; Macrophage 6/6; NK_cytotoxic_T 0/6
HCC,5629.6,20,B_cell,1,pseudobulk_cpm,12029,57655,20.139785766601562,0.24388171017257826,Hepatocyte,0.0,0.1325470470904518,NK_cytotoxic_T,-0.3142857142857143,0.5440932944606415,-0.3142857142857143,19,22,0.0,4.73,B_cell 5/5; Hepatocyte 4/5; Macrophage 6/6; NK_cytotoxic_T 4/6
HCC,5629.6,20,B_cell,1,cpm_mean,12029,57655,20.139785766601562,0.24785361200242823,Hepatocyte,0.0,0.1306911802965918,NK_cytotoxic_T,-0.3142857142857143,0.5440932944606415,-0.3142857142857143,19,22,0.0,4.809,B_cell 5/5; Hepatocyte 4/5; Macrophage 6/6; NK_cytotoxic_T 4/6
HCC,5629.6,40,B_cell,1,raw_mean,12029,57436,40.43165588378906,0.6118462288460199,B_cell,1.0,0.6118462288460199,Endothelial_stromal,0.942857142857143,0.004804664723032055,0.942857142857143,11,22,0.0005,5.168,B_cell 5/5; Hepatocyte 4/5; Macrophage 1/6; NK_cytotoxic_T 1/6
HCC,5629.6,40,B_cell,1,zscale_mean,12029,57436,40.43165588378906,0.6002333031548158,B_cell,1.0,0.6002333031548158,Endothelial_stromal,0.942857142857143,0.004804664723032055,0.942857142857143,12,22,0.0,5.0795,B_cell 5/5; Hepatocyte 4/5; Macrophage 2/6; NK_cytotoxic_T 1/6
HCC,5629.6,40,B_cell,1,lognorm_mean,12029,57436,40.43165588378906,0.4583884671634515,B_cell,1.0,0.4583884671634515,Endothelial_stromal,0.8285714285714287,0.04156268221574335,0.8285714285714287,19,22,0.0,5.4905,B_cell 5/5; Hepatocyte 4/5; Macrophage 4/6; NK_cytotoxic_T 6/6
HCC,5629.6,40,B_cell,1,pseudobulk_cpm,12029,57436,40.43165588378906,0.25437008148199736,Hepatocyte,0.0,0.12023817814611046,Endothelial_stromal,-0.2571428571428572,0.6227871720116619,-0.2571428571428572,17,22,0.0,4.8435,B_cell 4/5; Hepatocyte 4/5; Macrophage 5/6; NK_cytotoxic_T 4/6
HCC,5629.6,40,B_cell,1,cpm_mean,12029,57436,40.43165588378906,0.25482275924507275,Hepatocyte,0.0,0.12286719130858695,Endothelial_stromal,-0.2571428571428572,0.6227871720116619,-0.2571428571428572,17,22,0.0,4.4745,B_cell 4/5; Hepatocyte 4/5; Macrophage 5/6; NK_cytotoxic_T 4/6
HCC,5629.6,1,B_cell,2,raw_mean,12029,58267,1.0032113790512085,0.29718365455575196,Hepatocyte,0.0,0.14651518011910686,CD4_T,,,0.48571428571428577,19,22,0.0,5.1315,B_cell 4/5; Hepatocyte 4/5; Macrophage 6/6; NK_cytotoxic_T 5/6
HCC,5629.6,1,B_cell,2,zscale_mean,12029,58267,1.0032113790512085,0.30888839308699606,Hepatocyte,0.0,0.14268797089261503,CD4_T,,,0.48571428571428577,19,22,0.0,5.0985,B_cell 4/5; Hepatocyte 4/5; Macrophage 6/6; NK_cytotoxic_T 5/6
HCC,5629.6,1,B_cell,2,lognorm_mean,12029,58267,1.0032113790512085,0.3078243259477921,Hepatocyte,0.0,0.14979319340278374,CD4_T,,,0.2,19,22,0.0,5.161,B_cell 4/5; Hepatocyte 4/5; Macrophage 6/6; NK_cytotoxic_T 5/6
HCC,5629.6,1,B_cell,2,pseudobulk_cpm,12029,58267,1.0032113790512085,0.2963598606415295,Hepatocyte,0.0,0.1508744229152007,CD4_T,,,0.2,19,22,0.0,4.969,B_cell 4/5; Hepatocyte 4/5; Macrophage 6/6; NK_cytotoxic_T 5/6
HCC,5629.6,1,B_cell,2,cpm_mean,12029,58267,1.0032113790512085,0.2931161721042786,Hepatocyte,0.0,0.15356891550963667,CD4_T,,,0.2,19,22,0.0,5.1145,B_cell 4/5; Hepatocyte 4/5; Macrophage 6/6; NK_cytotoxic_T 5/6
HCC,5629.6,2,B_cell,2,raw_mean,12029,58150,2.0143473148345947,0.35090283748925194,B_cell,1.0,0.35090283748925194,CD4_T,0.942857142857143,0.004804664723032055,0.942857142857143,19,22,0.0,4.7145,B_cell 5/5; Hepatocyte 4/5; Macrophage 5/6; NK_cytotoxic_T 5/6
HCC,5629.6,2,B_cell,2,zscale_mean,12029,58150,2.0143473148345947,0.3459501289767842,B_cell,1.0,0.3459501289767842,CD4_T,0.942857142857143,0.004804664723032055,0.942857142857143,19,22,0.0,4.7965,B_cell 5/5; Hepatocyte 4/5; Macrophage 5/6; NK_cytotoxic_T 5/6
HCC,5629.6,2,B_cell,2,lognorm_mean,12029,58150,2.0143473148345947,0.2580739466895959,B_cell,1.0,0.2580739466895959,CD4_T,0.8285714285714287,0.04156268221574335,0.8285714285714287,19,22,0.0,5.148,B_cell 4/5; Hepatocyte 4/5; Macrophage 6/6; NK_cytotoxic_T 5/6
HCC,5629.6,2,B_cell,2,pseudobulk_cpm,12029,58150,2.0143473148345947,0.29403267411865863,Hepatocyte,0.0,0.1471195184866724,CD4_T,0.48571428571428577,0.3287230320699708,0.48571428571428577,19,22,0.0,5.132,B_cell 4/5; Hepatocyte 4/5; Macrophage 6/6; NK_cytotoxic_T 5/6
HCC,5629.6,2,B_cell,2,cpm_mean,12029,58150,2.0143473148345947,0.2876354256233878,Hepatocyte,0.0,0.14840928632846087,CD4_T,0.48571428571428577,0.3287230320699708,0.48571428571428577,19,22,0.0,5.0395,B_cell 4/5; Hepatocyte 4/5; Macrophage 6/6; NK_cytotoxic_T 5/6
HCC,5629.6,5,B_cell,2,raw_mean,12029,57990,5.024150371551514,0.5300224176582169,B_cell,1.0,0.5300224176582169,Endothelial_stromal,0.8857142857142858,0.01884548104956266,0.8857142857142858,15,22,0.0,4.1235,B_cell 5/5; Hepatocyte 4/5; Macrophage 5/6; NK_cytotoxic_T 1/6
HCC,5629.6,5,B_cell,2,zscale_mean,12029,57990,5.024150371551514,0.5230384549060183,B_cell,1.0,0.5230384549060183,Endothelial_stromal,0.7714285714285715,0.07239650145772594,0.7714285714285715,15,22,0.0,4.129,B_cell 5/5; Hepatocyte 4/5; Macrophage 5/6; NK_cytotoxic_T 1/6
HCC,5629.6,5,B_cell,2,lognorm_mean,12029,57990,5.024150371551514,0.348594585273323,B_cell,1.0,0.348594585273323,Endothelial_stromal,0.7142857142857143,0.11078717201166179,0.7142857142857143,18,22,0.0,4.528,B_cell 5/5; Hepatocyte 4/5; Macrophage 6/6; NK_cytotoxic_T 3/6
HCC,5629.6,5,B_cell,2,pseudobulk_cpm,12029,57990,5.024150371551514,0.2772546990860493,Hepatocyte,0.0,0.14285221589929298,Endothelial_stromal,-0.6571428571428573,0.1561749271137024,-0.6571428571428573,19,22,0.0,5.3615,B_cell 4/5; Hepatocyte 4/5; Macrophage 6/6; NK_cytotoxic_T 5/6
HCC,5629.6,5,B_cell,2,cpm_mean,12029,57990,5.024150371551514,0.27266770132781515,Hepatocyte,0.0,0.14436971891705466,Endothelial_stromal,-0.4285714285714286,0.3965014577259473,-0.4285714285714286,19,22,0.0,5.366,B_cell 4/5; Hepatocyte 4/5; Macrophage 6/6; NK_cytotoxic_T 5/6
HCC,5629.6,10,B_cell,2,raw_mean,12029,57803,10.104316711425781,0.6096915385014618,B_cell,1.0,0.6096915385014618,Macrophage,0.8857142857142858,0.01884548104956266,0.8857142857142858,15,22,0.0,4.8175,B_cell 5/5; Hepatocyte 4/5; Macrophage 0/6; NK_cytotoxic_T 6/6
HCC,5629.6,10,B_cell,2,zscale_mean,12029,57803,10.104316711425781,0.6018372748819265,B_cell,1.0,0.6018372748819265,Macrophage,0.8857142857142858,0.01884548104956266,0.8857142857142858,15,22,0.0,4.808,B_cell 5/5; Hepatocyte 4/5; Macrophage 0/6; NK_cytotoxic_T 6/6
HCC,5629.6,10,B_cell,2,lognorm_mean,12029,57803,10.104316711425781,0.37724685569953115,B_cell,1.0,0.37724685569953115,Macrophage,0.7714285714285715,0.07239650145772594,0.7714285714285715,16,22,0.0,4.996,B_cell 5/5; Hepatocyte 4/5; Macrophage 1/6; NK_cytotoxic_T 6/6
HCC,5629.6,10,B_cell,2,pseudobulk_cpm,12029,57803,10.104316711425781,0.2692074805805927,Hepatocyte,0.0,0.12888604397695622,Macrophage,-0.3142857142857143,0.5440932944606415,-0.3142857142857143,18,22,0.0,5.3745,B_cell 4/5; Hepatocyte 4/5; Macrophage 5/6; NK_cytotoxic_T 5/6
HCC,5629.6,10,B_cell,2,cpm_mean,12029,57803,10.104316711425781,0.26661245956092244,Hepatocyte,0.0,0.1331245783090843,Macrophage,-0.2571428571428572,0.6227871720116619,-0.2571428571428572,18,22,0.0,5.3245,B_cell 4/5; Hepatocyte 4/5; Macrophage 5/6; NK_cytotoxic_T 5/6
HCC,5629.6,20,B_cell,2,raw_mean,12029,57629,20.578754425048828,0.5945444134029741,B_cell,1.0,0.5945444134029741,CD4_T,1.0,0.0,1.0,14,22,0.0,5.1855,B_cell 5/5; Hepatocyte 4/5; Macrophage 4/6; NK_cytotoxic_T 1/6
HCC,5629.6,20,B_cell,2,zscale_mean,12029,57629,20.578754425048828,0.5843759218449045,B_cell,1.0,0.5843759218449045,CD4_T,1.0,0.0,1.0,14,22,0.0,5.321,B_cell 5/5; Hepatocyte 4/5; Macrophage 4/6; NK_cytotoxic_T 1/6
HCC,5629.6,20,B_cell,2,lognorm_mean,12029,57629,20.578754425048828,0.42379704662583073,B_cell,1.0,0.42379704662583073,CD4_T,1.0,0.0,1.0,20,22,0.0,5.658,B_cell 5/5; Hepatocyte 4/5; Macrophage 6/6; NK_cytotoxic_T 5/6
HCC,5629.6,20,B_cell,2,pseudobulk_cpm,12029,57629,20.578754425048828,0.2450675874993493,Hepatocyte,0.0,0.12537090700862413,CD4_T,-0.48571428571428577,0.3287230320699708,-0.48571428571428577,19,22,0.0,5.143,B_cell 4/5; Hepatocyte 4/5; Macrophage 6/6; NK_cytotoxic_T 5/6
HCC,5629.6,20,B_cell,2,cpm_mean,12029,57629,20.578754425048828,0.24584844435961062,Hepatocyte,0.0,0.12497180239115722,CD4_T,-0.48571428571428577,0.3287230320699708,-0.48571428571428577,19,22,0.0,5.103,B_cell 4/5; Hepatocyte 4/5; Macrophage 6/6; NK_cytotoxic_T 5/6
HCC,5629.6,40,B_cell,2,raw_mean,12029,57467,40.70289993286133,0.7541023543946961,B_cell,1.0,0.7541023543946961,Hepatocyte,1.0,0.0,1.0,11,22,0.0,5.2205,B_cell 5/5; Hepatocyte 0/5; Macrophage 0/6; NK_cytotoxic_T 6/6
HCC,5629.6,40,B_cell,2,zscale_mean,12029,57467,40.70289993286133,0.7545199853829154,B_cell,1.0,0.7545199853829154,Hepatocyte,1.0,0.0,1.0,11,22,0.0,5.3,B_cell 5/5; Hepatocyte 0/5; Macrophage 0/6; NK_cytotoxic_T 6/6
HCC,5629.6,40,B_cell,2,lognorm_mean,12029,57467,40.70289993286133,0.5748690552839021,B_cell,1.0,0.5748690552839021,Hepatocyte,0.8857142857142858,0.01884548104956266,0.8857142857142858,13,22,0.0,5.421,B_cell 5/5; Hepatocyte 1/5; Macrophage 1/6; NK_cytotoxic_T 6/6
HCC,5629.6,40,B_cell,2,pseudobulk_cpm,12029,57467,40.70289993286133,0.2192562688151461,Hepatocyte,0.0,0.13980197330641933,Hepatocyte,-0.7714285714285715,0.07239650145772594,-0.7714285714285715,18,22,0.0,5.1545,B_cell 4/5; Hepatocyte 4/5; Macrophage 6/6; NK_cytotoxic_T 4/6
HCC,5629.6,40,B_cell,2,cpm_mean,12029,57467,40.70289993286133,0.21478413698296414,Hepatocyte,0.0,0.141350688221066,Hepatocyte,-0.8285714285714287,0.04156268221574335,-0.8285714285714287,19,22,0.0,5.3425,B_cell 4/5; Hepatocyte 4/5; Macrophage 6/6; NK_cytotoxic_T 5/6
HCC,5629.6,1,NK_cytotoxic_T,0,raw_mean,12029,58261,1.003212571144104,0.2948284444139304,Hepatocyte,0.0,0.1591802406412523,CD4_T,,,0.48571428571428577,19,22,0.0,5.443,B_cell 4/5; Hepatocyte 4/5; Macrophage 6/6; NK_cytotoxic_T 5/6
HCC,5629.6,1,NK_cytotoxic_T,0,zscale_mean,12029,58261,1.003212571144104,0.3068090146066837,Hepatocyte,0.0,0.15823621290400097,CD4_T,,,0.48571428571428577,19,22,0.0,5.4175,B_cell 4/5; Hepatocyte 4/5; Macrophage 6/6; NK_cytotoxic_T 5/6
HCC,5629.6,1,NK_cytotoxic_T,0,lognorm_mean,12029,58261,1.003212571144104,0.30548737577453183,Hepatocyte,0.0,0.14991160467551193,CD4_T,,,0.2,19,22,0.0,5.396,B_cell 4/5; Hepatocyte 4/5; Macrophage 6/6; NK_cytotoxic_T 5/6
HCC,5629.6,1,NK_cytotoxic_T,0,pseudobulk_cpm,12029,58261,1.003212571144104,0.29309486620552344,Hepatocyte,0.0,0.1357168603353873,CD4_T,,,0.2,19,22,0.0,5.2885,B_cell 4/5; Hepatocyte 4/5; Macrophage 6/6; NK_cytotoxic_T 5/6
HCC,5629.6,1,NK_cytotoxic_T,0,cpm_mean,12029,58261,1.003212571144104,0.2909665127615386,Hepatocyte,0.0,0.13707282744889376,CD4_T,,,0.2,19,22,0.0,5.3795,B_cell 4/5; Hepatocyte 4/5; Macrophage 6/6; NK_cytotoxic_T 5/6
HCC,5629.6,2,NK_cytotoxic_T,0,raw_mean,12029,58144,2.004992961883545,0.35116263070996145,Endothelial_stromal,0.0,0.3127235828288387,Hepatocyte,0.7142857142857143,0.11078717201166179,0.7142857142857143,19,22,0.0,5.2775,B_cell 5/5; Hepatocyte 4/5; Macrophage 4/6; NK_cytotoxic_T 6/6
HCC,5629.6,2,NK_cytotoxic_T,0,zscale_mean,12029,58144,2.004992961883545,0.3512486241056687,Endothelial_stromal,0.0,0.3055001375894331,Hepatocyte,0.7142857142857143,0.11078717201166179,0.7142857142857143,19,22,0.0,5.257,B_cell 5/5; Hepatocyte 4/5; Macrophage 4/6; NK_cytotoxic_T 6/6
HCC,5629.6,2,NK_cytotoxic_T,0,lognorm_mean,12029,58144,2.004992961883545,0.2649284534947716,Endothelial_stromal,0.0,0.2245287561915245,Hepatocyte,0.5428571428571429,0.26570262390670546,0.5428571428571429,20,22,0.0,5.057,B_cell 5/5; Hepatocyte 4/5; Macrophage 6/6; NK_cytotoxic_T 5/6
HCC,5629.6,2,NK_cytotoxic_T,0,pseudobulk_cpm,12029,58144,2.004992961883545,0.2866159878921299,Hepatocyte,0.0,0.1334101541001651,Hepatocyte,-0.4285714285714286,0.3965014577259473,-0.4285714285714286,20,22,0.0,5.092,B_cell 5/5; Hepatocyte 4/5; Macrophage 6/6; NK_cytotoxic_T 5/6
HCC,5629.6,2,NK_cytotoxic_T,0,cpm_mean,12029,58144,2.004992961883545,0.2847757292239956,Hepatocyte,0.0,0.13509562465602643,Hepatocyte,-0.4285714285714286,0.3965014577259473,-0.4285714285714286,19,22,0.0,5.0855,B_cell 4/5; Hepatocyte 4/5; Macrophage 6/6; NK_cytotoxic_T 5/6
HCC,5629.6,5,NK_cytotoxic_T,0,raw_mean,12029,58003,5.074909687042236,0.4579590710825302,NK_cytotoxic_T,1.0,0.4579590710825302,CD4_T,0.942857142857143,0.004804664723032055,0.942857142857143,19,22,0.0,5.229,B_cell 5/5; Hepatocyte 4/5; Macrophage 4/6; NK_cytotoxic_T 6/6
HCC,5629.6,5,NK_cytotoxic_T,0,zscale_mean,12029,58003,5.074909687042236,0.4368739547954416,NK_cytotoxic_T,1.0,0.4368739547954416,CD4_T,0.942857142857143,0.004804664723032055,0.942857142857143,19,22,0.0,5.3985,B_cell 5/5; Hepatocyte 4/5; Macrophage 4/6; NK_cytotoxic_T 6/6
HCC,5629.6,5,NK_cytotoxic_T,0,lognorm_mean,12029,58003,5.074909687042236,0.2833301725772805,NK_cytotoxic_T,1.0,0.2833301725772805,CD4_T,0.8857142857142858,0.01884548104956266,0.8857142857142858,21,22,0.0,5.6105,B_cell 5/5; Hepatocyte 4/5; Macrophage 6/6; NK_cytotoxic_T 6/6
HCC,5629.6,5,NK_cytotoxic_T,0,pseudobulk_cpm,12029,58003,5.074909687042236,0.28531282864679414,Hepatocyte,0.0,0.1287002396427771,CD4_T,0.028571428571428574,0.9571545189504373,0.028571428571428574,19,22,0.0,5.0985,B_cell 4/5; Hepatocyte 4/5; Macrophage 6/6; NK_cytotoxic_T 5/6
HCC,5629.6,5,NK_cytotoxic_T,0,cpm_mean,12029,58003,5.074909687042236,0.2747271692843474,Hepatocyte,0.0,0.12945882109546059,CD4_T,-0.08571428571428573,0.8717434402332361,-0.08571428571428573,19,22,0.0,5.0495,B_cell 4/5; Hepatocyte 4/5; Macrophage 6/6; NK_cytotoxic_T 5/6
HCC,5629.6,10,NK_cytotoxic_T,0,raw_mean,12029,57994,10.11151123046875,0.6193226885539883,NK_cytotoxic_T,1.0,0.6193226885539883,Macrophage,0.942857142857143,0.004804664723032055,0.942857142857143,9,22,0.002,5.051,B_cell 1/5; Hepatocyte 2/5; Macrophage 0/6; NK_cytotoxic_T 6/6
HCC,5629.6,10,NK_cytotoxic_T,0,zscale_mean,12029,57994,10.11151123046875,0.5918198434320792,NK_cytotoxic_T,1.0,0.5918198434320792,Macrophage,0.942857142857143,0.004804664723032055,0.942857142857143,9,22,0.005,5.3195,B_cell 1/5; Hepatocyte 2/5; Macrophage 0/6; NK_cytotoxic_T 6/6
HCC,5629.6,10,NK_cytotoxic_T,0,lognorm_mean,12029,57994,10.11151123046875,0.36472738559161294,NK_cytotoxic_T,1.0,0.36472738559161294,Macrophage,0.7142857142857143,0.11078717201166179,0.7142857142857143,16,22,0.0,4.8305,B_cell 4/5; Hepatocyte 4/5; Macrophage 3/6; NK_cytotoxic_T 5/6
HCC,5629.6,10,NK_cytotoxic_T,0,pseudobulk_cpm,12029,57994,10.11151123046875,0.2520260716625858,Hepatocyte,0.0,0.12909956202365763,Macrophage,-0.8857142857142858,0.01884548104956266,-0.8857142857142858,19,22,0.0,5.181,B_cell 4/5; Hepatocyte 4/5; Macrophage 6/6; NK_cytotoxic_T 5/6
HCC,5629.6,10,NK_cytotoxic_T,0,cpm_mean,12029,57994,10.11151123046875,0.25002586474462873,Hepatocyte,0.0,0.1299962065041211,Macrophage,-0.8285714285714287,0.04156268221574335,-0.8285714285714287,19,22,0.0,5.1015,B_cell 4/5; Hepatocyte 4/5; Macrophage 6/6; NK_cytotoxic_T 5/6
HCC,5629.6,20,NK_cytotoxic_T,0,raw_mean,12029,57920,20.58974266052246,0.5242748618784531,NK_cytotoxic_T,1.0,0.5242748618784531,CD4_T,1.0,0.0,1.0,10,22,0.0065,5.798,B_cell 0/5; Hepatocyte 4/5; Macrophage 0/6; NK_cytotoxic_T 6/6
HCC,5629.6,20,NK_cytotoxic_T,0,zscale_mean,12029,57920,20.58974266052246,0.5008287292817679,NK_cytotoxic_T,1.0,0.5008287292817679,CD4_T,1.0,0.0,1.0,11,22,0.001,5.6425,B_cell 1/5; Hepatocyte 4/5; Macrophage 0/6; NK_cytotoxic_T 6/6
HCC,5629.6,20,NK_cytotoxic_T,0,lognorm_mean,12029,57920,20.58974266052246,0.4125345303867403,Hepatocyte,0.0,0.3593059392265193,CD4_T,0.942857142857143,0.004804664723032055,0.942857142857143,14,22,0.0,5.2,B_cell 2/5; Hepatocyte 4/5; Macrophage 2/6; NK_cytotoxic_T 6/6
HCC,5629.6,20,NK_cytotoxic_T,0,pseudobulk_cpm,12029,57920,20.58974266052246,0.2336153314917127,Hepatocyte,0.0,0.1132596685082873,CD4_T,0.14285714285714288,0.7871720116618076,0.14285714285714288,19,22,0.0,5.0595,B_cell 4/5; Hepatocyte 4/5; Macrophage 6/6; NK_cytotoxic_T 5/6
HCC,5629.6,20,NK_cytotoxic_T,0,cpm_mean,12029,57920,20.58974266052246,0.23328729281767957,Hepatocyte,0.0,0.11472720994475138,CD4_T,0.14285714285714288,0.7871720116618076,0.14285714285714288,19,22,0.0,5.34,B_cell 4/5; Hepatocyte 4/5; Macrophage 6/6; NK_cytotoxic_T 5/6
HCC,5629.6,40,NK_cytotoxic_T,0,raw_mean,12029,57800,41.036495208740234,0.7904844290657439,NK_cytotoxic_T,1.0,0.7904844290657439,Macrophage,0.942857142857143,0.004804664723032055,0.942857142857143,10,22,0.004,5.879,B_cell 2/5; Hepatocyte 2/5; Macrophage 0/6; NK_cytotoxic_T 6/6
HCC,5629.6,40,NK_cytotoxic_T,0,zscale_mean,12029,57800,41.036495208740234,0.7726643598615917,NK_cytotoxic_T,1.0,0.7726643598615917,Macrophage,0.942857142857143,0.004804664723032055,0.942857142857143,11,22,0.001,5.7325,B_cell 3/5; Hepatocyte 2/5; Macrophage 0/6; NK_cytotoxic_T 6/6
HCC,5629.6,40,NK_cytotoxic_T,0,lognorm_mean,12029,57800,41.036495208740234,0.5047058823529412,NK_cytotoxic_T,1.0,0.5047058823529412,Macrophage,0.942857142857143,0.004804664723032055,0.942857142857143,15,22,0.0,5.38,B_cell 5/5; Hepatocyte 4/5; Macrophage 0/6; NK_cytotoxic_T 6/6
HCC,5629.6,40,NK_cytotoxic_T,0,pseudobulk_cpm,12029,57800,41.036495208740234,0.2386159169550173,Hepatocyte,0.0,0.1476470588235294,Macrophage,-0.6,0.208,-0.6,18,22,0.0,5.1135,B_cell 4/5; Hepatocyte 4/5; Macrophage 5/6; NK_cytotoxic_T 5/6
HCC,5629.6,40,NK_cytotoxic_T,0,cpm_mean,12029,57800,41.036495208740234,0.24157439446366782,Hepatocyte,0.0,0.1493598615916955,Macrophage,-0.5428571428571429,0.26570262390670546,-0.5428571428571429,18,22,0.0,5.139,B_cell 4/5; Hepatocyte 4/5; Macrophage 5/6; NK_cytotoxic_T 5/6
HCC,5629.6,1,NK_cytotoxic_T,1,raw_mean,12029,58249,1.0035688877105713,0.2970008068808048,Hepatocyte,0.0,0.1588696801661831,CD4_T,,,0.3142857142857143,19,22,0.0,5.3765,B_cell 4/5; Hepatocyte 4/5; Macrophage 6/6; NK_cytotoxic_T 5/6
HCC,5629.6,1,NK_cytotoxic_T,1,zscale_mean,12029,58249,1.0035688877105713,0.30764476643375854,Hepatocyte,0.0,0.15729025390993837,CD4_T,,,0.3142857142857143,19,22,0.0,5.29,B_cell 4/5; Hepatocyte 4/5; Macrophage 6/6; NK_cytotoxic_T 5/6
HCC,5629.6,1,NK_cytotoxic_T,1,lognorm_mean,12029,58249,1.0035688877105713,0.30616834623770367,Hepatocyte,0.0,0.1494617933355079,CD4_T,,,0.2,19,22,0.0,5.373,B_cell 4/5; Hepatocyte 4/5; Macrophage 6/6; NK_cytotoxic_T 5/6
HCC,5629.6,1,NK_cytotoxic_T,1,pseudobulk_cpm,12029,58249,1.0035688877105713,0.29524970385757693,Hepatocyte,0.0,0.13600233480403098,CD4_T,,,0.2,19,22,0.0,5.348,B_cell 4/5; Hepatocyte 4/5; Macrophage 6/6; NK_cytotoxic_T 5/6
HCC,5629.6,1,NK_cytotoxic_T,1,cpm_mean,12029,58249,1.0035688877105713,0.2922453604353723,Hepatocyte,0.0,0.1367233772253601,CD4_T,,,0.2,19,22,0.0,5.3625,B_cell 4/5; Hepatocyte 4/5; Macrophage 6/6; NK_cytotoxic_T 5/6
HCC,5629.6,2,NK_cytotoxic_T,1,raw_mean,12029,58169,2.0046346187591553,0.3275112173150647,NK_cytotoxic_T,1.0,0.3275112173150647,Endothelial_stromal,0.2,0.7040000000000001,0.2,20,22,0.0,5.2665,B_cell 5/5; Hepatocyte 4/5; Macrophage 6/6; NK_cytotoxic_T 5/6
HCC,5629.6,2,NK_cytotoxic_T,1,zscale_mean,12029,58169,2.0046346187591553,0.3185373652632846,NK_cytotoxic_T,1.0,0.3185373652632846,Endothelial_stromal,0.2,0.7040000000000001,0.2,20,22,0.0,5.3405,B_cell 5/5; Hepatocyte 4/5; Macrophage 6/6; NK_cytotoxic_T 5/6
HCC,5629.6,2,NK_cytotoxic_T,1,lognorm_mean,12029,58169,2.0046346187591553,0.27060805583730163,Hepatocyte,0.0,0.22070174835393422,Endothelial_stromal,-0.028571428571428574,0.9571545189504373,-0.028571428571428574,20,22,0.0,5.284,B_cell 5/5; Hepatocyte 4/5; Macrophage 6/6; NK_cytotoxic_T 5/6
HCC,5629.6,2,NK_cytotoxic_T,1,pseudobulk_cpm,12029,58169,2.0046346187591553,0.2881603603293851,Hepatocyte,0.0,0.13407485086558132,Endothelial_stromal,-0.8285714285714287,0.04156268221574335,-0.8285714285714287,19,22,0.0,5.0845,B_cell 4/5; Hepatocyte 4/5; Macrophage 6/6; NK_cytotoxic_T 5/6
HCC,5629.6,2,NK_cytotoxic_T,1,cpm_mean,12029,58169,2.0046346187591553,0.28472210283828153,Hepatocyte,0.0,0.13579397961113307,Endothelial_stromal,-0.8857142857142858,0.01884548104956266,-0.8857142857142858,19,22,0.0,5.0805,B_cell 4/5; Hepatocyte 4/5; Macrophage 6/6; NK_cytotoxic_T 5/6
HCC,5629.6,5,NK_cytotoxic_T,1,raw_mean,12029,58085,5.0776872634887695,0.41156925195833693,NK_cytotoxic_T,1.0,0.41156925195833693,CD4_T,0.942857142857143,0.004804664723032055,0.942857142857143,16,22,0.0,5.8315,B_cell 1/5; Hepatocyte 3/5; Macrophage 6/6; NK_cytotoxic_T 6/6
HCC,5629.6,5,NK_cytotoxic_T,1,zscale_mean,12029,58085,5.0776872634887695,0.39638460876301973,NK_cytotoxic_T,1.0,0.39638460876301973,CD4_T,0.942857142857143,0.004804664723032055,0.942857142857143,16,22,0.0,5.8495,B_cell 1/5; Hepatocyte 3/5; Macrophage 6/6; NK_cytotoxic_T 6/6
HCC,5629.6,5,NK_cytotoxic_T,1,lognorm_mean,12029,58085,5.0776872634887695,0.29458552121890336,NK_cytotoxic_T,1.0,0.29458552121890336,CD4_T,0.942857142857143,0.004804664723032055,0.942857142857143,20,22,0.0,5.5275,B_cell 4/5; Hepatocyte 4/5; Macrophage 6/6; NK_cytotoxic_T 6/6
HCC,5629.6,5,NK_cytotoxic_T,1,pseudobulk_cpm,12029,58085,5.0776872634887695,0.276577429628992,Hepatocyte,0.0,0.12257897908237927,CD4_T,-0.08571428571428573,0.8717434402332361,-0.08571428571428573,18,22,0.0,5.315,B_cell 4/5; Hepatocyte 4/5; Macrophage 5/6; NK_cytotoxic_T 5/6
HCC,5629.6,5,NK_cytotoxic_T,1,cpm_mean,12029,58085,5.0776872634887695,0.2722733924421107,Hepatocyte,0.0,0.12426616165963673,CD4_T,-0.08571428571428573,0.8717434402332361,-0.08571428571428573,19,22,0.0,5.386,B_cell 4/5; Hepatocyte 4/5; Macrophage 6/6; NK_cytotoxic_T 5/6
HCC,5629.6,10,NK_cytotoxic_T,1,raw_mean,12029,58001,10.091562271118164,0.523232358062792,NK_cytotoxic_T,1.0,0.523232358062792,B_cell,0.8285714285714287,0.04156268221574335,0.8285714285714287,10,22,0.0015,4.8195,B_cell 0/5; Hepatocyte 2/5; Macrophage 2/6; NK_cytotoxic_T 6/6
HCC,5629.6,10,NK_cytotoxic_T,1,zscale_mean,12029,58001,10.091562271118164,0.5021292736332132,NK_cytotoxic_T,1.0,0.5021292736332132,B_cell,0.8285714285714287,0.04156268221574335,0.8285714285714287,10,22,0.0005,4.8075,B_cell 0/5; Hepatocyte 2/5; Macrophage 2/6; NK_cytotoxic_T 6/6
HCC,5629.6,10,NK_cytotoxic_T,1,lognorm_mean,12029,58001,10.091562271118164,0.373424596127653,Endothelial_stromal,0.0,0.3508732608058482,B_cell,0.7142857142857143,0.11078717201166179,0.7142857142857143,14,22,0.0,4.566,B_cell 1/5; Hepatocyte 4/5; Macrophage 3/6; NK_cytotoxic_T 6/6
HCC,5629.6,10,NK_cytotoxic_T,1,pseudobulk_cpm,12029,58001,10.091562271118164,0.2781158945535422,Hepatocyte,0.0,0.12332545990586369,B_cell,-0.4285714285714286,0.3965014577259473,-0.4285714285714286,18,22,0.0,5.0555,B_cell 4/5; Hepatocyte 4/5; Macrophage 5/6; NK_cytotoxic_T 5/6
HCC,5629.6,10,NK_cytotoxic_T,1,cpm_mean,12029,58001,10.091562271118164,0.27297805210254994,Hepatocyte,0.0,0.12465302322373752,B_cell,-0.4285714285714286,0.3965014577259473,-0.4285714285714286,18,22,0.0,5.093,B_cell 4/5; Hepatocyte 4/5; Macrophage 5/6; NK_cytotoxic_T 5/6
HCC,5629.6,20,NK_cytotoxic_T,1,raw_mean,12029,57947,20.21582794189453,0.7641983191537094,NK_cytotoxic_T,1.0,0.7641983191537094,Hepatocyte,1.0,0.0,1.0,8,22,0.0435,5.6645,B_cell 1/5; Hepatocyte 0/5; Macrophage 1/6; NK_cytotoxic_T 6/6
HCC,5629.6,20,NK_cytotoxic_T,1,zscale_mean,12029,57947,20.21582794189453,0.7439901979394964,NK_cytotoxic_T,1.0,0.7439901979394964,Hepatocyte,1.0,0.0,1.0,9,22,0.0135,5.917,B_cell 1/5; Hepatocyte 0/5; Macrophage 2/6; NK_cytotoxic_T 6/6
HCC,5629.6,20,NK_cytotoxic_T,1,lognorm_mean,12029,57947,20.21582794189453,0.4526722694876352,NK_cytotoxic_T,1.0,0.4526722694876352,Hepatocyte,1.0,0.0,1.0,19,22,0.0,5.6845,B_cell 5/5; Hepatocyte 3/5; Macrophage 5/6; NK_cytotoxic_T 6/6
HCC,5629.6,20,NK_cytotoxic_T,1,pseudobulk_cpm,12029,57947,20.21582794189453,0.23918408200597097,Hepatocyte,0.0,0.138005418744715,Hepatocyte,-0.942857142857143,0.004804664723032055,-0.942857142857143,19,22,0.0,5.2855,B_cell 5/5; Hepatocyte 4/5; Macrophage 5/6; NK_cytotoxic_T 5/6
HCC,5629.6,20,NK_cytotoxic_T,1,cpm_mean,12029,57947,20.21582794189453,0.23947745353512692,Hepatocyte,0.0,0.1387819904395396,Hepatocyte,-0.942857142857143,0.004804664723032055,-0.942857142857143,19,22,0.0,5.2835,B_cell 5/5; Hepatocyte 4/5; Macrophage 5/6; NK_cytotoxic_T 5/6
HCC,5629.6,40,NK_cytotoxic_T,1,raw_mean,12029,57907,40.446044921875,0.5986840969140172,NK_cytotoxic_T,1.0,0.5986840969140172,Endothelial_stromal,0.8285714285714287,0.04156268221574335,0.8285714285714287,11,22,0.0005,5.7815,B_cell 0/5; Hepatocyte 4/5; Macrophage 1/6; NK_cytotoxic_T 6/6
HCC,5629.6,40,NK_cytotoxic_T,1,zscale_mean,12029,57907,40.446044921875,0.5693094099158996,NK_cytotoxic_T,1.0,0.5693094099158996,Endothelial_stromal,0.8285714285714287,0.04156268221574335,0.8285714285714287,11,22,0.0,5.7415,B_cell 0/5; Hepatocyte 4/5; Macrophage 1/6; NK_cytotoxic_T 6/6
HCC,5629.6,40,NK_cytotoxic_T,1,lognorm_mean,12029,57907,40.446044921875,0.4443676930250229,Hepatocyte,0.0,0.397205864575958,Endothelial_stromal,0.7714285714285715,0.07239650145772594,0.7714285714285715,16,22,0.0,5.6375,B_cell 1/5; Hepatocyte 4/5; Macrophage 5/6; NK_cytotoxic_T 6/6
HCC,5629.6,40,NK_cytotoxic_T,1,pseudobulk_cpm,12029,57907,40.446044921875,0.2764259934032155,Hepatocyte,0.0,0.11211079834907697,Endothelial_stromal,-0.08571428571428573,0.8717434402332361,-0.08571428571428573,17,22,0.0,4.6285,B_cell 3/5; Hepatocyte 4/5; Macrophage 6/6; NK_cytotoxic_T 4/6
HCC,5629.6,40,NK_cytotoxic_T,1,cpm_mean,12029,57907,40.446044921875,0.2686549121867823,Hepatocyte,0.0,0.11401039597976065,Endothelial_stromal,-0.08571428571428573,0.8717434402332361,-0.08571428571428573,17,22,0.0,4.5565,B_cell 3/5; Hepatocyte 4/5; Macrophage 6/6; NK_cytotoxic_T 4/6
HCC,5629.6,1,NK_cytotoxic_T,2,raw_mean,12029,58259,1.0028536319732666,0.295816955320208,Hepatocyte,0.0,0.15734907911224016,CD4_T,,,0.08571428571428573,19,22,0.0,5.0715,B_cell 4/5; Hepatocyte 4/5; Macrophage 6/6; NK_cytotoxic_T 5/6
HCC,5629.6,1,NK_cytotoxic_T,2,zscale_mean,12029,58259,1.0028536319732666,0.3065449115158173,Hepatocyte,0.0,0.15642218369693953,CD4_T,,,0.08571428571428573,19,22,0.0,5.0985,B_cell 4/5; Hepatocyte 4/5; Macrophage 6/6; NK_cytotoxic_T 5/6
HCC,5629.6,1,NK_cytotoxic_T,2,lognorm_mean,12029,58259,1.0028536319732666,0.30479410906469384,Hepatocyte,0.0,0.14888686726514358,CD4_T,,,0.028571428571428574,19,22,0.0,5.086,B_cell 4/5; Hepatocyte 4/5; Macrophage 6/6; NK_cytotoxic_T 5/6
HCC,5629.6,1,NK_cytotoxic_T,2,pseudobulk_cpm,12029,58259,1.0028536319732666,0.2942378001682144,Hepatocyte,0.0,0.1358588372611957,CD4_T,,,0.028571428571428574,19,22,0.0,5.112,B_cell 4/5; Hepatocyte 4/5; Macrophage 6/6; NK_cytotoxic_T 5/6
HCC,5629.6,1,NK_cytotoxic_T,2,cpm_mean,12029,58259,1.0028536319732666,0.2918862321701368,Hepatocyte,0.0,0.1362536260491941,CD4_T,,,0.028571428571428574,19,22,0.0,5.087,B_cell 4/5; Hepatocyte 4/5; Macrophage 6/6; NK_cytotoxic_T 5/6
HCC,5629.6,2,NK_cytotoxic_T,2,raw_mean,12029,58173,2.008931875228882,0.34321764392415727,Endothelial_stromal,0.0,0.30921561549172294,Macrophage,0.6571428571428573,0.1561749271137024,0.6571428571428573,18,22,0.0,4.977,B_cell 5/5; Hepatocyte 4/5; Macrophage 3/6; NK_cytotoxic_T 6/6
HCC,5629.6,2,NK_cytotoxic_T,2,zscale_mean,12029,58173,2.008931875228882,0.34077664896085813,Endothelial_stromal,0.0,0.3028037061867189,Macrophage,0.6571428571428573,0.1561749271137024,0.6571428571428573,19,22,0.0,5.027,B_cell 5/5; Hepatocyte 4/5; Macrophage 4/6; NK_cytotoxic_T 6/6
HCC,5629.6,2,NK_cytotoxic_T,2,lognorm_mean,12029,58173,2.008931875228882,0.2556340570367696,Endothelial_stromal,0.0,0.22261186461073007,Macrophage,0.4285714285714286,0.3965014577259473,0.4285714285714286,19,22,0.0,4.731,B_cell 5/5; Hepatocyte 4/5; Macrophage 5/6; NK_cytotoxic_T 5/6
HCC,5629.6,2,NK_cytotoxic_T,2,pseudobulk_cpm,12029,58173,2.008931875228882,0.2860433534457566,Hepatocyte,0.0,0.13324050676430646,Macrophage,-0.3142857142857143,0.5440932944606415,-0.3142857142857143,19,22,0.0,5.121,B_cell 4/5; Hepatocyte 4/5; Macrophage 6/6; NK_cytotoxic_T 5/6
HCC,5629.6,2,NK_cytotoxic_T,2,cpm_mean,12029,58173,2.008931875228882,0.28343045742870404,Hepatocyte,0.0,0.13406563182232306,Macrophage,-0.3142857142857143,0.5440932944606415,-0.3142857142857143,19,22,0.0,5.1015,B_cell 4/5; Hepatocyte 4/5; Macrophage 6/6; NK_cytotoxic_T 5/6
HCC,5629.6,5,NK_cytotoxic_T,2,raw_mean,12029,58049,5.027728080749512,0.5258316250064601,NK_cytotoxic_T,1.0,0.5258316250064601,Macrophage,0.8285714285714287,0.04156268221574335,0.8285714285714287,15,22,0.0,5.0605,B_cell 4/5; Hepatocyte 4/5; Macrophage 1/6; NK_cytotoxic_T 6/6
HCC,5629.6,5,NK_cytotoxic_T,2,zscale_mean,12029,58049,5.027728080749512,0.5020930593119606,NK_cytotoxic_T,1.0,0.5020930593119606,Macrophage,0.7714285714285715,0.07239650145772594,0.7714285714285715,15,22,0.0,5.2395,B_cell 4/5; Hepatocyte 4/5; Macrophage 1/6; NK_cytotoxic_T 6/6
HCC,5629.6,5,NK_cytotoxic_T,2,lognorm_mean,12029,58049,5.027728080749512,0.3078778273527537,NK_cytotoxic_T,1.0,0.3078778273527537,Macrophage,0.48571428571428577,0.3287230320699708,0.48571428571428577,16,22,0.0,4.9115,B_cell 5/5; Hepatocyte 4/5; Macrophage 2/6; NK_cytotoxic_T 5/6
HCC,5629.6,5,NK_cytotoxic_T,2,pseudobulk_cpm,12029,58049,5.027728080749512,0.28954848490068735,Hepatocyte,0.0,0.13047597719168288,Macrophage,-0.8857142857142858,0.01884548104956266,-0.8857142857142858,18,22,0.0,5.05,B_cell 4/5; Hepatocyte 4/5; Macrophage 5/6; NK_cytotoxic_T 5/6
HCC,5629.6,5,NK_cytotoxic_T,2,cpm_mean,12029,58049,5.027728080749512,0.2809178452686523,Hepatocyte,0.0,0.13130286482109943,Macrophage,-0.7714285714285715,0.07239650145772594,-0.7714285714285715,18,22,0.0,4.9735,B_cell 4/5; Hepatocyte 4/5; Macrophage 5/6; NK_cytotoxic_T 5/6
HCC,5629.6,10,NK_cytotoxic_T,2,raw_mean,12029,58003,10.073476791381836,0.6567418926607245,NK_cytotoxic_T,1.0,0.6567418926607245,Endothelial_stromal,0.942857142857143,0.004804664723032055,0.942857142857143,13,22,0.0005,5.6245,B_cell 2/5; Hepatocyte 4/5; Macrophage 1/6; NK_cytotoxic_T 6/6
HCC,5629.6,10,NK_cytotoxic_T,2,zscale_mean,12029,58003,10.073476791381836,0.6303294657172905,NK_cytotoxic_T,1.0,0.6303294657172905,Endothelial_stromal,0.942857142857143,0.004804664723032055,0.942857142857143,13,22,0.0,5.6675,B_cell 2/5; Hepatocyte 4/5; Macrophage 1/6; NK_cytotoxic_T 6/6
HCC,5629.6,10,NK_cytotoxic_T,2,lognorm_mean,12029,58003,10.073476791381836,0.36527420995465754,NK_cytotoxic_T,1.0,0.36527420995465754,Endothelial_stromal,0.7714285714285715,0.07239650145772594,0.7714285714285715,17,22,0.0,5.18,B_cell 5/5; Hepatocyte 4/5; Macrophage 3/6; NK_cytotoxic_T 5/6
HCC,5629.6,10,NK_cytotoxic_T,2,pseudobulk_cpm,12029,58003,10.073476791381836,0.23976346051066325,Hepatocyte,0.0,0.12990707377204627,Endothelial_stromal,-0.7714285714285715,0.07239650145772594,-0.7714285714285715,18,22,0.0,5.0335,B_cell 4/5; Hepatocyte 4/5; Macrophage 5/6; NK_cytotoxic_T 5/6
HCC,5629.6,10,NK_cytotoxic_T,2,cpm_mean,12029,58003,10.073476791381836,0.24609071944554592,Hepatocyte,0.0,0.13047600986155888,Endothelial_stromal,-0.7714285714285715,0.07239650145772594,-0.7714285714285715,18,22,0.0,5.0165,B_cell 4/5; Hepatocyte 4/5; Macrophage 5/6; NK_cytotoxic_T 5/6
HCC,5629.6,20,NK_cytotoxic_T,2,raw_mean,12029,57906,20.299638748168945,0.5986944358097607,NK_cytotoxic_T,1.0,0.5986944358097607,Macrophage,0.942857142857143,0.004804664723032055,0.942857142857143,7,22,0.0395,4.6335,B_cell 1/5; Hepatocyte 0/5; Macrophage 0/6; NK_cytotoxic_T 6/6
HCC,5629.6,20,NK_cytotoxic_T,2,zscale_mean,12029,57906,20.299638748168945,0.5743446274997409,NK_cytotoxic_T,1.0,0.5743446274997409,Macrophage,0.942857142857143,0.004804664723032055,0.942857142857143,7,22,0.011,4.029,B_cell 1/5; Hepatocyte 0/5; Macrophage 0/6; NK_cytotoxic_T 6/6
HCC,5629.6,20,NK_cytotoxic_T,2,lognorm_mean,12029,57906,20.299638748168945,0.39814526992021554,NK_cytotoxic_T,1.0,0.39814526992021554,Macrophage,0.8285714285714287,0.04156268221574335,0.8285714285714287,9,22,0.0,3.709,B_cell 1/5; Hepatocyte 2/5; Macrophage 0/6; NK_cytotoxic_T 6/6
HCC,5629.6,20,NK_cytotoxic_T,2,pseudobulk_cpm,12029,57906,20.299638748168945,0.2419438400165786,Hepatocyte,0.0,0.13131627119814873,Macrophage,-0.6571428571428573,0.1561749271137024,-0.6571428571428573,19,22,0.0,5.0945,B_cell 4/5; Hepatocyte 4/5; Macrophage 6/6; NK_cytotoxic_T 5/6
HCC,5629.6,20,NK_cytotoxic_T,2,cpm_mean,12029,57906,20.299638748168945,0.24346354436500536,Hepatocyte,0.0,0.13141988740372326,Macrophage,-0.6571428571428573,0.1561749271137024,-0.6571428571428573,18,22,0.0,5.1475,B_cell 4/5; Hepatocyte 3/5; Macrophage 6/6; NK_cytotoxic_T 5/6
HCC,5629.6,40,NK_cytotoxic_T,2,raw_mean,12029,57853,41.96268844604492,0.594091922631497,NK_cytotoxic_T,1.0,0.594091922631497,CD4_T,1.0,0.0,1.0,11,22,0.0,5.7005,B_cell 1/5; Hepatocyte 4/5; Macrophage 0/6; NK_cytotoxic_T 6/6
HCC,5629.6,40,NK_cytotoxic_T,2,zscale_mean,12029,57853,41.96268844604492,0.5651392321919347,NK_cytotoxic_T,1.0,0.5651392321919347,CD4_T,1.0,0.0,1.0,11,22,0.001,5.6615,B_cell 1/5; Hepatocyte 4/5; Macrophage 0/6; NK_cytotoxic_T 6/6
HCC,5629.6,40,NK_cytotoxic_T,2,lognorm_mean,12029,57853,41.96268844604492,0.43690042003007623,Hepatocyte,0.0,0.39455170864086564,CD4_T,0.942857142857143,0.004804664723032055,0.942857142857143,18,22,0.0,5.5605,B_cell 5/5; Hepatocyte 4/5; Macrophage 3/6; NK_cytotoxic_T 6/6
HCC,5629.6,40,NK_cytotoxic_T,2,pseudobulk_cpm,12029,57853,41.96268844604492,0.246659637356749,Hepatocyte,0.0,0.11852453632482327,CD4_T,-0.08571428571428573,0.8717434402332361,-0.08571428571428573,20,22,0.0,5.0205,B_cell 5/5; Hepatocyte 4/5; Macrophage 6/6; NK_cytotoxic_T 5/6
HCC,5629.6,40,NK_cytotoxic_T,2,cpm_mean,12029,57853,41.96268844604492,0.24138765491850034,Hepatocyte,0.0,0.12004563289717042,CD4_T,-0.08571428571428573,0.8717434402332361,-0.08571428571428573,20,22,0.0,5.015,B_cell 5/5; Hepatocyte 4/5; Macrophage 6/6; NK_cytotoxic_T 5/6
