cohort,target_depth,spread,deep_type,seed,cell_type,n_cells,imposed_factor,realised_median_rowsum,detection_rate,mean_lognorm_profile,mean_cpm_profile,mean_raw_profile,mean_zscale_profile,share_raw_mean,share_zscale_mean,share_lognorm_mean,share_pseudobulk_cpm,share_cpm_mean
HCC,5629.6,natural,none,-1,B_cell,416,,8965.5,0.12249163703602954,0.09577192434187745,0.17108639316626312,0.2519724698953741,0.04907807693790642,0.12951240376390077,0.12071856287425149,0.1364585115483319,0.1380496150556031,0.14292557741659537
HCC,5629.6,natural,none,-1,CD4_T,3305,,7159.0,0.09006309121342984,0.08832230016304927,0.17108640158610317,0.13622901247429497,-0.07525883557385897,0.0036441402908468775,0.0038323353293413173,0.02889649272882806,0.06644995722840034,0.0662617621899059
HCC,5629.6,natural,none,-1,Endothelial_stromal,1137,,13139.0,0.15729773123800692,0.10019388515416425,0.17108638688711933,0.3892513202016623,0.19256514686863613,0.6706415739948675,0.653464499572284,0.22251497005988025,0.18480752780153978,0.1885372112917023
HCC,5629.6,natural,none,-1,Hepatocyte,1415,,11612.0,0.13306252456346576,0.09841991653502166,0.171086402129392,0.23742998001976864,0.05136921357883452,0.15118905047048758,0.1742343883661249,0.3362360992301112,0.31647562018819503,0.30097519247219845
HCC,5629.6,natural,none,-1,Macrophage,2079,,8532.0,0.105058021568925,0.09304953837144364,0.1710863972766839,0.1693383301424362,-0.03240370361808552,0.026176218990590246,0.028195038494439693,0.1288622754491018,0.15486740804106072,0.16230966638152267
HCC,5629.6,natural,none,-1,NK_cytotoxic_T,3677,,9099.0,0.1096278876432852,0.09506247994006614,0.17108638775790172,0.1810861497022273,-0.02948311143027416,0.0188366124893071,0.019555175363558597,0.1470316509837468,0.13934987168520102,0.13899059024807528
HCC,5629.6,1,B_cell,0,B_cell,416,1.0,5618.0,0.06997096845227686,0.08371532089987628,0.1716531876279058,0.09178110487877983,-0.009473432092359247,0.1455104107660882,0.14240348799285923,0.14842851502823695,0.14975024460579844,0.15181008290849168
HCC,5629.6,1,B_cell,0,CD4_T,3305,1.0,5605.0,0.06614939794517607,0.08121770078277922,0.17165315496587627,0.08718587628188382,-0.021561447503984817,0.04112810477710833,0.0390854317936042,0.04864651458193865,0.06610364419726385,0.06667009973050449
HCC,5629.6,1,B_cell,0,Endothelial_stromal,1137,1.0,5624.0,0.06921616460244921,0.08277179175837047,0.17165317803997882,0.09303279924129591,-0.0027333426192295714,0.1980362874847658,0.19496369534991503,0.18921331342156308,0.19166795406560586,0.19266354257857424
HCC,5629.6,1,B_cell,0,Hepatocyte,1415,1.0,5621.0,0.07001937110982387,0.08348805877637448,0.1716531632374035,0.09225824088474543,0.002006698300159421,0.29723466707863433,0.30789433029507185,0.30743086667696584,0.2953464819678322,0.29292617196216764
HCC,5629.6,1,B_cell,0,Macrophage,2079,1.0,5616.0,0.06926605368972971,0.0831328920417068,0.1716531659375983,0.09157429450269795,-0.005389286142755447,0.15756046483684363,0.1563073965360386,0.15560361844928505,0.1603069159071013,0.1580239284549496
HCC,5629.6,1,B_cell,0,NK_cytotoxic_T,3677,1.0,5622.0,0.07066467187502469,0.08412214744156583,0.1716531468996632,0.09341142157744298,-0.011659385085965056,0.16053006505655973,0.1593456580325111,0.1506771718420104,0.13682475925639837,0.13790617436531233
HCC,5629.6,2,B_cell,0,B_cell,416,1.0,5617.0,0.06996036295101717,0.08389515139371033,0.17203413705020706,0.09197258966948275,0.07213164133873064,0.3570740434902285,0.3514657308009909,0.26887214423341593,0.14817299752270852,0.14948045692265347
HCC,5629.6,2,B_cell,0,CD4_T,3305,0.5743491774985174,3207.0,0.04166839708627145,0.06654911545355552,0.17203406911723576,0.05019126239426538,-0.03329377903095867,0.01847646573080099,0.018270024772914947,0.03800233966418937,0.07677883292045141,0.0763831544178365
HCC,5629.6,2,B_cell,0,Endothelial_stromal,1137,0.8705505632961241,4894.0,0.06194117082090845,0.0794371571552968,0.17203413804996218,0.08118127259139507,0.04835528727295002,0.2905484448114506,0.2867636939168731,0.2390242224057253,0.18658821910266998,0.18684627030002754
HCC,5629.6,2,B_cell,0,Hepatocyte,1415,0.6597539553864471,3701.0,0.04960834418514151,0.07254760934056217,0.17203414919375937,0.060997734742092274,0.0025681827953336236,0.17685108725571153,0.18660542251582715,0.2512902559867878,0.29183870079823837,0.2881055601431324
HCC,5629.6,2,B_cell,0,Macrophage,2079,0.757858283255199,4251.0,0.05522448450797361,0.07600759026744618,0.17203412892501305,0.06954021755838437,0.019714688897790215,0.14499036608863197,0.1448183319570603,0.1606110652353427,0.15873589320121112,0.1599057252958987
HCC,5629.6,2,B_cell,0,NK_cytotoxic_T,3677,0.5,2805.0,0.03953999622959741,0.06544745592213473,0.17203412896095835,0.046787412075914574,-0.042724528508545544,0.012059592623176438,0.012076796036333609,0.042199972474538945,0.1378853564547206,0.13927883292045143
HCC,5629.6,5,B_cell,0,B_cell,416,1.0,5617.5,0.06993963769664704,0.08411175985229838,0.17250004843918085,0.09222067930516982,0.13684426004833736,0.4878646219661555,0.48046437011609255,0.3540390885097721,0.14303703575925894,0.1439512859878215
HCC,5629.6,5,B_cell,0,CD4_T,3305,0.5253055608807534,2929.0,0.038555695118535335,0.06426926971627957,0.17250008106160647,0.046028784124442626,0.0005994417189057941,0.04221076055269014,0.041158510289627574,0.06836176709044177,0.07427851856962964,0.0766935191733798
HCC,5629.6,5,B_cell,0,Endothelial_stromal,1137,0.2,1121.0,0.016912476306355922,0.04091818089047048,0.17250003959394453,0.018691980266662613,-0.0772285137718034,0.019889254972313742,0.021234755308688825,0.0688447672111918,0.21804005451001363,0.21408980352245088
HCC,5629.6,5,B_cell,0,Hepatocyte,1415,0.3807307877431757,2133.0,0.03060248584504718,0.05745248715099628,0.17250003244306678,0.03528232984531744,-0.02373706108275273,0.10667402666850667,0.11326352831588207,0.22364630591157647,0.2735850683962671,0.2714978178744545
HCC,5629.6,5,B_cell,0,Macrophage,2079,0.7247796636776955,4066.0,0.05320550554195414,0.07499989127315194,0.17250002808691275,0.0666917443064137,0.06613003056429874,0.3388763347190837,0.3395145848786462,0.272067068016767,0.15161028790257197,0.15228303807075952
HCC,5629.6,5,B_cell,0,NK_cytotoxic_T,3677,0.27594593229224296,1548.0,0.023154943098314243,0.0494055741640594,0.1725000571489594,0.025910998318924443,-0.05888336032904745,0.00448500112125028,0.004364251091062773,0.013041003260250815,0.1394490348622587,0.14148453537113384
HCC,5629.6,10,B_cell,0,B_cell,416,1.0,5611.0,0.06986523727177933,0.08436636994184332,0.17310322643437778,0.09242513618563059,0.22973666629354553,0.5124374664612509,0.5019820318856134,0.38655680382211915,0.13043327736329174,0.1358860288389967
HCC,5629.6,10,B_cell,0,CD4_T,3305,0.251188643150958,1395.0,0.019800973085574443,0.04495089410779536,0.17310322903102351,0.02209082032045361,-0.026521394748564363,0.013432809984593813,0.013311637729578147,0.028510100572971663,0.09338918797278817,0.09233325832193737
HCC,5629.6,10,B_cell,0,Endothelial_stromal,1137,0.3981071705534972,2237.0,0.031769569485644744,0.05868712102562792,0.1731032281903751,0.037359115939163454,0.031782627691898546,0.08771140230919697,0.08892312485935364,0.1542349703127975,0.17073170731707318,0.1749034949540411
HCC,5629.6,10,B_cell,0,Hepatocyte,1415,0.6309573444801932,3542.0,0.047739566124031636,0.07174262598650111,0.17310320037736834,0.05869626850010094,0.11340301891937654,0.37807474597102253,0.3874050096072288,0.3976180996728349,0.2578372483511918,0.2545309768214786
HCC,5629.6,10,B_cell,0,Macrophage,2079,0.1,555.0,0.008651034819259119,0.02663430173940718,0.17310322182747634,0.009228383356375878,-0.07349081445200588,0.0048815108449168235,0.0049680624556423,0.022191832990011946,0.2032404923055618,0.1975800169641157
HCC,5629.6,10,B_cell,0,NK_cytotoxic_T,3677,0.15848931924611134,886.0,0.013756844845781123,0.03621044987310909,0.17310319811962083,0.014924939039490288,-0.05333455283531871,0.0034620644290190242,0.0034101334625837388,0.010888192629264831,0.1443680866900933,0.1447662240994305
HCC,5629.6,20,B_cell,0,B_cell,416,1.0,5618.0,0.06989932060025518,0.08452797131619978,0.17340038786869022,0.09264799055634845,0.22425209392932802,0.6673833882434541,0.6611756545864401,0.4549159008149818,0.13672620079764175,0.13471475637246402
HCC,5629.6,20,B_cell,0,CD4_T,3305,0.5492802716530588,3064.0,0.04008058902286001,0.06583652506069368,0.1734003957561353,0.04837656581724963,0.06578457157159524,0.1492803884168545,0.14295127449280387,0.15097971215536674,0.08342292353043176,0.08600658921449628
HCC,5629.6,20,B_cell,0,Endothelial_stromal,1137,0.091028210151304,510.0,0.008014870096590316,0.025327824444127414,0.17340037887065085,0.008572460389755865,-0.07421007933160662,0.01435755158661349,0.015051153112536847,0.05423963932720652,0.188018033639674,0.20060690133518294
HCC,5629.6,20,B_cell,0,Hepatocyte,1415,0.30170881682725814,1687.0,0.024755165654079165,0.05145517063408671,0.17340037930813249,0.02809149903097985,0.0018880220628556478,0.16025663256459163,0.17189179816195596,0.30525403155886943,0.23993410785503727,0.2463846020461245
HCC,5629.6,20,B_cell,0,Macrophage,2079,0.05,278.0,0.0044094991135489574,0.016566609732477724,0.1734003775000405,0.004629398178903987,-0.08942784160060085,0.003936188659615051,0.0040402288885035545,0.02072134558696029,0.20913820010404022,0.1901855384081845
HCC,5629.6,20,B_cell,0,NK_cytotoxic_T,3677,0.16572270086699936,928.0,0.014355831892985048,0.03726133571304112,0.17340037233317923,0.015637568963434968,-0.05095835030158911,0.004785850528871163,0.004889890757759667,0.013889370556615224,0.14276053407317496,0.14210161262354778
HCC,5629.6,40,B_cell,0,B_cell,416,1.0,5616.0,0.0699604034300296,0.0848282588124065,0.17395237437032762,0.09299602518830344,0.2374411989428941,0.7533529319672274,0.7534746986275158,0.570459408214031,0.13474350722772105,0.13559587384973995
HCC,5629.6,40,B_cell,0,CD4_T,3305,0.22865252596366314,1269.0,0.01813938813330842,0.04287510277836252,0.17395237875781894,0.020211776091349158,-0.027590694566085497,0.0426009358637605,0.0429836310818098,0.06324908240123854,0.11211230365126028,0.11308643693356758
HCC,5629.6,40,B_cell,0,Endothelial_stromal,1137,0.05228197762956365,292.0,0.004661915386152804,0.017310947007941554,0.17395236995018737,0.004926370948552492,-0.08289597339817104,0.015934037260598048,0.01678640388261694,0.05538643519404387,0.1785969001687338,0.18014507627811505
HCC,5629.6,40,B_cell,0,Hepatocyte,1415,0.10933620739432781,610.0,0.009500965580355297,0.028524854096388344,0.1739523698910963,0.010211053400857997,-0.06056384378830579,0.04940247360272757,0.05256840677022631,0.13950980221615322,0.2519178248995425,0.24617739662880303
HCC,5629.6,40,B_cell,0,Macrophage,2079,0.025,137.0,0.0022223218484900727,0.00992163718692513,0.17395237185508083,0.0023183441695453105,-0.0934281952306831,0.003896533129229217,0.003913928366413276,0.01730826099813871,0.17831857637378887,0.1817802285734166
HCC,5629.6,40,B_cell,0,NK_cytotoxic_T,3677,0.47817624989501845,2684.0,0.03803705596359604,0.0649282320435803,0.17395236346417253,0.04526253961597324,0.061029711278538484,0.1348130881764573,0.1302729312714179,0.15408701097639466,0.1443108876789535,0.1432149877363578
HCC,5629.6,1,B_cell,1,B_cell,416,1.0,5621.0,0.06995161948432976,0.08367317556555744,0.17159722719968062,0.09174293118423206,-0.009457645414789448,0.14707598325211066,0.1430091289724758,0.14978721943853388,0.15110851808634773,0.15291028896973025
HCC,5629.6,1,B_cell,1,CD4_T,3305,1.0,5604.0,0.06614552058244,0.0811912359511728,0.1715972128058398,0.08714876955182961,-0.02153060140011061,0.04075434140984282,0.03859221634978379,0.04830461939735054,0.06436611984350332,0.06536138376003844
HCC,5629.6,1,B_cell,1,Endothelial_stromal,1137,1.0,5622.0,0.06920510133589314,0.08273891075709433,0.17159721631144875,0.09299735109420473,-0.0028528344875000384,0.19869242913034527,0.19529480403596677,0.18999244972201249,0.19345871370718648,0.19438533873292607
HCC,5629.6,1,B_cell,1,Hepatocyte,1415,1.0,5620.0,0.07002003754026474,0.08346130437194274,0.1715972089016197,0.09223447966748702,0.001888720893284874,0.2973436749262132,0.30794838355412174,0.3070217585283822,0.2961939735053882,0.2929336261926007
HCC,5629.6,1,B_cell,1,Macrophage,2079,1.0,5618.0,0.06927560323198952,0.08311143955857762,0.17159719242540802,0.0915590391360863,-0.005372197392479181,0.15802388633399683,0.15807536550209347,0.15661678907268858,0.15994577527627155,0.15891619191433867
HCC,5629.6,1,B_cell,1,NK_cytotoxic_T,3677,1.0,5622.0,0.07065927250098113,0.08409240913571969,0.1715971982030979,0.09337948684280944,-0.011620544716507955,0.15810968494749125,0.15708010158555838,0.14827716384103232,0.13492689958130277,0.13549317043036585
HCC,5629.6,2,B_cell,1,B_cell,416,1.0,5619.0,0.06995558642754904,0.08385846227612531,0.1719808753971773,0.09198446748106225,0.0606598685924532,0.3321122691156743,0.3257833728889348,0.22262924362810854,0.14625253671791696,0.14850548618993567
HCC,5629.6,2,B_cell,1,CD4_T,3305,0.5,2787.0,0.0369091763444698,0.06270590769564668,0.17198088647369672,0.04366551764708516,-0.05718771202218134,0.008031506896433116,0.007825129845561173,0.02158359990369071,0.07608433942145633,0.07794173287930382
HCC,5629.6,2,B_cell,1,Endothelial_stromal,1137,0.5743491774985174,3226.0,0.04375527847034271,0.06828492028258464,0.1719808639585249,0.05352350394713504,-0.028307804704120483,0.08069342689092973,0.08191449110858873,0.13780827571973997,0.19982457950675886,0.19788119561104806
HCC,5629.6,2,B_cell,1,Hepatocyte,1415,0.8705505632961241,4892.0,0.06258670810435943,0.08004829298332092,0.17198088207280357,0.0804983531767663,0.04357269279872802,0.4072851098957796,0.4136999965603825,0.35613799745468305,0.28860110755683965,0.2849035187287174
HCC,5629.6,2,B_cell,1,Macrophage,2079,0.6597539553864471,3702.0,0.049152263482481556,0.07220499003441101,0.17198088072714698,0.06054388608648575,-0.01107380670667645,0.09541498985312834,0.09612011144360746,0.13276923606095004,0.1559522581088983,0.1564853988236508
HCC,5629.6,2,B_cell,1,NK_cytotoxic_T,3677,0.757858283255199,4256.0,0.05640450828040263,0.07695822731480711,0.17198091504693835,0.07090231288880625,0.005629311724761778,0.0764626973480549,0.0746568981529254,0.1290716472328277,0.1332851786881299,0.13428266776734427
HCC,5629.6,5,B_cell,1,B_cell,416,1.0,5621.5,0.06993708751886321,0.08406061613325881,0.17241676130997705,0.09220939817264752,0.14626190297638167,0.4681115191641235,0.4602837979965172,0.3487301505198365,0.14112312281246228,0.14233004017310644
HCC,5629.6,5,B_cell,1,CD4_T,3305,0.3807307877431757,2119.0,0.0289783595010736,0.055478951829480684,0.17241675508500742,0.03334857434940907,-0.03112757038329243,0.01618993430921223,0.0161726926326316,0.03596613734719564,0.08244969740857601,0.08432904015586476
HCC,5629.6,5,B_cell,1,Endothelial_stromal,1137,0.2,1121.0,0.016923495142122616,0.04091719564668299,0.17241676517564708,0.018684381829711286,-0.0736201162555903,0.01643131778134106,0.01767271849514647,0.05960447593924033,0.22022793496439594,0.2176761668304626
HCC,5629.6,5,B_cell,1,Hepatocyte,1415,0.5253055608807534,2950.0,0.04076477653308009,0.06637644022828754,0.17241679448850136,0.04869860982737792,0.022896484423440375,0.20598631010879498,0.21612441593820583,0.29740167933929895,0.274384041104157,0.26848738771358127
HCC,5629.6,5,B_cell,1,Macrophage,2079,0.7247796636776955,4061.0,0.05317430551075411,0.07494876874292548,0.17241673211341937,0.06661396800881965,0.07282042189095249,0.28781530716046827,0.2840566216658908,0.23965930447076675,0.14419214124381455,0.1493301608648425
HCC,5629.6,5,B_cell,1,NK_cytotoxic_T,3677,0.27594593229224296,1547.0,0.023150899292308756,0.04937830921876991,0.17241678268580526,0.02588241993406402,-0.054287908071161683,0.005465611476059932,0.0056897532716081315,0.018638252383661787,0.13762306246659425,0.13784720426214245
HCC,5629.6,10,B_cell,1,B_cell,416,1.0,5616.5,0.06992061256079948,0.08433369936902113,0.17297746698789415,0.09245454019264368,0.1913631389663279,0.6075314386535434,0.6020134576464686,0.40974900970403555,0.1316012523568179,0.13758627250869213
HCC,5629.6,10,B_cell,1,CD4_T,3305,0.6309573444801932,3525.0,0.04517760397579986,0.0695078299440834,0.17297746412265252,0.05543176050938172,0.06735167192337055,0.14917576239815952,0.14047499610800712,0.14623514556053346,0.07432841500752452,0.07474356091401291
HCC,5629.6,10,B_cell,1,Endothelial_stromal,1137,0.3981071705534972,2234.0,0.03174667281884997,0.05862214567739882,0.17297746412566115,0.0373118773125181,0.013843962575211494,0.15720191659026828,0.16460535192264447,0.2320319662347996,0.17510508380757986,0.17693864489457023
HCC,5629.6,10,B_cell,1,Hepatocyte,1415,0.251188643150958,1406.0,0.020918418501061083,0.046622493706737926,0.17297746884571735,0.02334126075386511,-0.03190977799666605,0.07649063327048486,0.08287350158274377,0.17621213955821557,0.2728892425316981,0.27000051893238314
HCC,5629.6,10,B_cell,1,Macrophage,2079,0.1,556.0,0.008654784978772517,0.02662654088747834,0.17297746095922473,0.009223459414599509,-0.08339841821979065,0.006625036757710471,0.007109373648613586,0.026569338015256613,0.19876840047741778,0.19402881804500874
HCC,5629.6,10,B_cell,1,NK_cytotoxic_T,3677,0.15848931924611134,888.0,0.013770611188762414,0.03620603411384403,0.1729774394018287,0.014927291579835895,-0.06621986802812946,0.002975212329833423,0.0029233190915223745,0.009202400927159191,0.1473076058189618,0.1467021847053329
HCC,5629.6,20,B_cell,1,B_cell,416,1.0,5619.0,0.06991433831387103,0.08454598727995409,0.17344549707433912,0.09272258560535815,0.2645737211841522,0.5982828896019425,0.5870436215419305,0.4229468389558581,0.1325470470904518,0.1306911802965918
HCC,5629.6,20,B_cell,1,CD4_T,3305,0.16572270086699936,917.0,0.013395799124587281,0.03544387276566632,0.17344548812592264,0.014605894968912979,-0.0399023779302928,0.007614257219668719,0.007648946318619374,0.02475067210129217,0.1008585551990287,0.10200329546440032
HCC,5629.6,20,B_cell,1,Endothelial_stromal,1137,0.091028210151304,509.0,0.00799936375109605,0.02529868163725141,0.17344549362583456,0.00855517996037907,-0.06366047044494243,0.009938426849362587,0.010285317838869136,0.04294510450091059,0.214517387910849,0.21271355476541498
HCC,5629.6,20,B_cell,1,Hepatocyte,1415,0.30170881682725814,1690.0,0.024771540802054983,0.051491225746374804,0.17344548904448356,0.028114766983945258,0.01761242759085331,0.10961755268406903,0.11712774260688578,0.22780331280894978,0.24388171017257826,0.24785361200242823
HCC,5629.6,20,B_cell,1,Macrophage,2079,0.5492802716530588,3075.0,0.04198109182532858,0.06770080100266315,0.17344551379569173,0.05080059195053559,0.10414479312128137,0.27352354522591277,0.27687104327465095,0.2773566906599601,0.14180903651027665,0.14258954123666637
HCC,5629.6,20,B_cell,1,NK_cytotoxic_T,3677,0.05,279.0,0.004500417192092395,0.01684321894370521,0.17344548761877687,0.004724642069372207,-0.07983506404462805,0.0010233284190443153,0.0010233284190443153,0.0041973809730292255,0.16638626311681554,0.1641488162344983
HCC,5629.6,40,B_cell,1,B_cell,416,1.0,5620.0,0.06995315768680255,0.08489936918264801,0.1741068318697936,0.09309383487708059,0.31813311185327525,0.6118462288460199,0.6002333031548158,0.4583884671634515,0.12023817814611046,0.12286719130858695
HCC,5629.6,40,B_cell,1,CD4_T,3305,0.05228197762956365,285.0,0.004381715406925016,0.01650135962281629,0.17410682566962887,0.0046226601859239705,-0.06703060671915932,0.0023852635977435754,0.0024200849641339926,0.00846159203287137,0.14177519325858345,0.14118323002994637
HCC,5629.6,40,B_cell,1,Endothelial_stromal,1137,0.025,139.0,0.0022663997561045866,0.010083546109980026,0.17410683276438801,0.002370073274322602,-0.07718646438035956,0.00294240545999025,0.00294240545999025,0.018211574622188174,0.1832474406295703,0.18190681802353925
HCC,5629.6,40,B_cell,1,Hepatocyte,1415,0.47817624989501845,2682.0,0.0375116320375724,0.06435995929417543,0.17410682828796986,0.0447412723259713,0.1152333509693911,0.32860923462636676,0.33968242913851937,0.4127028344592242,0.25437008148199736,0.25482275924507275
HCC,5629.6,40,B_cell,1,Macrophage,2079,0.22865252596366314,1276.0,0.019008133026824615,0.044338765389745245,0.17410684118563455,0.021219778897890184,0.008705604189220457,0.047827146737237966,0.04833205654989902,0.08675743436172435,0.16026533881189498,0.16061355247579914
HCC,5629.6,40,B_cell,1,NK_cytotoxic_T,3677,0.10933620739432781,610.0,0.009626616798249504,0.028846176571325845,0.17410683069618743,0.010343427880461404,-0.04111323527196285,0.006389720732641549,0.006389720732641549,0.015478097360540427,0.14010376767184343,0.1386064489170555
HCC,5629.6,1,B_cell,2,B_cell,416,1.0,5616.0,0.06988053833848226,0.08364732939758951,0.1716237377181578,0.09171130808968266,-0.009588543362723244,0.14651518011910686,0.14268797089261503,0.14979319340278374,0.1508744229152007,0.15356891550963667
HCC,5629.6,1,B_cell,2,CD4_T,3305,1.0,5605.0,0.06614810888765672,0.08120639711417167,0.17162371180128047,0.08716089091359311,-0.021542106275922908,0.041584430295021194,0.03849520311668698,0.0486896528051899,0.06495958261108346,0.06568040228602812
HCC,5629.6,1,B_cell,2,Endothelial_stromal,1137,1.0,5622.0,0.0691903206932921,0.08274391196839287,0.1716237200346959,0.09302659870487631,-0.002736367816799101,0.19875744417938113,0.19489591020646335,0.18902637856762833,0.19343710848336107,0.19281926304769423
HCC,5629.6,1,B_cell,2,Hepatocyte,1415,1.0,5618.0,0.07000241283521227,0.08346788472210924,0.17162372521495117,0.09221071440288799,0.0019375622894159455,0.29718365455575196,0.30888839308699606,0.3078243259477921,0.2963598606415295,0.2931161721042786
HCC,5629.6,1,B_cell,2,Macrophage,2079,1.0,5619.0,0.06927105120251538,0.08312087839317937,0.1716237225367941,0.09157864635236049,-0.005311466357872702,0.15736179998970257,0.15710436439150804,0.15535380232378534,0.15887208883244375,0.1581512691574991
HCC,5629.6,1,B_cell,2,NK_cytotoxic_T,3677,1.0,5623.0,0.07066037161020118,0.08410390478116565,0.17162369629469948,0.09339656150149041,-0.01168577143391017,0.15859749086103628,0.1579281583057305,0.14931264695282065,0.13549693651638148,0.13666397789486331
HCC,5629.6,2,B_cell,2,B_cell,416,1.0,5616.0,0.06993117758304675,0.08384291071721453,0.17196904594075332,0.09192398637476024,0.07081522264272039,0.35090283748925194,0.3459501289767842,0.2580739466895959,0.1471195184866724,0.14840928632846087
HCC,5629.6,2,B_cell,2,CD4_T,3305,0.5,2788.0,0.03691732339179566,0.0627150400101881,0.17196905117302325,0.043663325714835784,-0.05006143696991599,0.00997420464316423,0.009681857265692175,0.02524505588993981,0.08099742046431642,0.08017196904557179
HCC,5629.6,2,B_cell,2,Endothelial_stromal,1137,0.8705505632961241,4893.0,0.06190515226098291,0.07938291065830641,0.17196906410679244,0.08113073050544833,0.04739369772605686,0.2911092003439381,0.28777300085984525,0.2366122098022356,0.18617368873602752,0.18665520206362854
HCC,5629.6,2,B_cell,2,Hepatocyte,1415,0.6597539553864471,3704.0,0.0495938136214217,0.07250961182259871,0.17196905281066582,0.060973600017014594,0.001957307370112428,0.17850386930352535,0.1877214101461737,0.252725709372313,0.29403267411865863,0.2876354256233878
HCC,5629.6,2,B_cell,2,Macrophage,2079,0.757858283255199,4252.0,0.05522952251924214,0.07598382977777755,0.1719690575425904,0.06951423087278633,0.018896146279503537,0.14565778159931211,0.145262252794497,0.15939810834049872,0.15532244196044712,0.15910576096302664
HCC,5629.6,2,B_cell,2,NK_cytotoxic_T,3677,0.5743491774985174,3225.0,0.04464278938898893,0.06933103783305183,0.17196894624414308,0.0537696274230062,-0.02646360615105409,0.023852106620808253,0.023611349957007737,0.06794496990541703,0.1363542562338779,0.13802235597592433
HCC,5629.6,5,B_cell,2,B_cell,416,1.0,5617.0,0.06988867461998303,0.08405086117726517,0.17244351844113048,0.09214217139559872,0.12886851289189222,0.5300224176582169,0.5230384549060183,0.348594585273323,0.14285221589929298,0.14436971891705466
HCC,5629.6,5,B_cell,2,CD4_T,3305,0.7247796636776955,4051.0,0.050813842388771346,0.07308160007338692,0.17244349573358517,0.06347819893825922,0.04461855527760326,0.14000689774098982,0.12986721848594585,0.13219520607001206,0.07008104845663045,0.07133988618727367
HCC,5629.6,5,B_cell,2,Endothelial_stromal,1137,0.2,1118.0,0.016944910782604666,0.04095719781854238,0.17244352567748494,0.018714202233333227,-0.07973114795985432,0.023279875840662184,0.02465942403862735,0.07365062941886533,0.21545093981720986,0.21357130539748231
HCC,5629.6,5,B_cell,2,Hepatocyte,1415,0.3807307877431757,2131.0,0.030582730942692638,0.05741347503104589,0.17244351943714434,0.03525328175870458,-0.02728408105766678,0.13876530436282117,0.14973271253664425,0.2443524745645801,0.2772546990860493,0.27266770132781515
HCC,5629.6,5,B_cell,2,Macrophage,2079,0.5253055608807534,2947.0,0.04042120366107904,0.06609749166980876,0.1724435588873598,0.048355528283101995,0.00781309295749168,0.16414899120538023,0.16896016554578375,0.1892912571132954,0.15100879461976202,0.15464735299189517
HCC,5629.6,5,B_cell,2,NK_cytotoxic_T,3677,0.27594593229224296,1547.0,0.02316217432105791,0.049396898370305566,0.17244353807846835,0.02590778947145286,-0.062498494468598675,0.003776513191929643,0.0037420244869805137,0.011915847559924125,0.14335230212105535,0.14340403517847905
HCC,5629.6,10,B_cell,2,B_cell,416,1.0,5618.0,0.06992069351882436,0.08434137019050639,0.17300140814018108,0.09246296938274431,0.17778713053546194,0.6096915385014618,0.6018372748819265,0.37724685569953115,0.12888604397695622,0.1331245783090843
HCC,5629.6,10,B_cell,2,CD4_T,3305,0.15848931924611134,876.0,0.012836669151796331,0.03440499595950572,0.17300139300709846,0.013931030753603265,-0.07355974394099052,0.005726346383405706,0.005830147224192516,0.01807864643703614,0.09765929104025743,0.10298773420064702
HCC,5629.6,10,B_cell,2,Endothelial_stromal,1137,0.3981071705534972,2234.0,0.03174568053122044,0.05862793125316613,0.1730014057809092,0.037312050600521035,0.007852269660853155,0.17649602961783992,0.1842810926768507,0.24360327318651281,0.17997335778419804,0.1783125443316091
HCC,5629.6,10,B_cell,2,Hepatocyte,1415,0.251188643150958,1406.0,0.020932865760975795,0.046647896295503186,0.17300140264371097,0.023361497920712664,-0.03639073550506108,0.08390567963600505,0.0887151185924606,0.18030206044668962,0.2692074805805927,0.26661245956092244
HCC,5629.6,10,B_cell,2,Macrophage,2079,0.1,556.0,0.008647657245788087,0.0266130243849289,0.17300139915306043,0.00921858645506207,-0.08716303255867991,0.007594761517568292,0.008044565160977804,0.02778402505060291,0.19485147829697422,0.18870992855042126
HCC,5629.6,10,B_cell,2,NK_cytotoxic_T,3677,0.6309573444801932,3543.0,0.04836405721422204,0.07236131770622231,0.17300142170530108,0.05940304937247799,0.06807046786160628,0.11658564434371918,0.11129180146359186,0.15298513917962736,0.1294223483210214,0.13025275504731587
HCC,5629.6,20,B_cell,2,B_cell,416,1.0,5618.0,0.06994441422011516,0.08460997356058712,0.1735237447645111,0.09273768081508107,0.27359880274263343,0.5945444134029741,0.5843759218449045,0.42379704662583073,0.12537090700862413,0.12497180239115722
HCC,5629.6,20,B_cell,2,CD4_T,3305,0.05,273.0,0.004189228039242885,0.015913624584520593,0.17352374096728843,0.004399690660450544,-0.0783974014717212,0.0011105519790383313,0.0011105519790383313,0.0048586649082927,0.15119124052126534,0.14933453643131062
HCC,5629.6,20,B_cell,2,Endothelial_stromal,1137,0.16572270086699936,929.0,0.01418026415437211,0.036911085248226116,0.1735237479731551,0.015580707901494614,-0.03166720402679221,0.025785628763296257,0.026757361744954796,0.07373023998334172,0.19523156744000417,0.19644623366707734
HCC,5629.6,20,B_cell,2,Hepatocyte,1415,0.30170881682725814,1688.0,0.024771790713470316,0.051515507340821685,0.17352374364782083,0.02812467981649649,0.021658038501177482,0.10631799961824775,0.11405715872217113,0.2197678252268823,0.2450675874993493,0.24584844435961062
HCC,5629.6,20,B_cell,2,Macrophage,2079,0.5492802716530588,3078.0,0.04199540398917346,0.06773747051176673,0.17352376474307818,0.05085843299242803,0.10998594735004555,0.2701591212757466,0.271564663624217,0.2682850648111194,0.1400336636068646,0.13953044474136286
HCC,5629.6,20,B_cell,2,NK_cytotoxic_T,3677,0.091028210151304,509.0,0.008072586272002191,0.025512282772963954,0.17352374129760073,0.008593073378463885,-0.06114708821911137,0.0020822849606968712,0.0021343420847142933,0.009561158444533134,0.14310503392389248,0.14386853840948133
HCC,5629.6,40,B_cell,2,B_cell,416,1.0,5617.0,0.06995174092136709,0.08485698440731512,0.17401291283938594,0.09300345951054184,0.2372840523436453,0.7541023543946961,0.7545199853829154,0.5748690552839021,0.13980197330641933,0.141350688221066
HCC,5629.6,40,B_cell,2,CD4_T,3305,0.22865252596366314,1268.0,0.018133396308633486,0.04288077238539412,0.17401292651032016,0.020204668142503258,-0.027559259893771337,0.04555658029825813,0.0457653957923678,0.06763881880035498,0.11787634642490473,0.11904223293368368
HCC,5629.6,40,B_cell,2,Endothelial_stromal,1137,0.10933620739432781,612.0,0.009547021437633724,0.028618203065007532,0.1740129085456986,0.010312109221828798,-0.0613896496669136,0.04287678145718412,0.04531296222179686,0.12168722919240607,0.18723789305166444,0.1880557537369273
HCC,5629.6,40,B_cell,2,Hepatocyte,1415,0.025,138.0,0.0022380281275297953,0.009980639652194503,0.17401291238015412,0.0023350688098088684,-0.09291116086220746,0.007186733255607566,0.0074999564967720605,0.036977743748586145,0.2192562688151461,0.21478413698296414
HCC,5629.6,40,B_cell,2,Macrophage,2079,0.05228197762956365,291.0,0.004606913018127971,0.017165779881090488,0.1740129069105243,0.004859480053939483,-0.08326796976618459,0.009553308855517079,0.010040545008439625,0.0361772843544991,0.1867158543163903,0.18833417439574016
HCC,5629.6,40,B_cell,2,NK_cytotoxic_T,3677,0.47817624989501845,2683.0,0.038039029780570395,0.06495576701464656,0.17401291058358462,0.04527767219506365,0.06113135756768729,0.14072424173873702,0.13686115509770824,0.16264986862025163,0.14911166408547513,0.14843301372961873
HCC,5629.6,1,NK_cytotoxic_T,0,B_cell,416,1.0,5613.0,0.0699210173509239,0.08368660122348814,0.17164140735176753,0.09169401651454398,-0.009496489609240055,0.14766310224678603,0.14453922864351795,0.15020339506702596,0.1523317485110108,0.15329294038893942
HCC,5629.6,1,NK_cytotoxic_T,0,CD4_T,3305,1.0,5603.0,0.06614817512381385,0.08121535467056816,0.17164138704411175,0.08716976849001862,-0.02152041950982024,0.04115960934415819,0.038550659961209044,0.047578997957467256,0.06498343660424641,0.0662192547330118
HCC,5629.6,1,NK_cytotoxic_T,0,Endothelial_stromal,1137,1.0,5621.0,0.06918980233408266,0.08275128252887291,0.1716414012823887,0.093022864371421,-0.0027959228898509665,0.1985376152142943,0.195688367861863,0.1898182317502274,0.19201524175692145,0.1927876280873998
HCC,5629.6,1,NK_cytotoxic_T,0,Hepatocyte,1415,1.0,5620.0,0.07000748246678037,0.08347954200715944,0.17164139124575284,0.09223946123278683,0.0019399363684595072,0.2948284444139304,0.3068090146066837,0.30548737577453183,0.29309486620552344,0.2909665127615386
HCC,5629.6,1,NK_cytotoxic_T,0,Macrophage,2079,1.0,5614.0,0.06925149853498763,0.08312378319137705,0.17164138866445056,0.09153663467870227,-0.005393470780515556,0.1586309881395788,0.1561765160227253,0.15700039477523559,0.16185784658691063,0.15966083658021663
HCC,5629.6,1,NK_cytotoxic_T,0,NK_cytotoxic_T,3677,1.0,5621.0,0.07064835926235026,0.08410587385963023,0.1716413422563049,0.09340637131874985,-0.011650326492547314,0.1591802406412523,0.15823621290400097,0.14991160467551193,0.1357168603353873,0.13707282744889376
HCC,5629.6,2,NK_cytotoxic_T,0,B_cell,416,0.757858283255199,4255.5,0.05575198670993064,0.07648871049281308,0.17198678625296393,0.06971596216025994,-0.008946752501731334,0.12070033021463951,0.11932443588332416,0.14207828838745185,0.16046367638965328,0.15888139790864061
HCC,5629.6,2,NK_cytotoxic_T,0,CD4_T,3305,0.6597539553864471,3686.0,0.04692408330113875,0.07032390677824146,0.17198682557262893,0.05762760639347498,-0.03878725791049961,0.022220693450742984,0.02060401761144744,0.03448335167859108,0.07154650522839846,0.07221725371491469
HCC,5629.6,2,NK_cytotoxic_T,0,Endothelial_stromal,1137,0.8705505632961241,4892.0,0.06193268454013652,0.07941201272948055,0.1719868057194577,0.08114462367777402,0.022175081724621765,0.35116263070996145,0.3512486241056687,0.2649284534947716,0.18650247660979638,0.18677765547605943
HCC,5629.6,2,NK_cytotoxic_T,0,Hepatocyte,1415,0.5,2804.0,0.03899966410715726,0.06480104648806477,0.17198678974575107,0.0462034918545111,-0.05452690910676683,0.1101919372592185,0.11782815079801871,0.20820720968629608,0.2866159878921299,0.2847757292239956
HCC,5629.6,2,NK_cytotoxic_T,0,Macrophage,2079,0.5743491774985174,3220.0,0.043647887884648004,0.06837783156894113,0.17198676386541684,0.052689001488533685,-0.043375042665767076,0.0830008255365988,0.08549463401210787,0.1257739405613649,0.1614611997798569,0.16225233902036323
HCC,5629.6,2,NK_cytotoxic_T,0,NK_cytotoxic_T,3677,1.0,5622.0,0.07064839131970249,0.08427505554729477,0.17198677334531262,0.09359167579813471,0.03737349863373219,0.3127235828288387,0.3055001375894331,0.2245287561915245,0.1334101541001651,0.13509562465602643
HCC,5629.6,5,NK_cytotoxic_T,0,B_cell,416,0.7247796636776955,4068.0,0.05370030796432666,0.07544630200440157,0.172404882476166,0.06681579964696786,0.03501924417549047,0.17838732479354516,0.17924934917159457,0.1842146095891592,0.1570780821681637,0.14988879885523163
HCC,5629.6,5,NK_cytotoxic_T,0,CD4_T,3305,0.2,1108.0,0.016004668120550316,0.03938124013337967,0.17240488046998684,0.017521984816738185,-0.09510852801683913,0.0028619209351240455,0.0030343258107339275,0.012309708118545593,0.09254693722738479,0.09896039860007241
HCC,5629.6,5,NK_cytotoxic_T,0,Endothelial_stromal,1137,0.5253055608807534,2950.0,0.04050060466601783,0.06599542327005141,0.17240489940831435,0.04906341013417086,-0.005759735209291758,0.22790200506870334,0.23803941175456442,0.24178059755529888,0.18161129596744996,0.18659379687257555
HCC,5629.6,5,NK_cytotoxic_T,0,Hepatocyte,1415,0.27594593229224296,1546.0,0.02282162483476839,0.04886338880973624,0.17240487976408864,0.025562611023713953,-0.06732267177023149,0.06482423322931573,0.07023774632346602,0.1565263865662121,0.28531282864679414,0.2747271692843474
HCC,5629.6,5,NK_cytotoxic_T,0,Macrophage,2079,0.3807307877431757,2130.0,0.030376356856107633,0.057175692021037346,0.17240485751672593,0.035027537553268984,-0.044308782416309596,0.0680654448907815,0.07256521214419943,0.12183852559350379,0.15475061634743031,0.16037101529231246
HCC,5629.6,5,NK_cytotoxic_T,0,NK_cytotoxic_T,3677,1.0,5623.0,0.07066235000679731,0.08448791742367051,0.1724048463037088,0.09382553717188608,0.09587829135756362,0.4579590710825302,0.4368739547954416,0.2833301725772805,0.1287002396427771,0.12945882109546059
HCC,5629.6,10,NK_cytotoxic_T,0,B_cell,416,0.251188643150958,1409.5,0.020921375185393873,0.04652411347783807,0.17243162762997277,0.02319209580036131,-0.08095628331194919,0.04957409387177984,0.05317791495671966,0.09633755216056833,0.1726385488153947,0.1762423699003345
HCC,5629.6,10,NK_cytotoxic_T,0,CD4_T,3305,0.6309573444801932,3524.0,0.045157789174642714,0.06927028184989172,0.17243164777844988,0.05524430327369148,-0.0022054714799072824,0.1069076111321861,0.10642480256578267,0.10858019795151222,0.07531813635893368,0.07631823981791219
HCC,5629.6,10,NK_cytotoxic_T,0,Endothelial_stromal,1137,0.3981071705534972,2234.0,0.031761853338555426,0.05845281642605543,0.1724316307413739,0.03720657542925391,-0.0399938303861514,0.18638134979480636,0.2056936924509432,0.2733386212366797,0.1700865606786909,0.17672517846673794
HCC,5629.6,10,NK_cytotoxic_T,0,Hepatocyte,1415,0.15848931924611134,887.0,0.013581780981800797,0.03571305339890426,0.17243162843753382,0.014698145330252882,-0.09970592725974663,0.03181363589336828,0.03626237196951409,0.12368520881470497,0.2520260716625858,0.25002586474462873
HCC,5629.6,10,NK_cytotoxic_T,0,Macrophage,2079,0.1,556.0,0.008650727030789337,0.026534957616785756,0.17243162895168085,0.00918644235194223,-0.11650884101229417,0.0060006207538710905,0.006621374624961203,0.03333103424492189,0.2008311204607373,0.1906921405662655
HCC,5629.6,10,NK_cytotoxic_T,0,NK_cytotoxic_T,3677,1.0,5622.0,0.07067024985431651,0.08450457969931394,0.1724315914913676,0.0938564171517035,0.08910574729472456,0.6193226885539883,0.5918198434320792,0.36472738559161294,0.12909956202365763,0.1299962065041211
HCC,5629.6,20,NK_cytotoxic_T,0,B_cell,416,0.16572270086699936,924.5,0.014116003134694723,0.03666916179190293,0.17265193562486036,0.015280692201444965,-0.08121751767362392,0.024205801104972377,0.02577693370165746,0.059962016574585636,0.1720303867403315,0.1691988950276243
HCC,5629.6,20,NK_cytotoxic_T,0,CD4_T,3305,0.05,273.0,0.004204044558081913,0.015876662868063652,0.1726519297338467,0.00439433910615926,-0.11277211488079435,0.0009668508287292818,0.0010013812154696133,0.0055248618784530384,0.13958908839779005,0.14038328729281768
HCC,5629.6,20,NK_cytotoxic_T,0,Endothelial_stromal,1137,0.30170881682725814,1694.0,0.024731984222034282,0.0511370613523564,0.17265193377883614,0.028223990145628947,-0.04086687604602866,0.0663328729281768,0.07016574585635359,0.13456491712707183,0.1739468232044199,0.17525897790055248
HCC,5629.6,20,NK_cytotoxic_T,0,Hepatocyte,1415,0.5492802716530588,3084.0,0.04236856519013647,0.06770480528139455,0.17265194340644635,0.050969535169747955,0.030465297819570414,0.3794371546961326,0.39716850828729283,0.4125345303867403,0.2336153314917127,0.23328729281767957
HCC,5629.6,20,NK_cytotoxic_T,0,Macrophage,2079,0.091028210151304,504.0,0.007885686390359288,0.024935910139661628,0.1726519315061162,0.008362449142835883,-0.10006773684543849,0.004782458563535911,0.005058701657458564,0.028107734806629835,0.16755870165745856,0.16714433701657458
HCC,5629.6,20,NK_cytotoxic_T,0,NK_cytotoxic_T,3677,1.0,5621.0,0.07065959307450365,0.08460924045813555,0.17265189152995647,0.09394407730148739,0.12913522399154187,0.5242748618784531,0.5008287292817679,0.3593059392265193,0.1132596685082873,0.11472720994475138
HCC,5629.6,40,NK_cytotoxic_T,0,B_cell,416,0.47817624989501845,2679.0,0.03749692359505444,0.0640393672312967,0.17301038028606397,0.04420989153579984,0.011318815733445316,0.14740484429065745,0.157681660899654,0.22271626297577854,0.13762975778546713,0.13889273356401385
HCC,5629.6,40,NK_cytotoxic_T,0,CD4_T,3305,0.22865252596366314,1268.0,0.018129595372232556,0.04263006762701194,0.1730103878771703,0.020092315826392853,-0.0605354182838693,0.018235294117647058,0.019429065743944637,0.0522318339100346,0.11337370242214533,0.11195501730103806
HCC,5629.6,40,NK_cytotoxic_T,0,Endothelial_stromal,1137,0.05228197762956365,292.0,0.004665810485355278,0.017224442480087095,0.17301037806112532,0.004907484334724111,-0.10306173322804134,0.01013840830449827,0.01143598615916955,0.05083044982698962,0.1811764705882353,0.18209342560553632
HCC,5629.6,40,NK_cytotoxic_T,0,Hepatocyte,1415,0.10933620739432781,612.0,0.009521470216955834,0.02841114609052907,0.17301038054835033,0.010180370963600572,-0.0852304342469193,0.03226643598615917,0.03705882352941176,0.15065743944636678,0.2386159169550173,0.24157439446366782
HCC,5629.6,40,NK_cytotoxic_T,0,Macrophage,2079,0.025,137.0,0.002218919975929322,0.00985706952505508,0.17301038098416097,0.0023022946552358316,-0.11143340588290158,0.0014705882352941176,0.0017301038062283738,0.018858131487889274,0.18155709342560553,0.17612456747404845
HCC,5629.6,40,NK_cytotoxic_T,0,NK_cytotoxic_T,3677,1.0,5622.0,0.07065173902320193,0.0847807018956372,0.17301033663685278,0.09414211412380147,0.14196318097795446,0.7904844290657439,0.7726643598615917,0.5047058823529412,0.1476470588235294,0.1493598615916955
HCC,5629.6,1,NK_cytotoxic_T,1,B_cell,416,1.0,5622.0,0.0699751782695708,0.08372615680469982,0.17167676932216452,0.09181446825762608,-0.009295397957919432,0.14755618122199524,0.14480935295026523,0.15121289635873578,0.15141890847911552,0.1539940599838624
HCC,5629.6,1,NK_cytotoxic_T,1,CD4_T,3305,1.0,5604.0,0.06614561738913118,0.08122834736037479,0.17167673797478583,0.087185399402622,-0.02156347242914218,0.04103074730896668,0.03869594327799619,0.04803515940187814,0.06475647650603444,0.06587237549142475
HCC,5629.6,1,NK_cytotoxic_T,1,Endothelial_stromal,1137,1.0,5621.0,0.06919349008960135,0.08277037295617798,0.17167675545608127,0.09303909898355425,-0.002847009850442354,0.19650122748888393,0.19359989012686912,0.18795172449312433,0.19044103761437964,0.19167711033665813
HCC,5629.6,1,NK_cytotoxic_T,1,Hepatocyte,1415,1.0,5617.0,0.07000038974280247,0.08349344045136649,0.17167675475671237,0.09223832350782103,0.0019191766634946287,0.2970008068808048,0.30764476643375854,0.30616834623770367,0.29524970385757693,0.2922453604353723
HCC,5629.6,1,NK_cytotoxic_T,1,Macrophage,2079,1.0,5615.0,0.06924486488349417,0.08313699157775693,0.17167674297984328,0.09155217275528353,-0.005393454630746111,0.15904135693316623,0.15795979330117255,0.15717008017305018,0.16213153873886246,0.15948771652732235
HCC,5629.6,1,NK_cytotoxic_T,1,NK_cytotoxic_T,3677,1.0,5624.0,0.0706464861970544,0.0841201365203387,0.17167673969239708,0.09343868718342077,-0.011620301242345116,0.1588696801661831,0.15729025390993837,0.1494617933355079,0.13600233480403098,0.1367233772253601
HCC,5629.6,2,NK_cytotoxic_T,1,B_cell,416,0.757858283255199,4257.0,0.055784410398896374,0.07647274187791885,0.17191286507489967,0.06971641483634555,-0.017334330590391477,0.13161649675944231,0.1306194020870223,0.1458852653475219,0.15599374237136618,0.1560109336588217
HCC,5629.6,2,NK_cytotoxic_T,1,CD4_T,3305,0.8705505632961241,4873.0,0.05914225959809683,0.07774836199898544,0.17191290164309989,0.07601622160521423,-0.007220949423931055,0.07639808145231997,0.06933246230810225,0.06089154016744314,0.06845570664787086,0.06639275215320875
HCC,5629.6,2,NK_cytotoxic_T,1,Endothelial_stromal,1137,0.5,2805.0,0.03881749231291805,0.0644715906803252,0.171912876909439,0.04657986140012104,-0.06426793832722724,0.09333149959600474,0.09689009609929687,0.14323780707937217,0.1982499269370283,0.1975450841513521
HCC,5629.6,2,NK_cytotoxic_T,1,Hepatocyte,1415,0.5743491774985174,3221.0,0.04400700823011843,0.0686281191784836,0.17191285177568755,0.05303496385911479,-0.04523859676182563,0.21490828448142482,0.22632329935188847,0.27060805583730163,0.2881603603293851,0.28472210283828153
HCC,5629.6,2,NK_cytotoxic_T,1,Macrophage,2079,0.6597539553864471,3699.0,0.049155900246242924,0.07218279897767929,0.17191288862113285,0.06050805621023435,-0.032924845957335365,0.15623442039574345,0.15829737489040555,0.15867558321442693,0.15506541284876824,0.1595351475872028
HCC,5629.6,2,NK_cytotoxic_T,1,NK_cytotoxic_T,3677,1.0,5623.0,0.07066539545526122,0.08424967545098441,0.17191282727154608,0.09356687576561598,0.027429076500811212,0.3275112173150647,0.3185373652632846,0.22070174835393422,0.13407485086558132,0.13579397961113307
HCC,5629.6,5,NK_cytotoxic_T,1,B_cell,416,0.3807307877431757,2130.5,0.030581367672489167,0.05739352350505072,0.17216148377664664,0.03503738718456373,-0.05771693224188423,0.046035981750882325,0.04739605750193682,0.0897822157183438,0.17228200051648446,0.17465782904364294
HCC,5629.6,5,NK_cytotoxic_T,1,CD4_T,3305,0.2,1107.0,0.015995074067945814,0.03931065972360673,0.1721614850257757,0.017488778574151268,-0.10309265492549656,0.0018421279159851942,0.0019109925109752949,0.010123095463544805,0.09279504174916071,0.09694413359731428
HCC,5629.6,5,NK_cytotoxic_T,1,Endothelial_stromal,1137,0.5253055608807534,2951.0,0.040553521736171605,0.06594354192921364,0.17216150994208992,0.04905422852158631,-0.017824708930702683,0.1617801497804941,0.167186020487217,0.20535422226048033,0.18471205991219763,0.18404063011104416
HCC,5629.6,5,NK_cytotoxic_T,1,Hepatocyte,1415,0.27594593229224296,1544.0,0.02282431435761907,0.04879848948912515,0.17216149191762567,0.02552682783942504,-0.07680622544244212,0.04858397176551606,0.053404493414823104,0.1406559352672807,0.276577429628992,0.2722733924421107
HCC,5629.6,5,NK_cytotoxic_T,1,Macrophage,2079,0.7247796636776955,4066.0,0.05323285011758532,0.07487182660942789,0.17216145973375452,0.06659838173998457,0.026680459435730875,0.3301885168287854,0.33371782732202804,0.25949901007144704,0.15105448911078592,0.14781785314625118
HCC,5629.6,5,NK_cytotoxic_T,1,NK_cytotoxic_T,3677,1.0,5621.0,0.07064964155644034,0.08436263495513625,0.17216144331162198,0.0936805052211588,0.08102297784858543,0.41156925195833693,0.39638460876301973,0.29458552121890336,0.12257897908237927,0.12426616165963673
HCC,5629.6,10,NK_cytotoxic_T,1,B_cell,416,0.1,557.0,0.008673316558830578,0.026597698590861255,0.17241081957576052,0.009195796358948717,-0.11631965269650309,0.013172186686436441,0.014137687281253771,0.04049930173617696,0.1764624747849175,0.1762900639644144
HCC,5629.6,10,NK_cytotoxic_T,1,CD4_T,3305,0.3981071705534972,2216.0,0.030151396748594423,0.05666196823071412,0.17241081915515816,0.03485275607304074,-0.050469817868384864,0.020361717901415492,0.02049964655781797,0.04189582938225203,0.07825727142635472,0.08105032671850486
HCC,5629.6,10,NK_cytotoxic_T,1,Endothelial_stromal,1137,0.6309573444801932,3545.0,0.047408911142790264,0.07102896401191795,0.17241080922088725,0.05894616774644818,0.0207495814801563,0.38164859226565057,0.39482077895208706,0.373424596127653,0.17922104791296703,0.17987620903087878
HCC,5629.6,10,NK_cytotoxic_T,1,Hepatocyte,1415,0.15848931924611134,888.0,0.013591158610147418,0.03572568617711382,0.17241081813471848,0.014710944121043849,-0.09826710986316803,0.025534042516508336,0.02841330321891002,0.0993086326097826,0.2781158945535422,0.27297805210254994
HCC,5629.6,10,NK_cytotoxic_T,1,Macrophage,2079,0.251188643150958,1403.0,0.020743031334931644,0.046225600991811826,0.17241082244048372,0.023079298884888442,-0.07680872651253923,0.03605110256719712,0.039999310356717985,0.09399837933828727,0.16461785141635488,0.16515232495991447
HCC,5629.6,10,NK_cytotoxic_T,1,NK_cytotoxic_T,3677,1.0,5621.0,0.07064886760036453,0.0844831432569309,0.1724107781868832,0.09382558871695576,0.09481341811990475,0.523232358062792,0.5021292736332132,0.3508732608058482,0.12332545990586369,0.12465302322373752
HCC,5629.6,20,NK_cytotoxic_T,1,B_cell,416,0.30170881682725814,1688.0,0.024754170957441982,0.05126856440913327,0.17257148966644345,0.0278327941580569,-0.058425118563529055,0.07675979774621637,0.08380071444595924,0.13802267589348888,0.15369216698017155,0.15503822458453415
HCC,5629.6,20,NK_cytotoxic_T,1,CD4_T,3305,0.5492802716530588,3065.0,0.04008514403243432,0.06552444151704578,0.17257149871575275,0.048150818185964554,-0.007383551095196769,0.1080815227708078,0.11343123889071048,0.16145788392841734,0.09368906069339224,0.09603603292663986
HCC,5629.6,20,NK_cytotoxic_T,1,Endothelial_stromal,1137,0.091028210151304,509.0,0.008000652243988125,0.025174076535557897,0.17257148612093304,0.008514498107094162,-0.10944901516580928,0.015945605467064732,0.01843063489050339,0.08645831535713669,0.1964036101955235,0.19512658118625642
HCC,5629.6,20,NK_cytotoxic_T,1,Hepatocyte,1415,0.05,278.0,0.004444519814553828,0.01658763264627551,0.17257148471237024,0.004642709638227354,-0.12011400323571686,0.00698914525342123,0.00823165996514056,0.05215110359466409,0.23918408200597097,0.23947745353512692
HCC,5629.6,20,NK_cytotoxic_T,1,Macrophage,2079,0.16572270086699936,924.0,0.014053224645124957,0.036513841800301254,0.1725714852810493,0.015259237445027907,-0.09027909689286696,0.028025609608780436,0.0321155538681899,0.10923775173865774,0.17902566138022677,0.17553971732790308
HCC,5629.6,20,NK_cytotoxic_T,1,NK_cytotoxic_T,3677,1.0,5620.0,0.07062517263742868,0.08454962813255223,0.17257145598994136,0.0938932507319305,0.10552931417381457,0.7641983191537094,0.7439901979394964,0.4526722694876352,0.138005418744715,0.1387819904395396
HCC,5629.6,40,NK_cytotoxic_T,1,B_cell,416,0.05228197762956365,292.0,0.004625617709729859,0.01709616233481487,0.17269069421206648,0.004833886497048981,-0.11145482110867139,0.00749477610651562,0.008289153297528795,0.024798383615106983,0.15834009705216986,0.15780475590170445
HCC,5629.6,40,NK_cytotoxic_T,1,CD4_T,3305,0.10933620739432781,602.0,0.008995481547689333,0.027177169266336298,0.17269069283102276,0.009592719841066041,-0.09830094025598875,0.002037750185642496,0.0020895573937520506,0.010741361148047732,0.11173087882294024,0.11825858704474417
HCC,5629.6,40,NK_cytotoxic_T,1,Endothelial_stromal,1137,0.025,139.0,0.0022532778629738167,0.009957985002354931,0.17269069446840568,0.0023378097586159254,-0.11836097553966801,0.002124095532491754,0.002469476919888787,0.020895573937520506,0.17080836513720277,0.1695477230732036
HCC,5629.6,40,NK_cytotoxic_T,1,Hepatocyte,1415,0.47817624989501845,2681.0,0.037519926716452594,0.0638392225478734,0.17269069670515733,0.04438134962475776,0.011667761994289828,0.3500785742656328,0.3747733434645207,0.4443676930250229,0.2764259934032155,0.2686549121867823
HCC,5629.6,40,NK_cytotoxic_T,1,Macrophage,2079,0.22865252596366314,1276.0,0.019007525549581624,0.04397883097305427,0.172690701431956,0.021048769438428722,-0.06223682776790308,0.0395807069957,0.043069059008410036,0.1019911236983439,0.17058386723539468,0.1717236258138049
HCC,5629.6,40,NK_cytotoxic_T,1,NK_cytotoxic_T,3677,1.0,5622.0,0.07064558859119134,0.08462025045965718,0.17269064474458504,0.09395534244961412,0.12936665415119697,0.5986840969140172,0.5693094099158996,0.397205864575958,0.11211079834907697,0.11401039597976065
HCC,5629.6,1,NK_cytotoxic_T,2,B_cell,416,1.0,5623.0,0.07001197369188022,0.08372982373809716,0.17164729824959896,0.09184203299061089,-0.009272094753739126,0.14732487684306286,0.1440464134296847,0.14967644484114043,0.15026004565818157,0.1530235671741705
HCC,5629.6,1,NK_cytotoxic_T,2,CD4_T,3305,1.0,5607.0,0.06615665335192532,0.08121782420373581,0.1716472862837115,0.08720160084347639,-0.021493097962733066,0.04160730530905096,0.03886094852297499,0.04891948025197824,0.06531179731886919,0.06606704543504008
HCC,5629.6,1,NK_cytotoxic_T,2,Endothelial_stromal,1137,1.0,5620.0,0.06919686682959438,0.08276347284968473,0.17164728511290936,0.09299103389689958,-0.0029074330031069497,0.19969446780754904,0.19624435709504112,0.19075164352288917,0.194957002351568,0.19396144801661547
HCC,5629.6,1,NK_cytotoxic_T,2,Hepatocyte,1415,1.0,5618.0,0.06999315421230153,0.08347623362879321,0.17164727694950638,0.09221583137611944,0.001822523831238517,0.295816955320208,0.3065449115158173,0.30479410906469384,0.2942378001682144,0.2918862321701368
HCC,5629.6,1,NK_cytotoxic_T,2,Macrophage,2079,1.0,5620.0,0.06927240385184309,0.08313356614881731,0.17164728990072353,0.09158888521733746,-0.005343631711102387,0.15820731560788892,0.15788118573954238,0.15697145505415472,0.1593745172419712,0.15880808115484302
HCC,5629.6,1,NK_cytotoxic_T,2,NK_cytotoxic_T,3677,1.0,5623.0,0.07066162642656075,0.08411566295430153,0.1716472694984346,0.09341028279730461,-0.011663510987586823,0.15734907911224016,0.15642218369693953,0.14888686726514358,0.1358588372611957,0.1362536260491941
HCC,5629.6,2,NK_cytotoxic_T,2,B_cell,416,0.757858283255199,4255.0,0.055775707411221426,0.07646800969041108,0.17190105066311717,0.06966170368489742,-0.008138653396053309,0.11849139635225964,0.11721932855448404,0.13836315816615957,0.15890533408969798,0.15900847472195004
HCC,5629.6,2,NK_cytotoxic_T,2,CD4_T,3305,0.6597539553864471,3687.0,0.04692064921114647,0.0702902889164543,0.17190107655955467,0.05759259517876578,-0.0380668110501596,0.021934574458941432,0.02097192855792206,0.03496467433345366,0.07023877056366355,0.0717171196259433
HCC,5629.6,2,NK_cytotoxic_T,2,Endothelial_stromal,1137,0.8705505632961241,4894.0,0.06193546886960445,0.07936985184927726,0.1719010709892077,0.08113443991348342,0.02308290574286529,0.34321764392415727,0.34077664896085813,0.2556340570367696,0.1921338077802417,0.18903958881267943
HCC,5629.6,2,NK_cytotoxic_T,2,Hepatocyte,1415,0.5743491774985174,3226.0,0.04405043331366769,0.06865352038946637,0.17190102851524844,0.053087844050392144,-0.037260166150350174,0.15328416963195984,0.16230897495401647,0.2451137125470579,0.2860433534457566,0.28343045742870404
HCC,5629.6,2,NK_cytotoxic_T,2,Macrophage,2079,0.5,2799.0,0.038681291640793196,0.06449046518706926,0.17190104312537727,0.045844010071400786,-0.05858412332449196,0.05385660014095887,0.05591941278600038,0.10331253330582917,0.1594382273563337,0.1627387275884001
HCC,5629.6,2,NK_cytotoxic_T,2,NK_cytotoxic_T,3677,1.0,5623.0,0.07065244428495147,0.08423585960398504,0.1719010325048456,0.09354344363887818,0.038296106197169964,0.30921561549172294,0.3028037061867189,0.22261186461073007,0.13324050676430646,0.13406563182232306
HCC,5629.6,5,NK_cytotoxic_T,2,B_cell,416,0.5253055608807534,2947.0,0.04075706277809081,0.06642525255838784,0.17226826023136346,0.04839963618269446,-0.030550617895897133,0.11910627228720563,0.12299953487570846,0.1525607676273493,0.16081241709590174,0.15929645644197143
HCC,5629.6,5,NK_cytotoxic_T,2,CD4_T,3305,0.7247796636776955,4054.0,0.050805511918241154,0.07299829855476199,0.17226824177640415,0.06342480916729826,0.002354420121223995,0.1275646436631122,0.12244827645609743,0.09242191941290978,0.07116401660665989,0.07042326310530758
HCC,5629.6,5,NK_cytotoxic_T,2,Endothelial_stromal,1137,0.3807307877431757,2136.0,0.03049656812880249,0.05715974276919062,0.17226825363790793,0.03553054751775912,-0.05796134542182944,0.129356233526848,0.14129442367654912,0.20229461317163086,0.1726472462919258,0.18129511274957363
HCC,5629.6,5,NK_cytotoxic_T,2,Hepatocyte,1415,0.27594593229224296,1546.0,0.02284061810233337,0.04884795359187661,0.1722682630374307,0.025565132710168643,-0.08124158858488077,0.08127616324139951,0.0923530121104584,0.18324174404382504,0.28954848490068735,0.2809178452686523
HCC,5629.6,5,NK_cytotoxic_T,2,Macrophage,2079,0.2,1118.0,0.016782676595760708,0.040695397878467286,0.1722682606767422,0.018385886876300148,-0.10260459352550497,0.016865062274974592,0.018811693569225997,0.061603128391531294,0.17535185791314234,0.17676445761339557
HCC,5629.6,5,NK_cytotoxic_T,2,NK_cytotoxic_T,3677,1.0,5621.0,0.07065344722211479,0.08441581095191789,0.1722682336951224,0.09374682018777633,0.07029290777004223,0.5258316250064601,0.5020930593119606,0.3078778273527537,0.13047597719168288,0.13130286482109943
HCC,5629.6,10,NK_cytotoxic_T,2,B_cell,416,0.3981071705534972,2229.0,0.031848117887837514,0.05871789601426678,0.17240487505022833,0.036675117268470205,-0.04577385232806244,0.09592607278933848,0.10232229367446512,0.14213057945278693,0.1554747168249918,0.15962967432718997
HCC,5629.6,10,NK_cytotoxic_T,2,CD4_T,3305,0.6309573444801932,3522.0,0.04516235437439504,0.06926498262286057,0.17240488689889627,0.05524248667507234,-0.0015572350205021988,0.11789045394203748,0.11921797148423358,0.11421823009154698,0.07539265210420151,0.0771684223229833
HCC,5629.6,10,NK_cytotoxic_T,2,Endothelial_stromal,1137,0.1,558.0,0.008749281424545893,0.02673380254756087,0.17240487186341988,0.009335109907198413,-0.11559042173589096,0.011568367153423098,0.01330965639708291,0.059272796234677516,0.21469579159698637,0.21092012482112993
HCC,5629.6,10,NK_cytotoxic_T,2,Hepatocyte,1415,0.251188643150958,1407.0,0.02093547198002137,0.046487018813733,0.17240487996119278,0.023285075604411593,-0.0748148923530587,0.10083961174422013,0.11592503836008482,0.25610744271848007,0.23976346051066325,0.24609071944554592
HCC,5629.6,10,NK_cytotoxic_T,2,Macrophage,2079,0.15848931924611134,885.0,0.013483921272083265,0.03553521726000034,0.17240487177169628,0.014595635891086126,-0.10134031768934589,0.017033601710256367,0.018895574366843096,0.06299674154785097,0.1847663051911108,0.17571504922159198
HCC,5629.6,10,NK_cytotoxic_T,2,NK_cytotoxic_T,3677,1.0,5621.0,0.07065080935998665,0.08448391548422766,0.17240484425968314,0.09381026126531178,0.08981006982324803,0.6567418926607245,0.6303294657172905,0.36527420995465754,0.12990707377204627,0.13047600986155888
HCC,5629.6,20,NK_cytotoxic_T,2,B_cell,416,0.16572270086699936,926.0,0.014140290542159702,0.03671924012622715,0.17269367644406577,0.015317181825186179,-0.08555617664446519,0.02775187372638414,0.030635858114875833,0.07068352156944013,0.16968880599592442,0.16863537457258315
HCC,5629.6,20,NK_cytotoxic_T,2,CD4_T,3305,0.30170881682725814,1677.0,0.023444180816047287,0.04944011046747735,0.17269365253711597,0.026467800885288918,-0.05621535567450622,0.01630228301039616,0.017131212654992574,0.04315614962180085,0.09164853383069112,0.09042240873139226
HCC,5629.6,20,NK_cytotoxic_T,2,Endothelial_stromal,1137,0.5492802716530588,3085.0,0.042117070835044845,0.06735676492006568,0.1726936854738954,0.051404361072737284,0.020868223039087225,0.34295237108417087,0.36208683038027145,0.3972645321728318,0.1742479190412047,0.17737367457603703
HCC,5629.6,20,NK_cytotoxic_T,2,Hepatocyte,1415,0.091028210151304,507.0,0.007977017670224632,0.025146618800530766,0.17269367646656508,0.008460452354913208,-0.10275915984027786,0.012157634787414084,0.013504645459883259,0.06947466583773702,0.2419438400165786,0.24346354436500536
HCC,5629.6,20,NK_cytotoxic_T,2,Macrophage,2079,0.05,277.0,0.004404404404404404,0.016485020119365486,0.17269367277142028,0.0046057212326683535,-0.11516771951270428,0.0021414015818740717,0.0022968258902358995,0.02127586087797465,0.1911546299174524,0.18868511035125893
HCC,5629.6,20,NK_cytotoxic_T,2,NK_cytotoxic_T,3677,1.0,5623.0,0.0706632247145516,0.08462996725657843,0.17269367228879182,0.09399202975241983,0.1195413938186521,0.5986944358097607,0.5743446274997409,0.39814526992021554,0.13131627119814873,0.13141988740372326
HCC,5629.6,40,NK_cytotoxic_T,2,B_cell,416,0.22865252596366314,1280.0,0.019145925220691577,0.044260228670176184,0.1728518857976153,0.02113887119742477,-0.056458275393082444,0.04340310787686032,0.04608231206678997,0.08537154512298412,0.14925760116156467,0.14899832333673274
HCC,5629.6,40,NK_cytotoxic_T,2,CD4_T,3305,0.025,134.0,0.0021089745279941384,0.00944165267087187,0.1728518831878499,0.002186599857801215,-0.11275017460592326,0.0005012704613416763,0.0005012704613416763,0.0044768637754308335,0.14305221855392114,0.1440029039116381
HCC,5629.6,40,NK_cytotoxic_T,2,Endothelial_stromal,1137,0.05228197762956365,292.0,0.004666802772984806,0.017216426441161465,0.1728518816590009,0.004899051079647001,-0.10382593826607599,0.005583115828046947,0.006291808549254144,0.032288731785732806,0.18918638618567749,0.18700845245708952
HCC,5629.6,40,NK_cytotoxic_T,2,Hepatocyte,1415,0.47817624989501845,2682.0,0.0375202004289551,0.06390169398984069,0.17285187362475474,0.044416496324087874,0.0216818269966958,0.3472594333915268,0.37190811193887957,0.43690042003007623,0.246659637356749,0.24138765491850034
HCC,5629.6,40,NK_cytotoxic_T,2,Macrophage,2079,0.10933620739432781,609.0,0.009444958977669258,0.02822635293826315,0.1728518810046774,0.010087275069212049,-0.0878036969352887,0.009161149810727187,0.010077264791799906,0.04641073064491038,0.15331962041726444,0.15855703247886885
HCC,5629.6,40,NK_cytotoxic_T,2,NK_cytotoxic_T,3677,1.0,5623.0,0.0706552882300584,0.08470362176430382,0.17285182189123258,0.09407523680719754,0.14213250366183422,0.594091922631497,0.5651392321919347,0.39455170864086564,0.11852453632482327,0.12004563289717042
