cohort,mixture_variant,geneset,method,cell_type,bias_cellfrac,bias_fragfrac,mean_true_cellfrac,mean_true_fragfrac,mean_est,median_true_depth,is_deepest
COAD,cellnorm,common,cpm_mean,B_cell,0.004917189709680098,-0.053719518280055036,0.12613333333333335,0.18477004132306848,0.13105052304301343,6151.5,0
COAD,cellnorm,common,cpm_mean,Endothelial,0.003750390414830574,0.036591892049258036,0.13625333333333334,0.10341183169890587,0.14000372374816392,2353.0,0
COAD,cellnorm,common,cpm_mean,Epithelial,0.0010223110375708595,-0.030696515136456187,0.11710666666666666,0.1488254928406937,0.11812897770423753,4641.0,0
COAD,cellnorm,common,cpm_mean,Fibroblast,-0.022967843334154945,0.059360000604606826,0.11417999999999999,0.03185215606123823,0.09121215666584505,523.0,0
COAD,cellnorm,common,cpm_mean,Macrophage,-0.013461739018104296,0.09090457026390501,0.12586,0.021493690717990684,0.1123982609818957,582.5,0
COAD,cellnorm,common,cpm_mean,Mast,0.038366457774557314,-0.24877342733598914,0.13228666666666666,0.4194265517772131,0.170653124441224,19223.0,1
COAD,cellnorm,common,cpm_mean,Other_Myeloid,-0.008522451774581403,0.03661556181078656,0.11458666666666666,0.0694486530812987,0.10606421489208527,708.5,0
COAD,cellnorm,common,cpm_mean,T_NK,-0.003104314809798204,0.10971743602394393,0.13359333333333334,0.020771582499591205,0.13048901852353514,552.0,0
COAD,cellnorm,common,depth_matched,B_cell,0.0005066965734960592,-0.05813001141623908,0.12613333333333335,0.18477004132306848,0.12664002990682938,6151.5,0
COAD,cellnorm,common,depth_matched,Endothelial,0.01563995454512229,0.048481456179549756,0.13625333333333334,0.10341183169890587,0.1518932878784556,2353.0,0
COAD,cellnorm,common,depth_matched,Epithelial,0.007737542699174126,-0.023981283474852923,0.11710666666666666,0.1488254928406937,0.1248442093658408,4641.0,0
COAD,cellnorm,common,depth_matched,Fibroblast,-0.02499446641534022,0.057333377523421554,0.11417999999999999,0.03185215606123823,0.08918553358465978,523.0,0
COAD,cellnorm,common,depth_matched,Macrophage,-0.0016753387277565427,0.10269097055425278,0.12586,0.021493690717990684,0.12418466127224347,582.5,0
COAD,cellnorm,common,depth_matched,Mast,0.0065885471971974564,-0.280551337913349,0.13228666666666666,0.4194265517772131,0.13887521386386412,19223.0,1
COAD,cellnorm,common,depth_matched,Other_Myeloid,-0.018135154305625793,0.027002859279742168,0.11458666666666666,0.0694486530812987,0.09645151236104088,708.5,0
COAD,cellnorm,common,depth_matched,T_NK,0.014332218433732613,0.12715396926747474,0.13359333333333334,0.020771582499591205,0.14792555176706595,552.0,0
COAD,cellnorm,common,lognorm_mean,B_cell,-0.03294965430491804,-0.09158636229465318,0.12613333333333335,0.18477004132306848,0.0931836790284153,6151.5,0
COAD,cellnorm,common,lognorm_mean,Endothelial,0.04001837337168474,0.0728598750061122,0.13625333333333334,0.10341183169890587,0.17627170670501807,2353.0,0
COAD,cellnorm,common,lognorm_mean,Epithelial,-0.02545103262893484,-0.05716985880296189,0.11710666666666666,0.1488254928406937,0.09165563403773183,4641.0,0
COAD,cellnorm,common,lognorm_mean,Fibroblast,-0.03739817464011575,0.04492966929864602,0.11417999999999999,0.03185215606123823,0.07678182535988426,523.0,0
COAD,cellnorm,common,lognorm_mean,Macrophage,0.07777687915876448,0.1821431884407738,0.12586,0.021493690717990684,0.2036368791587645,582.5,0
COAD,cellnorm,common,lognorm_mean,Mast,-0.10100049341409566,-0.3881403785246421,0.13228666666666666,0.4194265517772131,0.031286173252571006,19223.0,1
COAD,cellnorm,common,lognorm_mean,Other_Myeloid,-0.01979630521879766,0.0253417083665703,0.11458666666666666,0.0694486530812987,0.09479036144786901,708.5,0
COAD,cellnorm,common,lognorm_mean,T_NK,0.09880040767641271,0.21162215851015484,0.13359333333333334,0.020771582499591205,0.23239374100974605,552.0,0
COAD,cellnorm,common,lognorm_mean_expm1,B_cell,-0.028074573220832358,-0.0867112812105675,0.12613333333333335,0.18477004132306848,0.09805876011250096,6151.5,0
COAD,cellnorm,common,lognorm_mean_expm1,Endothelial,-0.02524689937890682,0.007594602255520647,0.13625333333333334,0.10341183169890587,0.1110064339544265,2353.0,0
COAD,cellnorm,common,lognorm_mean_expm1,Epithelial,-0.0044433406202334805,-0.03616216679426053,0.11710666666666666,0.1488254928406937,0.1126633260464332,4641.0,0
COAD,cellnorm,common,lognorm_mean_expm1,Fibroblast,0.021607856195674447,0.10393570013443622,0.11417999999999999,0.03185215606123823,0.13578785619567446,523.0,0
COAD,cellnorm,common,lognorm_mean_expm1,Macrophage,0.07050984218217793,0.17487615146418722,0.12586,0.021493690717990684,0.19636984218217793,582.5,0
COAD,cellnorm,common,lognorm_mean_expm1,Mast,-0.08746017032373525,-0.3746000554342817,0.13228666666666666,0.4194265517772131,0.04482649634293141,19223.0,1
COAD,cellnorm,common,lognorm_mean_expm1,Other_Myeloid,-0.019468653620785748,0.025669359964582212,0.11458666666666666,0.0694486530812987,0.09511801304588093,708.5,0
COAD,cellnorm,common,lognorm_mean_expm1,T_NK,0.07257593878664129,0.18539768962038342,0.13359333333333334,0.020771582499591205,0.2061692721199746,552.0,0
COAD,cellnorm,common,pseudobulk_cpm,B_cell,0.033127718890309105,-0.025508989099426036,0.12613333333333335,0.18477004132306848,0.15926105222364242,6151.5,0
COAD,cellnorm,common,pseudobulk_cpm,Endothelial,0.13269520391514475,0.16553670554957223,0.13625333333333334,0.10341183169890587,0.26894853724847806,2353.0,0
COAD,cellnorm,common,pseudobulk_cpm,Epithelial,-0.03147684326653187,-0.06319566944055892,0.11710666666666666,0.1488254928406937,0.08562982340013481,4641.0,0
COAD,cellnorm,common,pseudobulk_cpm,Fibroblast,-0.030245287315965524,0.05208255662279625,0.11417999999999999,0.03185215606123823,0.08393471268403448,523.0,0
COAD,cellnorm,common,pseudobulk_cpm,Macrophage,-0.0030199527639047192,0.10134635651810459,0.12586,0.021493690717990684,0.12284004723609528,582.5,0
COAD,cellnorm,common,pseudobulk_cpm,Mast,-0.1031301933693897,-0.39027007847993617,0.13228666666666666,0.4194265517772131,0.02915647329727698,19223.0,1
COAD,cellnorm,common,pseudobulk_cpm,Other_Myeloid,-0.024243268349924157,0.020894745235443803,0.11458666666666666,0.0694486530812987,0.09034339831674251,708.5,0
COAD,cellnorm,common,pseudobulk_cpm,T_NK,0.02629262226026211,0.13911437309400423,0.13359333333333334,0.020771582499591205,0.15988595559359545,552.0,0
COAD,cellnorm,common,raw_mean,B_cell,-0.08137924061710045,-0.14001594860683558,0.12613333333333335,0.18477004132306848,0.04475409271623289,6151.5,0
COAD,cellnorm,common,raw_mean,Endothelial,0.016106414901028435,0.04894791653545591,0.13625333333333334,0.10341183169890587,0.15235974823436177,2353.0,0
COAD,cellnorm,common,raw_mean,Epithelial,-0.08824213320438148,-0.11996095937840853,0.11710666666666666,0.1488254928406937,0.028864533462285173,4641.0,0
COAD,cellnorm,common,raw_mean,Fibroblast,-0.002643616192559011,0.07968422774620276,0.11417999999999999,0.03185215606123823,0.11153638380744098,523.0,0
COAD,cellnorm,common,raw_mean,Macrophage,0.1384292404509509,0.2427955497329602,0.12586,0.021493690717990684,0.2642892404509509,582.5,0
COAD,cellnorm,common,raw_mean,Mast,-0.12967432129698322,-0.41681420640752964,0.13228666666666666,0.4194265517772131,0.002612345369683451,19223.0,1
COAD,cellnorm,common,raw_mean,Other_Myeloid,-0.06269557736389379,-0.017557563778525836,0.11458666666666666,0.0694486530812987,0.05189108930277287,708.5,0
COAD,cellnorm,common,raw_mean,T_NK,0.21009923332293864,0.32292098415668075,0.13359333333333334,0.020771582499591205,0.34369256665627196,552.0,0
COAD,cellnorm,common,zscale_mean,B_cell,0.09707942793642221,0.038442719946687076,0.12613333333333335,0.18477004132306848,0.22321276126975553,6151.5,0
COAD,cellnorm,common,zscale_mean,Endothelial,0.13028276372147504,0.1631242653559025,0.13625333333333334,0.10341183169890587,0.26653609705480835,2353.0,0
COAD,cellnorm,common,zscale_mean,Epithelial,-0.0768713680722438,-0.10859019424627085,0.11710666666666666,0.1488254928406937,0.04023529859442286,4641.0,0
COAD,cellnorm,common,zscale_mean,Fibroblast,-0.11417999999999999,-0.03185215606123823,0.11417999999999999,0.03185215606123823,0.0,523.0,0
COAD,cellnorm,common,zscale_mean,Macrophage,-0.0895791619437941,0.014787147338215218,0.12586,0.021493690717990684,0.036280838056205904,582.5,0
COAD,cellnorm,common,zscale_mean,Mast,0.18016763738868424,-0.1069722477218622,0.13228666666666666,0.4194265517772131,0.31245430405535096,19223.0,1
COAD,cellnorm,common,zscale_mean,Other_Myeloid,-0.09991057676039664,-0.054772563175028675,0.11458666666666666,0.0694486530812987,0.014676089906270038,708.5,0
COAD,cellnorm,common,zscale_mean,T_NK,-0.026988722270146977,0.08583302856359515,0.13359333333333334,0.020771582499591205,0.10660461106318636,552.0,0
COAD,cellnorm,own,cpm_mean,B_cell,0.004917189709680098,-0.053719518280055036,0.12613333333333335,0.18477004132306848,0.13105052304301343,6151.5,0
COAD,cellnorm,own,cpm_mean,Endothelial,0.003750390414830574,0.036591892049258036,0.13625333333333334,0.10341183169890587,0.14000372374816392,2353.0,0
COAD,cellnorm,own,cpm_mean,Epithelial,0.0010223110375708595,-0.030696515136456187,0.11710666666666666,0.1488254928406937,0.11812897770423753,4641.0,0
COAD,cellnorm,own,cpm_mean,Fibroblast,-0.022967843334154945,0.059360000604606826,0.11417999999999999,0.03185215606123823,0.09121215666584505,523.0,0
COAD,cellnorm,own,cpm_mean,Macrophage,-0.013461739018104296,0.09090457026390501,0.12586,0.021493690717990684,0.1123982609818957,582.5,0
COAD,cellnorm,own,cpm_mean,Mast,0.038366457774557314,-0.24877342733598914,0.13228666666666666,0.4194265517772131,0.170653124441224,19223.0,1
COAD,cellnorm,own,cpm_mean,Other_Myeloid,-0.008522451774581403,0.03661556181078656,0.11458666666666666,0.0694486530812987,0.10606421489208527,708.5,0
COAD,cellnorm,own,cpm_mean,T_NK,-0.003104314809798204,0.10971743602394393,0.13359333333333334,0.020771582499591205,0.13048901852353514,552.0,0
COAD,cellnorm,own,depth_matched,B_cell,-0.00036173522711315203,-0.058998443216848294,0.12613333333333335,0.18477004132306848,0.12577159810622018,6151.5,0
COAD,cellnorm,own,depth_matched,Endothelial,0.011978438331592109,0.04481993996601957,0.13625333333333334,0.10341183169890587,0.14823177166492543,2353.0,0
COAD,cellnorm,own,depth_matched,Epithelial,0.007364556154681067,-0.02435427001934598,0.11710666666666666,0.1488254928406937,0.12447122282134773,4641.0,0
COAD,cellnorm,own,depth_matched,Fibroblast,-0.07044973622842689,0.01187810771033488,0.11417999999999999,0.03185215606123823,0.0437302637715731,523.0,0
COAD,cellnorm,own,depth_matched,Macrophage,0.0018297214112552695,0.1061960306932646,0.12586,0.021493690717990684,0.12768972141125526,582.5,0
COAD,cellnorm,own,depth_matched,Mast,0.03392736245428976,-0.2532125226562567,0.13228666666666666,0.4194265517772131,0.16621402912095642,19223.0,1
COAD,cellnorm,own,depth_matched,Other_Myeloid,-0.002702058299205936,0.04243595528616202,0.11458666666666666,0.0694486530812987,0.11188460836746074,708.5,0
COAD,cellnorm,own,depth_matched,T_NK,0.018413451402927775,0.1312352022366699,0.13359333333333334,0.020771582499591205,0.1520067847362611,552.0,0
COAD,cellnorm,own,lognorm_mean,B_cell,-0.06754796916907331,-0.12618467715880843,0.12613333333333335,0.18477004132306848,0.05858536416426003,6151.5,0
COAD,cellnorm,own,lognorm_mean,Endothelial,0.01883853044542938,0.051680032079856844,0.13625333333333334,0.10341183169890587,0.15509186377876272,2353.0,0
COAD,cellnorm,own,lognorm_mean,Epithelial,-0.004093273498415813,-0.03581209967244286,0.11710666666666666,0.1488254928406937,0.11301339316825086,4641.0,0
COAD,cellnorm,own,lognorm_mean,Fibroblast,-0.032077999926614795,0.05024984401214697,0.11417999999999999,0.03185215606123823,0.0821020000733852,523.0,0
COAD,cellnorm,own,lognorm_mean,Macrophage,0.08709253983877846,0.19145884912078778,0.12586,0.021493690717990684,0.21295253983877846,582.5,0
COAD,cellnorm,own,lognorm_mean,Mast,-0.092414141702913,-0.37955402681345946,0.13228666666666666,0.4194265517772131,0.03987252496375367,19223.0,1
COAD,cellnorm,own,lognorm_mean,Other_Myeloid,-0.02077730563469262,0.02436070795067534,0.11458666666666666,0.0694486530812987,0.09380936103197406,708.5,0
COAD,cellnorm,own,lognorm_mean,T_NK,0.11097961964750169,0.22380137048124382,0.13359333333333334,0.020771582499591205,0.24457295298083503,552.0,0
COAD,cellnorm,own,lognorm_mean_expm1,B_cell,-0.05153183479770179,-0.11016854278743693,0.12613333333333335,0.18477004132306848,0.07460149853563154,6151.5,0
COAD,cellnorm,own,lognorm_mean_expm1,Endothelial,-0.027403452260139894,0.005438049374287578,0.13625333333333334,0.10341183169890587,0.10884988107319345,2353.0,0
COAD,cellnorm,own,lognorm_mean_expm1,Epithelial,0.008154347521570893,-0.023564478652456155,0.11710666666666666,0.1488254928406937,0.12526101418823757,4641.0,0
COAD,cellnorm,own,lognorm_mean_expm1,Fibroblast,0.0034958417435142068,0.08582368568227598,0.11417999999999999,0.03185215606123823,0.1176758417435142,523.0,0
COAD,cellnorm,own,lognorm_mean_expm1,Macrophage,0.08378526833561191,0.18815157761762122,0.12586,0.021493690717990684,0.20964526833561192,582.5,0
COAD,cellnorm,own,lognorm_mean_expm1,Mast,-0.07954217169899437,-0.36668205680954086,0.13228666666666666,0.4194265517772131,0.052744494967672306,19223.0,1
COAD,cellnorm,own,lognorm_mean_expm1,Other_Myeloid,-0.022805075671506893,0.022332937913861067,0.11458666666666666,0.0694486530812987,0.09178159099515977,708.5,0
COAD,cellnorm,own,lognorm_mean_expm1,T_NK,0.08584707682764593,0.19866882766138805,0.13359333333333334,0.020771582499591205,0.21944041016097926,552.0,0
COAD,cellnorm,own,pseudobulk_cpm,B_cell,-0.034165245231052195,-0.09280195322078733,0.12613333333333335,0.18477004132306848,0.09196808810228115,6151.5,0
COAD,cellnorm,own,pseudobulk_cpm,Endothelial,0.15955880995681002,0.19240031159123747,0.13625333333333334,0.10341183169890587,0.2958121432901433,2353.0,0
COAD,cellnorm,own,pseudobulk_cpm,Epithelial,-0.0885430226685182,-0.12026184884254523,0.11710666666666666,0.1488254928406937,0.02856364399814847,4641.0,0
COAD,cellnorm,own,pseudobulk_cpm,Fibroblast,-0.07459842243297901,0.007729421505782762,0.11417999999999999,0.03185215606123823,0.039581577567020985,523.0,0
COAD,cellnorm,own,pseudobulk_cpm,Macrophage,0.025795225539741014,0.13016153482175033,0.12586,0.021493690717990684,0.151655225539741,582.5,0
COAD,cellnorm,own,pseudobulk_cpm,Mast,-0.046023779102508044,-0.3331636642130545,0.13228666666666666,0.4194265517772131,0.08626288756415863,19223.0,1
COAD,cellnorm,own,pseudobulk_cpm,Other_Myeloid,-0.015657989906668283,0.02948002367869968,0.11458666666666666,0.0694486530812987,0.09892867675999838,708.5,0
COAD,cellnorm,own,pseudobulk_cpm,T_NK,0.07363442384517471,0.18645617467891681,0.13359333333333334,0.020771582499591205,0.20722775717850803,552.0,0
COAD,cellnorm,own,raw_mean,B_cell,-0.10592018872567179,-0.1645568967154069,0.12613333333333335,0.18477004132306848,0.02021314460766155,6151.5,0
COAD,cellnorm,own,raw_mean,Endothelial,0.00831407741109999,0.04115557904552746,0.13625333333333334,0.10341183169890587,0.1445674107444333,2353.0,0
COAD,cellnorm,own,raw_mean,Epithelial,-0.10957694980649679,-0.14129577598052384,0.11710666666666666,0.1488254928406937,0.007529716860169874,4641.0,0
COAD,cellnorm,own,raw_mean,Fibroblast,-0.07314947083297256,0.009178373105789214,0.11417999999999999,0.03185215606123823,0.04103052916702744,523.0,0
COAD,cellnorm,own,raw_mean,Macrophage,0.19873969104018396,0.30310600032219326,0.12586,0.021493690717990684,0.324599691040184,582.5,0
COAD,cellnorm,own,raw_mean,Mast,-0.1268617147063016,-0.41400159981684803,0.13228666666666666,0.4194265517772131,0.005424951960365073,19223.0,1
COAD,cellnorm,own,raw_mean,Other_Myeloid,-0.05962250523149002,-0.014484491646122066,0.11458666666666666,0.0694486530812987,0.054964161435176635,708.5,0
COAD,cellnorm,own,raw_mean,T_NK,0.2680770608516488,0.3808988116853909,0.13359333333333334,0.020771582499591205,0.4016703941849821,552.0,0
COAD,cellnorm,own,zscale_mean,B_cell,-0.03005885519446834,-0.08869556318420348,0.12613333333333335,0.18477004132306848,0.096074478138865,6151.5,0
COAD,cellnorm,own,zscale_mean,Endothelial,-0.06760196951636074,-0.03476046788193328,0.13625333333333334,0.10341183169890587,0.06865136381697258,2353.0,0
COAD,cellnorm,own,zscale_mean,Epithelial,0.35138177107086244,0.31966294489683544,0.11710666666666666,0.1488254928406937,0.4684884377375291,4641.0,0
COAD,cellnorm,own,zscale_mean,Fibroblast,-0.11417999999999999,-0.03185215606123823,0.11417999999999999,0.03185215606123823,0.0,523.0,0
COAD,cellnorm,own,zscale_mean,Macrophage,-0.12245254295069366,-0.018086233668684327,0.12586,0.021493690717990684,0.003407457049306357,582.5,0
COAD,cellnorm,own,zscale_mean,Mast,0.2034056601462985,-0.08373422496424794,0.13228666666666666,0.4194265517772131,0.3356923268129652,19223.0,1
COAD,cellnorm,own,zscale_mean,Other_Myeloid,-0.09755267785139929,-0.052414664266031336,0.11458666666666666,0.0694486530812987,0.01703398881526737,708.5,0
COAD,cellnorm,own,zscale_mean,T_NK,-0.12294138570423895,-0.01011963487049682,0.13359333333333334,0.020771582499591205,0.010651947629094388,552.0,0
COAD,rawsum,common,cpm_mean,B_cell,-0.005179464044708825,-0.06381617203444395,0.12613333333333335,0.18477004132306848,0.1209538692886245,6151.5,0
COAD,rawsum,common,cpm_mean,Endothelial,-0.09491142641236351,-0.06206992477793604,0.13625333333333334,0.10341183169890587,0.041341906920969826,2353.0,0
COAD,rawsum,common,cpm_mean,Epithelial,-0.02735905742343175,-0.059077883597458795,0.11710666666666666,0.1488254928406937,0.08974760924323491,4641.0,0
COAD,rawsum,common,cpm_mean,Fibroblast,0.18858378713853752,0.2709116310772993,0.11417999999999999,0.03185215606123823,0.3027637871385375,523.0,0
COAD,rawsum,common,cpm_mean,Macrophage,-0.11631275936868157,-0.01194645008667225,0.12586,0.021493690717990684,0.009547240631318435,582.5,0
COAD,rawsum,common,cpm_mean,Mast,0.22387922490005938,-0.06326066021048708,0.13228666666666666,0.4194265517772131,0.356165891566726,19223.0,1
COAD,rawsum,common,cpm_mean,Other_Myeloid,-0.04621312322818524,-0.0010751096428172806,0.11458666666666666,0.0694486530812987,0.06837354343848143,708.5,0
COAD,rawsum,common,cpm_mean,T_NK,-0.12248718156122602,-0.009665430727483885,0.13359333333333334,0.020771582499591205,0.01110615177210732,552.0,0
COAD,rawsum,common,depth_matched,B_cell,0.005773126448580019,-0.05286358154115512,0.12613333333333335,0.18477004132306848,0.13190645978191334,6151.5,0
COAD,rawsum,common,depth_matched,Endothelial,-0.08923219011154834,-0.05639068847712088,0.13625333333333334,0.10341183169890587,0.04702114322178498,2353.0,0
COAD,rawsum,common,depth_matched,Epithelial,-0.015289145403895003,-0.04700797157792205,0.11710666666666666,0.1488254928406937,0.10181752126277166,4641.0,0
COAD,rawsum,common,depth_matched,Fibroblast,0.21226723971103947,0.2945950836498013,0.11417999999999999,0.03185215606123823,0.32644723971103945,523.0,0
COAD,rawsum,common,depth_matched,Macrophage,-0.11477594265543435,-0.010409633373425046,0.12586,0.021493690717990684,0.01108405734456564,582.5,0
COAD,rawsum,common,depth_matched,Mast,0.173972427122528,-0.11316745798801847,0.13228666666666666,0.4194265517772131,0.30625909378919464,19223.0,1
COAD,rawsum,common,depth_matched,Other_Myeloid,-0.05295151887692217,-0.007813505291554208,0.11458666666666666,0.0694486530812987,0.0616351477897445,708.5,0
COAD,rawsum,common,depth_matched,T_NK,-0.11976399623434764,-0.006942245400605496,0.13359333333333334,0.020771582499591205,0.013829337098985709,552.0,0
COAD,rawsum,common,lognorm_mean,B_cell,5.071007534871511e-05,-0.05858599791438643,0.12613333333333335,0.18477004132306848,0.12618404340868206,6151.5,0
COAD,rawsum,common,lognorm_mean,Endothelial,-0.07181736663677576,-0.0389758650023483,0.13625333333333334,0.10341183169890587,0.06443596669655757,2353.0,0
COAD,rawsum,common,lognorm_mean,Epithelial,-0.008315314583672326,-0.04003414075769937,0.11710666666666666,0.1488254928406937,0.10879135208299433,4641.0,0
COAD,rawsum,common,lognorm_mean,Fibroblast,0.23528515579669645,0.3176129997354582,0.11417999999999999,0.03185215606123823,0.3494651557966964,523.0,0
COAD,rawsum,common,lognorm_mean,Macrophage,-0.09807160406670651,0.006294705215302804,0.12586,0.021493690717990684,0.02778839593329349,582.5,0
COAD,rawsum,common,lognorm_mean,Mast,0.080130723155486,-0.20700916195506044,0.13228666666666666,0.4194265517772131,0.21241738982215266,19223.0,1
COAD,rawsum,common,lognorm_mean,Other_Myeloid,-0.03601001442070518,0.009127999164662781,0.11458666666666666,0.0694486530812987,0.0785766522459615,708.5,0
COAD,rawsum,common,lognorm_mean,T_NK,-0.10125228931967137,0.011569461514070747,0.13359333333333334,0.020771582499591205,0.03234104401366195,552.0,0
COAD,rawsum,common,lognorm_mean_expm1,B_cell,-0.001012893523763972,-0.059649601513499115,0.12613333333333335,0.18477004132306848,0.12512043980956936,6151.5,0
COAD,rawsum,common,lognorm_mean_expm1,Endothelial,-0.0983461560496225,-0.06550465441519503,0.13625333333333334,0.10341183169890587,0.03790717728371084,2353.0,0
COAD,rawsum,common,lognorm_mean_expm1,Epithelial,-0.00806308876650069,-0.03978191494052774,0.11710666666666666,0.1488254928406937,0.10904357790016597,4641.0,0
COAD,rawsum,common,lognorm_mean_expm1,Fibroblast,0.2902472279784955,0.37257507191725725,0.11417999999999999,0.03185215606123823,0.40442722797849545,523.0,0
COAD,rawsum,common,lognorm_mean_expm1,Macrophage,-0.10034201217963137,0.004024297102377947,0.12586,0.021493690717990684,0.025517987820368633,582.5,0
COAD,rawsum,common,lognorm_mean_expm1,Mast,0.06353053723637533,-0.22360934787417114,0.13228666666666666,0.4194265517772131,0.195817203903042,19223.0,1
COAD,rawsum,common,lognorm_mean_expm1,Other_Myeloid,-0.041058179625818564,0.0040798339595494015,0.11458666666666666,0.0694486530812987,0.0735284870408481,708.5,0
COAD,rawsum,common,lognorm_mean_expm1,T_NK,-0.10495543506953373,0.007866315764208407,0.13359333333333334,0.020771582499591205,0.028637898263799613,552.0,0
COAD,rawsum,common,pseudobulk_cpm,B_cell,0.05798421095106268,-0.0006524970386724583,0.12613333333333335,0.18477004132306848,0.184117544284396,6151.5,0
COAD,rawsum,common,pseudobulk_cpm,Endothelial,-0.036019818538381126,-0.0031783169039536624,0.13625333333333334,0.10341183169890587,0.1002335147949522,2353.0,0
COAD,rawsum,common,pseudobulk_cpm,Epithelial,0.03205058319795835,0.00033175702393130227,0.11710666666666666,0.1488254928406937,0.14915724986462503,4641.0,0
COAD,rawsum,common,pseudobulk_cpm,Fibroblast,-0.05199961454921819,0.03032822938954358,0.11417999999999999,0.03185215606123823,0.06218038545078181,523.0,0
COAD,rawsum,common,pseudobulk_cpm,Macrophage,-0.11053237467355172,-0.0061660653915424,0.12586,0.021493690717990684,0.015327625326448286,582.5,0
COAD,rawsum,common,pseudobulk_cpm,Mast,0.26600096975845156,-0.02113891535209489,0.13228666666666666,0.4194265517772131,0.3982876364251182,19223.0,1
COAD,rawsum,common,pseudobulk_cpm,Other_Myeloid,-0.04453225003345743,0.0006057635519105371,0.11458666666666666,0.0694486530812987,0.07005441663320924,708.5,0
COAD,rawsum,common,pseudobulk_cpm,T_NK,-0.11295170611286413,-0.00012995527912200983,0.13359333333333334,0.020771582499591205,0.020641627220469198,552.0,0
COAD,rawsum,common,raw_mean,B_cell,-0.0009255829294282155,-0.05956229091916336,0.12613333333333335,0.18477004132306848,0.1252077504039051,6151.5,0
COAD,rawsum,common,raw_mean,Endothelial,-0.012633501465045598,0.02020800016938187,0.13625333333333334,0.10341183169890587,0.12361983186828773,2353.0,0
COAD,rawsum,common,raw_mean,Epithelial,-0.005212766309861795,-0.036931592483888845,0.11710666666666666,0.1488254928406937,0.11189390035680487,4641.0,0
COAD,rawsum,common,raw_mean,Fibroblast,0.0775605066390564,0.15988835057781817,0.11417999999999999,0.03185215606123823,0.19174050663905642,523.0,0
COAD,rawsum,common,raw_mean,Macrophage,-0.03251784909351173,0.07184846018849758,0.12586,0.021493690717990684,0.09334215090648827,582.5,0
COAD,rawsum,common,raw_mean,Mast,-0.012723890248952891,-0.2998637753594994,0.13228666666666666,0.4194265517772131,0.11956277641771376,19223.0,1
COAD,rawsum,common,raw_mean,Other_Myeloid,-0.00886300407404157,0.03627500951132639,0.11458666666666666,0.0694486530812987,0.10572366259262508,708.5,0
COAD,rawsum,common,raw_mean,T_NK,-0.0046839125182146155,0.10813783831552752,0.13359333333333334,0.020771582499591205,0.12890942081511872,552.0,0
COAD,rawsum,common,zscale_mean,B_cell,0.11972058196745036,0.06108387397771522,0.12613333333333335,0.18477004132306848,0.24585391530078368,6151.5,0
COAD,rawsum,common,zscale_mean,Endothelial,0.03141843827107643,0.0642599399055039,0.13625333333333334,0.10341183169890587,0.16767177160440977,2353.0,0
COAD,rawsum,common,zscale_mean,Epithelial,-0.0034901509737999235,-0.035208977147826975,0.11710666666666666,0.1488254928406937,0.11361651569286674,4641.0,0
COAD,rawsum,common,zscale_mean,Fibroblast,-0.11366265369325802,-0.031334809754496235,0.11417999999999999,0.03185215606123823,0.0005173463067419869,523.0,0
COAD,rawsum,common,zscale_mean,Macrophage,-0.1242994595173082,-0.019933150235298885,0.12586,0.021493690717990684,0.001560540482691799,582.5,0
COAD,rawsum,common,zscale_mean,Mast,0.3048521724949333,0.017712287384386793,0.13228666666666666,0.4194265517772131,0.4371388391615999,19223.0,1
COAD,rawsum,common,zscale_mean,Other_Myeloid,-0.09337888492734098,-0.048240871341973024,0.11458666666666666,0.0694486530812987,0.021207781739325682,708.5,0
COAD,rawsum,common,zscale_mean,T_NK,-0.12116004362175291,-0.00833829278801079,0.13359333333333334,0.020771582499591205,0.012433289711580416,552.0,0
COAD,rawsum,own,cpm_mean,B_cell,-0.005179464044708825,-0.06381617203444395,0.12613333333333335,0.18477004132306848,0.1209538692886245,6151.5,0
COAD,rawsum,own,cpm_mean,Endothelial,-0.09491142641236351,-0.06206992477793604,0.13625333333333334,0.10341183169890587,0.041341906920969826,2353.0,0
COAD,rawsum,own,cpm_mean,Epithelial,-0.02735905742343175,-0.059077883597458795,0.11710666666666666,0.1488254928406937,0.08974760924323491,4641.0,0
COAD,rawsum,own,cpm_mean,Fibroblast,0.18858378713853752,0.2709116310772993,0.11417999999999999,0.03185215606123823,0.3027637871385375,523.0,0
COAD,rawsum,own,cpm_mean,Macrophage,-0.11631275936868157,-0.01194645008667225,0.12586,0.021493690717990684,0.009547240631318435,582.5,0
COAD,rawsum,own,cpm_mean,Mast,0.22387922490005938,-0.06326066021048708,0.13228666666666666,0.4194265517772131,0.356165891566726,19223.0,1
COAD,rawsum,own,cpm_mean,Other_Myeloid,-0.04621312322818524,-0.0010751096428172806,0.11458666666666666,0.0694486530812987,0.06837354343848143,708.5,0
COAD,rawsum,own,cpm_mean,T_NK,-0.12248718156122602,-0.009665430727483885,0.13359333333333334,0.020771582499591205,0.01110615177210732,552.0,0
COAD,rawsum,own,depth_matched,B_cell,0.036455385961330515,-0.022181322028404622,0.12613333333333335,0.18477004132306848,0.16258871929466384,6151.5,0
COAD,rawsum,own,depth_matched,Endothelial,-0.06514328215592173,-0.03230178052149427,0.13625333333333334,0.10341183169890587,0.0711100511774116,2353.0,0
COAD,rawsum,own,depth_matched,Epithelial,-0.00635039651599623,-0.03806922269002328,0.11710666666666666,0.1488254928406937,0.11075627015067044,4641.0,0
COAD,rawsum,own,depth_matched,Fibroblast,0.16834338297696655,0.25067122691572835,0.11417999999999999,0.03185215606123823,0.28252338297696655,523.0,0
COAD,rawsum,own,depth_matched,Macrophage,-0.10722340503233432,-0.002857095750325022,0.12586,0.021493690717990684,0.018636594967665662,582.5,0
COAD,rawsum,own,depth_matched,Mast,0.11625998966382305,-0.1708798954467234,0.13228666666666666,0.4194265517772131,0.24854665633048972,19223.0,1
COAD,rawsum,own,depth_matched,Other_Myeloid,-0.02835458049364281,0.016783433091725145,0.11458666666666666,0.0694486530812987,0.08623208617302386,708.5,0
COAD,rawsum,own,depth_matched,T_NK,-0.113987094404225,-0.0011653435704828729,0.13359333333333334,0.020771582499591205,0.019606238929108333,552.0,0
COAD,rawsum,own,lognorm_mean,B_cell,-0.0015863075035583481,-0.06022301549329349,0.12613333333333335,0.18477004132306848,0.12454702582977499,6151.5,0
COAD,rawsum,own,lognorm_mean,Endothelial,-0.07197155584621592,-0.03913005421178846,0.13625333333333334,0.10341183169890587,0.0642817774871174,2353.0,0
COAD,rawsum,own,lognorm_mean,Epithelial,-0.029762416348179752,-0.061481242522206804,0.11710666666666666,0.1488254928406937,0.08734425031848692,4641.0,0
COAD,rawsum,own,lognorm_mean,Fibroblast,0.3149709639816363,0.3972988079203981,0.11417999999999999,0.03185215606123823,0.4291509639816364,523.0,0
COAD,rawsum,own,lognorm_mean,Macrophage,-0.10333954418144815,0.001026765100561163,0.12586,0.021493690717990684,0.02252045581855185,582.5,0
COAD,rawsum,own,lognorm_mean,Mast,0.04068045980531469,-0.24645942530523177,0.13228666666666666,0.4194265517772131,0.17296712647198137,19223.0,1
COAD,rawsum,own,lognorm_mean,Other_Myeloid,-0.041735578834179145,0.003402434751188819,0.11458666666666666,0.0694486530812987,0.07285108783248752,708.5,0
COAD,rawsum,own,lognorm_mean,T_NK,-0.10725602107336973,0.005565729760372401,0.13359333333333334,0.020771582499591205,0.026337312259963608,552.0,0
COAD,rawsum,own,lognorm_mean_expm1,B_cell,-0.0013753442353148916,-0.06001205222505004,0.12613333333333335,0.18477004132306848,0.12475798909801843,6151.5,0
COAD,rawsum,own,lognorm_mean_expm1,Endothelial,-0.10080128396432371,-0.06795978232989623,0.13625333333333334,0.10341183169890587,0.035452049369009635,2353.0,0
COAD,rawsum,own,lognorm_mean_expm1,Epithelial,-0.03379554758638877,-0.06551437376041583,0.11710666666666666,0.1488254928406937,0.08331111908027788,4641.0,0
COAD,rawsum,own,lognorm_mean_expm1,Fibroblast,0.36982824312525864,0.45215608706402044,0.11417999999999999,0.03185215606123823,0.48400824312525864,523.0,0
COAD,rawsum,own,lognorm_mean_expm1,Macrophage,-0.10451311584233024,-0.00014680656032092258,0.12586,0.021493690717990684,0.021346884157669763,582.5,0
COAD,rawsum,own,lognorm_mean_expm1,Mast,0.034266681891019994,-0.25287320321952644,0.13228666666666666,0.4194265517772131,0.16655334855768666,19223.0,1
COAD,rawsum,own,lognorm_mean_expm1,Other_Myeloid,-0.052097728564681714,-0.006959714979313752,0.11458666666666666,0.0694486530812987,0.062488938101984956,708.5,0
COAD,rawsum,own,lognorm_mean_expm1,T_NK,-0.11151190482323933,0.0013098460105027952,0.13359333333333334,0.020771582499591205,0.022081428510094002,552.0,0
COAD,rawsum,own,pseudobulk_cpm,B_cell,0.06147765662836137,0.0028409486386262333,0.12613333333333335,0.18477004132306848,0.1876109899616947,6151.5,0
COAD,rawsum,own,pseudobulk_cpm,Endothelial,-0.0379210433511439,-0.005079541716716428,0.13625333333333334,0.10341183169890587,0.09833228998218943,2353.0,0
COAD,rawsum,own,pseudobulk_cpm,Epithelial,0.020778590332600856,-0.010940235841426192,0.11710666666666666,0.1488254928406937,0.13788525699926754,4641.0,0
COAD,rawsum,own,pseudobulk_cpm,Fibroblast,-0.07488560995178771,0.007442233986974059,0.11417999999999999,0.03185215606123823,0.03929439004821229,523.0,0
COAD,rawsum,own,pseudobulk_cpm,Macrophage,-0.11054413509707885,-0.0061778258150695245,0.12586,0.021493690717990684,0.015315864902921162,582.5,0
COAD,rawsum,own,pseudobulk_cpm,Mast,0.301750119654602,0.014610234544055606,0.13228666666666666,0.4194265517772131,0.43403678632126874,19223.0,1
COAD,rawsum,own,pseudobulk_cpm,Other_Myeloid,-0.04780742508197826,-0.0026694114966102985,0.11458666666666666,0.0694486530812987,0.06677924158468841,708.5,0
COAD,rawsum,own,pseudobulk_cpm,T_NK,-0.11284815313357557,-2.640229983344953e-05,0.13359333333333334,0.020771582499591205,0.020745180199757757,552.0,0
COAD,rawsum,own,raw_mean,B_cell,0.0006258537553837797,-0.058010854234351365,0.12613333333333335,0.18477004132306848,0.1267591870887171,6151.5,0
COAD,rawsum,own,raw_mean,Endothelial,-0.008021471423306118,0.024820030211121353,0.13625333333333334,0.10341183169890587,0.12823186191002722,2353.0,0
COAD,rawsum,own,raw_mean,Epithelial,-0.0012997332339396066,-0.03301855940796665,0.11710666666666666,0.1488254928406937,0.11580693343272706,4641.0,0
COAD,rawsum,own,raw_mean,Fibroblast,0.02618424878316303,0.1085120927219248,0.11417999999999999,0.03185215606123823,0.14036424878316303,523.0,0
COAD,rawsum,own,raw_mean,Macrophage,-0.017183267613497744,0.08718304166851157,0.12586,0.021493690717990684,0.10867673238650227,582.5,0
COAD,rawsum,own,raw_mean,Mast,-0.006362453717934157,-0.2935023388284806,0.13228666666666666,0.4194265517772131,0.12592421294873252,19223.0,1
COAD,rawsum,own,raw_mean,Other_Myeloid,-0.002570989105718636,0.04256702447964932,0.11458666666666666,0.0694486530812987,0.11201567756094803,708.5,0
COAD,rawsum,own,raw_mean,T_NK,0.008627812555849459,0.12144956338959159,0.13359333333333334,0.020771582499591205,0.14222114588918278,552.0,0
COAD,rawsum,own,zscale_mean,B_cell,-0.050705450938194514,-0.10934215892792966,0.12613333333333335,0.18477004132306848,0.07542788239513883,6151.5,0
COAD,rawsum,own,zscale_mean,Endothelial,-0.13283621032014187,-0.09999470868571439,0.13625333333333334,0.10341183169890587,0.003417123013191478,2353.0,0
COAD,rawsum,own,zscale_mean,Epithelial,0.45647439667096007,0.42475557049693297,0.11710666666666666,0.1488254928406937,0.5735810633376267,4641.0,0
COAD,rawsum,own,zscale_mean,Fibroblast,-0.11417999999999999,-0.03185215606123823,0.11417999999999999,0.03185215606123823,0.0,523.0,0
COAD,rawsum,own,zscale_mean,Macrophage,-0.12586,-0.021493690717990684,0.12586,0.021493690717990684,0.0,582.5,0
COAD,rawsum,own,zscale_mean,Mast,0.21295089081350127,-0.07418899429704517,0.13228666666666666,0.4194265517772131,0.345237557480168,19223.0,1
COAD,rawsum,own,zscale_mean,Other_Myeloid,-0.11225029289279163,-0.06711227930742367,0.11458666666666666,0.0694486530812987,0.002336373773875039,708.5,0
COAD,rawsum,own,zscale_mean,T_NK,-0.13359333333333334,-0.020771582499591205,0.13359333333333334,0.020771582499591205,0.0,552.0,0
HCC,cellnorm,common,cpm_mean,B_cell,-0.038028575003426525,-0.06039456463074337,0.16850666666666667,0.19087265629398353,0.13047809166324015,8039.5,0
HCC,cellnorm,common,cpm_mean,CD4_T,0.03165603327228451,0.08586092290012799,0.16012,0.1059151103721565,0.1917760332722845,6643.0,0
HCC,cellnorm,common,cpm_mean,Endothelial_stromal,-0.008426793524226027,-0.09494536268281743,0.15708,0.2435985691585914,0.14865320647577399,13435.0,1
HCC,cellnorm,common,cpm_mean,Hepatocyte,0.00854446214019138,-0.0027032080444182585,0.17327333333333333,0.18452100351794298,0.18181779547352472,12522.0,0
HCC,cellnorm,common,cpm_mean,Macrophage,0.0077767346281742075,0.04555639237742293,0.17378666666666667,0.13600700891741796,0.1815634012948409,8737.0,0
HCC,cellnorm,common,cpm_mean,NK_cytotoxic_T,-0.0015218615129975429,0.026625820080428145,0.16723333333333334,0.13908565173990764,0.1657114718203358,7835.0,0
HCC,cellnorm,common,depth_matched,B_cell,-0.017547531631941667,-0.03991352125925851,0.16850666666666667,0.19087265629398353,0.150959135034725,8039.5,0
HCC,cellnorm,common,depth_matched,CD4_T,0.026271244233593085,0.08047613386143657,0.16012,0.1059151103721565,0.18639124423359307,6643.0,0
HCC,cellnorm,common,depth_matched,Endothelial_stromal,-0.013617247161218496,-0.10013581631980989,0.15708,0.2435985691585914,0.1434627528387815,13435.0,1
HCC,cellnorm,common,depth_matched,Hepatocyte,0.0036945970848713434,-0.007553073099738296,0.17327333333333333,0.18452100351794298,0.1769679304182047,12522.0,0
HCC,cellnorm,common,depth_matched,Macrophage,0.004797887207530151,0.04257754495677887,0.17378666666666667,0.13600700891741796,0.1785845538741968,8737.0,0
HCC,cellnorm,common,depth_matched,NK_cytotoxic_T,-0.0035989497328344183,0.02454873186059127,0.16723333333333334,0.13908565173990764,0.1636343836004989,7835.0,0
HCC,cellnorm,common,lognorm_mean,B_cell,-0.005925504373007697,-0.028291494000324543,0.16850666666666667,0.19087265629398353,0.16258116229365896,8039.5,0
HCC,cellnorm,common,lognorm_mean,CD4_T,-0.020661660654586644,0.033543228973256844,0.16012,0.1059151103721565,0.13945833934541335,6643.0,0
HCC,cellnorm,common,lognorm_mean,Endothelial_stromal,-0.013002368354072457,-0.09952093751266386,0.15708,0.2435985691585914,0.14407763164592755,13435.0,1
HCC,cellnorm,common,lognorm_mean,Hepatocyte,0.04622638692419646,0.03497871673958682,0.17327333333333333,0.18452100351794298,0.21949972025752978,12522.0,0
HCC,cellnorm,common,lognorm_mean,Macrophage,-0.0015852923069348223,0.0361943654423139,0.17378666666666667,0.13600700891741796,0.17220137435973185,8737.0,0
HCC,cellnorm,common,lognorm_mean,NK_cytotoxic_T,-0.005051561235594846,0.023096120357830843,0.16723333333333334,0.13908565173990764,0.16218177209773849,7835.0,0
HCC,cellnorm,common,lognorm_mean_expm1,B_cell,-0.01457178327331003,-0.03693777290062688,0.16850666666666667,0.19087265629398353,0.15393488339335665,8039.5,0
HCC,cellnorm,common,lognorm_mean_expm1,CD4_T,0.005661775159347736,0.05986666478719123,0.16012,0.1059151103721565,0.16578177515934775,6643.0,0
HCC,cellnorm,common,lognorm_mean_expm1,Endothelial_stromal,-0.015461331804394659,-0.10197990096298606,0.15708,0.2435985691585914,0.14161866819560534,13435.0,1
HCC,cellnorm,common,lognorm_mean_expm1,Hepatocyte,0.019368425090153258,0.008120754905543618,0.17327333333333333,0.18452100351794298,0.19264175842348658,12522.0,0
HCC,cellnorm,common,lognorm_mean_expm1,Macrophage,-0.0009566001106151785,0.03682305763863354,0.17378666666666667,0.13600700891741796,0.1728300665560515,8737.0,0
HCC,cellnorm,common,lognorm_mean_expm1,NK_cytotoxic_T,0.005959514938818867,0.03410719653224455,0.16723333333333334,0.13908565173990764,0.1731928482721522,7835.0,0
HCC,cellnorm,common,pseudobulk_cpm,B_cell,0.021800882155384588,-0.0005651074719322622,0.16850666666666667,0.19087265629398353,0.19030754882205125,8039.5,0
HCC,cellnorm,common,pseudobulk_cpm,CD4_T,-0.009271557650639015,0.04493333197720447,0.16012,0.1059151103721565,0.15084844234936098,6643.0,0
HCC,cellnorm,common,pseudobulk_cpm,Endothelial_stromal,-0.009115821713595587,-0.09563439087218699,0.15708,0.2435985691585914,0.1479641782864044,13435.0,1
HCC,cellnorm,common,pseudobulk_cpm,Hepatocyte,-0.001961309638190206,-0.013208979822799845,0.17327333333333333,0.18452100351794298,0.17131202369514312,12522.0,0
HCC,cellnorm,common,pseudobulk_cpm,Macrophage,-0.001727655240899028,0.036052002508349695,0.17378666666666667,0.13600700891741796,0.17205901142576763,8737.0,0
HCC,cellnorm,common,pseudobulk_cpm,NK_cytotoxic_T,0.000275462087939252,0.028423143681364945,0.16723333333333334,0.13908565173990764,0.1675087954212726,7835.0,0
HCC,cellnorm,common,raw_mean,B_cell,-0.004597168579844158,-0.026963158207161008,0.16850666666666667,0.19087265629398353,0.1639094980868225,8039.5,0
HCC,cellnorm,common,raw_mean,CD4_T,0.05568954905627513,0.1098944386841186,0.16012,0.1059151103721565,0.2158095490562751,6643.0,0
HCC,cellnorm,common,raw_mean,Endothelial_stromal,-0.07491545698049147,-0.1614340261390829,0.15708,0.2435985691585914,0.08216454301950851,13435.0,1
HCC,cellnorm,common,raw_mean,Hepatocyte,-0.024035081017409417,-0.03528275120201906,0.17327333333333333,0.18452100351794298,0.1492382523159239,12522.0,0
HCC,cellnorm,common,raw_mean,Macrophage,0.027766952585330334,0.06554661033457905,0.17378666666666667,0.13600700891741796,0.20155361925199702,8737.0,0
HCC,cellnorm,common,raw_mean,NK_cytotoxic_T,0.020091204936139587,0.048238886529565275,0.16723333333333334,0.13908565173990764,0.18732453826947293,7835.0,0
HCC,cellnorm,common,zscale_mean,B_cell,-0.09505999807552001,-0.11742598770283685,0.16850666666666667,0.19087265629398353,0.07344666859114665,8039.5,0
HCC,cellnorm,common,zscale_mean,CD4_T,-0.16012,-0.1059151103721565,0.16012,0.1059151103721565,0.0,6643.0,0
HCC,cellnorm,common,zscale_mean,Endothelial_stromal,-0.014429655666767455,-0.10094822482535885,0.15708,0.2435985691585914,0.14265034433323254,13435.0,1
HCC,cellnorm,common,zscale_mean,Hepatocyte,-0.006707427307970071,-0.01795509749257971,0.17327333333333333,0.18452100351794298,0.16656590602536325,12522.0,0
HCC,cellnorm,common,zscale_mean,Macrophage,0.024047041514876164,0.06182669926412488,0.17378666666666667,0.13600700891741796,0.1978337081815428,8737.0,0
HCC,cellnorm,common,zscale_mean,NK_cytotoxic_T,0.25227003953538135,0.28041772112880703,0.16723333333333334,0.13908565173990764,0.4195033728687147,7835.0,0
HCC,cellnorm,own,cpm_mean,B_cell,-0.038028575003426525,-0.06039456463074337,0.16850666666666667,0.19087265629398353,0.13047809166324015,8039.5,0
HCC,cellnorm,own,cpm_mean,CD4_T,0.03165603327228451,0.08586092290012799,0.16012,0.1059151103721565,0.1917760332722845,6643.0,0
HCC,cellnorm,own,cpm_mean,Endothelial_stromal,-0.008426793524226027,-0.09494536268281743,0.15708,0.2435985691585914,0.14865320647577399,13435.0,1
HCC,cellnorm,own,cpm_mean,Hepatocyte,0.00854446214019138,-0.0027032080444182585,0.17327333333333333,0.18452100351794298,0.18181779547352472,12522.0,0
HCC,cellnorm,own,cpm_mean,Macrophage,0.0077767346281742075,0.04555639237742293,0.17378666666666667,0.13600700891741796,0.1815634012948409,8737.0,0
HCC,cellnorm,own,cpm_mean,NK_cytotoxic_T,-0.0015218615129975429,0.026625820080428145,0.16723333333333334,0.13908565173990764,0.1657114718203358,7835.0,0
HCC,cellnorm,own,depth_matched,B_cell,-0.015561727058943787,-0.03792771668626064,0.16850666666666667,0.19087265629398353,0.15294493960772287,8039.5,0
HCC,cellnorm,own,depth_matched,CD4_T,0.029737888672571718,0.0839427783004152,0.16012,0.1059151103721565,0.18985788867257172,6643.0,0
HCC,cellnorm,own,depth_matched,Endothelial_stromal,-0.013011508600096753,-0.09953007775868816,0.15708,0.2435985691585914,0.14406849139990327,13435.0,1
HCC,cellnorm,own,depth_matched,Hepatocyte,0.0009325957114311878,-0.01031507447317845,0.17327333333333333,0.18452100351794298,0.17420592904476453,12522.0,0
HCC,cellnorm,own,depth_matched,Macrophage,0.003607990471791701,0.04138764822104042,0.17378666666666667,0.13600700891741796,0.17739465713845837,8737.0,0
HCC,cellnorm,own,depth_matched,NK_cytotoxic_T,-0.0057052391967540705,0.02244244239667162,0.16723333333333334,0.13908565173990764,0.16152809413657926,7835.0,0
HCC,cellnorm,own,lognorm_mean,B_cell,-0.008905988524472448,-0.0312719781517893,0.16850666666666667,0.19087265629398353,0.15960067814219422,8039.5,0
HCC,cellnorm,own,lognorm_mean,CD4_T,0.0013768454368855456,0.055581735064729035,0.16012,0.1059151103721565,0.16149684543688556,6643.0,0
HCC,cellnorm,own,lognorm_mean,Endothelial_stromal,-0.01185418968410284,-0.09837275884269424,0.15708,0.2435985691585914,0.14522581031589715,13435.0,1
HCC,cellnorm,own,lognorm_mean,Hepatocyte,0.011485353199024197,0.00023768301441455758,0.17327333333333333,0.18452100351794298,0.18475868653235752,12522.0,0
HCC,cellnorm,own,lognorm_mean,Macrophage,0.0032286980014919844,0.04100835575074071,0.17378666666666667,0.13600700891741796,0.17701536466815865,8737.0,0
HCC,cellnorm,own,lognorm_mean,NK_cytotoxic_T,0.0046692815711735555,0.03281696316459925,0.16723333333333334,0.13908565173990764,0.1719026149045069,7835.0,0
HCC,cellnorm,own,lognorm_mean_expm1,B_cell,-0.01288997346421856,-0.035255963091535406,0.16850666666666667,0.19087265629398353,0.15561669320244811,8039.5,0
HCC,cellnorm,own,lognorm_mean_expm1,CD4_T,0.01974230893036585,0.07394719855820935,0.16012,0.1059151103721565,0.17986230893036584,6643.0,0
HCC,cellnorm,own,lognorm_mean_expm1,Endothelial_stromal,-0.01525943185544953,-0.10177800101404093,0.15708,0.2435985691585914,0.14182056814455046,13435.0,1
HCC,cellnorm,own,lognorm_mean_expm1,Hepatocyte,0.0044966026810066,-0.00675106750360304,0.17327333333333333,0.18452100351794298,0.17776993601433994,12522.0,0
HCC,cellnorm,own,lognorm_mean_expm1,Macrophage,0.0015574276997110993,0.03933708544895982,0.17378666666666667,0.13600700891741796,0.17534409436637777,8737.0,0
HCC,cellnorm,own,lognorm_mean_expm1,NK_cytotoxic_T,0.0023530660085845285,0.030500747602010218,0.16723333333333334,0.13908565173990764,0.16958639934191788,7835.0,0
HCC,cellnorm,own,pseudobulk_cpm,B_cell,0.02622917474061212,0.003863185113295271,0.16850666666666667,0.19087265629398353,0.1947358414072788,8039.5,0
HCC,cellnorm,own,pseudobulk_cpm,CD4_T,-0.02000909306904611,0.03419579655879738,0.16012,0.1059151103721565,0.14011090693095388,6643.0,0
HCC,cellnorm,own,pseudobulk_cpm,Endothelial_stromal,-0.007931698020806259,-0.09445026717939765,0.15708,0.2435985691585914,0.14914830197919374,13435.0,1
HCC,cellnorm,own,pseudobulk_cpm,Hepatocyte,0.00020964250272712163,-0.011038027681882518,0.17327333333333333,0.18452100351794298,0.17348297583606045,12522.0,0
HCC,cellnorm,own,pseudobulk_cpm,Macrophage,0.000603286531899787,0.03838294428114851,0.17378666666666667,0.13600700891741796,0.17438995319856646,8737.0,0
HCC,cellnorm,own,pseudobulk_cpm,NK_cytotoxic_T,0.0008986873146133427,0.02904636890803903,0.16723333333333334,0.13908565173990764,0.1681320206479467,7835.0,0
HCC,cellnorm,own,raw_mean,B_cell,-0.0028174183129890534,-0.025183407940305904,0.16850666666666667,0.19087265629398353,0.16568924835367763,8039.5,0
HCC,cellnorm,own,raw_mean,CD4_T,0.01715755700729321,0.0713624466351367,0.16012,0.1059151103721565,0.1772775570072932,6643.0,0
HCC,cellnorm,own,raw_mean,Endothelial_stromal,-0.07439546386674603,-0.16091403302533744,0.15708,0.2435985691585914,0.08268453613325397,13435.0,1
HCC,cellnorm,own,raw_mean,Hepatocyte,-0.011159593617851184,-0.02240726380246082,0.17327333333333333,0.18452100351794298,0.16211373971548215,12522.0,0
HCC,cellnorm,own,raw_mean,Macrophage,0.03125110072839668,0.06903075847764541,0.17378666666666667,0.13600700891741796,0.20503776739506335,8737.0,0
HCC,cellnorm,own,raw_mean,NK_cytotoxic_T,0.03996381806189638,0.06811149965532207,0.16723333333333334,0.13908565173990764,0.20719715139522973,7835.0,0
HCC,cellnorm,own,zscale_mean,B_cell,-0.10415842634269243,-0.12652441597000927,0.16850666666666667,0.19087265629398353,0.06434824032397424,8039.5,0
HCC,cellnorm,own,zscale_mean,CD4_T,-0.16012,-0.1059151103721565,0.16012,0.1059151103721565,0.0,6643.0,0
HCC,cellnorm,own,zscale_mean,Endothelial_stromal,-0.017264965294301802,-0.1037835344528932,0.15708,0.2435985691585914,0.1398150347056982,13435.0,1
HCC,cellnorm,own,zscale_mean,Hepatocyte,-0.041630199362854406,-0.05287786954746405,0.17327333333333333,0.18452100351794298,0.13164313397047894,12522.0,0
HCC,cellnorm,own,zscale_mean,Macrophage,-0.027296850078979678,0.01048280767026904,0.17378666666666667,0.13600700891741796,0.146489816587687,8737.0,0
HCC,cellnorm,own,zscale_mean,NK_cytotoxic_T,0.3504704410788283,0.37861812267225403,0.16723333333333334,0.13908565173990764,0.5177037744121616,7835.0,0
HCC,rawsum,common,cpm_mean,B_cell,-0.04846101620720067,-0.07082700583451752,0.16850666666666667,0.19087265629398353,0.12004565045946598,8039.5,0
HCC,rawsum,common,cpm_mean,CD4_T,8.850066836243337e-05,0.05429339029620592,0.16012,0.1059151103721565,0.16020850066836242,6643.0,0
HCC,rawsum,common,cpm_mean,Endothelial_stromal,0.07418063422379774,-0.012337934934793668,0.15708,0.2435985691585914,0.23126063422379772,13435.0,1
HCC,rawsum,common,cpm_mean,Hepatocyte,0.029898080341645615,0.018650410157035977,0.17327333333333333,0.18452100351794298,0.20317141367497893,12522.0,0
HCC,rawsum,common,cpm_mean,Macrophage,-0.022004756966719895,0.015774900782528824,0.17378666666666667,0.13600700891741796,0.15178190969994676,8737.0,0
HCC,rawsum,common,cpm_mean,NK_cytotoxic_T,-0.03370144205988523,-0.005553760466459536,0.16723333333333334,0.13908565173990764,0.1335318912734481,7835.0,0
HCC,rawsum,common,depth_matched,B_cell,-0.027950273024239785,-0.050316262651556636,0.16850666666666667,0.19087265629398353,0.14055639364242686,8039.5,0
HCC,rawsum,common,depth_matched,CD4_T,-0.0028753616910309203,0.051329527936812565,0.16012,0.1059151103721565,0.1572446383089691,6643.0,0
HCC,rawsum,common,depth_matched,Endothelial_stromal,0.0651600096348306,-0.021358559523760798,0.15708,0.2435985691585914,0.2222400096348306,13435.0,1
HCC,rawsum,common,depth_matched,Hepatocyte,0.026036768981560293,0.014789098796950654,0.17327333333333333,0.18452100351794298,0.19931010231489363,12522.0,0
HCC,rawsum,common,depth_matched,Macrophage,-0.024535290663600343,0.01324436708564838,0.17378666666666667,0.13600700891741796,0.14925137600306632,8737.0,0
HCC,rawsum,common,depth_matched,NK_cytotoxic_T,-0.03583585323751986,-0.007688171644094169,0.16723333333333334,0.13908565173990764,0.13139748009581348,7835.0,0
HCC,rawsum,common,lognorm_mean,B_cell,-0.015555939653339962,-0.03792192928065681,0.16850666666666667,0.19087265629398353,0.1529507270133267,8039.5,0
HCC,rawsum,common,lognorm_mean,CD4_T,-0.0480506516023249,0.006154238025518588,0.16012,0.1059151103721565,0.1120693483976751,6643.0,0
HCC,rawsum,common,lognorm_mean,Endothelial_stromal,0.06939600873695027,-0.017122560421641134,0.15708,0.2435985691585914,0.22647600873695026,13435.0,1
HCC,rawsum,common,lognorm_mean,Hepatocyte,0.06813268175936069,0.056885011574751045,0.17327333333333333,0.18452100351794298,0.24140601509269402,12522.0,0
HCC,rawsum,common,lognorm_mean,Macrophage,-0.03204060019298364,0.005739057556265084,0.17378666666666667,0.13600700891741796,0.141746066473683,8737.0,0
HCC,rawsum,common,lognorm_mean,NK_cytotoxic_T,-0.04188149904766247,-0.013733817454236774,0.16723333333333334,0.13908565173990764,0.12535183428567087,7835.0,0
HCC,rawsum,common,lognorm_mean_expm1,B_cell,-0.023951483382688574,-0.046317473010005425,0.16850666666666667,0.19087265629398353,0.1445551832839781,8039.5,0
HCC,rawsum,common,lognorm_mean_expm1,CD4_T,-0.024245385513898824,0.029959504113944664,0.16012,0.1059151103721565,0.1358746144861012,6643.0,0
HCC,rawsum,common,lognorm_mean_expm1,Endothelial_stromal,0.06162522976895115,-0.02489333938964025,0.15708,0.2435985691585914,0.21870522976895118,13435.0,1
HCC,rawsum,common,lognorm_mean_expm1,Hepatocyte,0.042107720495837796,0.030860050311228158,0.17327333333333333,0.18452100351794298,0.21538105382917114,12522.0,0
HCC,rawsum,common,lognorm_mean_expm1,Macrophage,-0.028555381037226362,0.00922427671202236,0.17378666666666667,0.13600700891741796,0.14523128562944032,8737.0,0
HCC,rawsum,common,lognorm_mean_expm1,NK_cytotoxic_T,-0.026980700330975188,0.0011669812624505009,0.16723333333333334,0.13908565173990764,0.14025263300235813,7835.0,0
HCC,rawsum,common,pseudobulk_cpm,B_cell,0.009420381362688341,-0.012945608264628507,0.16850666666666667,0.19087265629398353,0.17792704802935502,8039.5,0
HCC,rawsum,common,pseudobulk_cpm,CD4_T,-0.037406648441008175,0.016798241186835313,0.16012,0.1059151103721565,0.12271335155899182,6643.0,0
HCC,rawsum,common,pseudobulk_cpm,Endothelial_stromal,0.07795492253442868,-0.00856364662416273,0.15708,0.2435985691585914,0.23503492253442868,13435.0,1
HCC,rawsum,common,pseudobulk_cpm,Hepatocyte,0.019403532018592292,0.008155861833982652,0.17327333333333333,0.18452100351794298,0.19267686535192563,12522.0,0
HCC,rawsum,common,pseudobulk_cpm,Macrophage,-0.03386346347028812,0.003916194278960603,0.17378666666666667,0.13600700891741796,0.13992320319637855,8737.0,0
HCC,rawsum,common,pseudobulk_cpm,NK_cytotoxic_T,-0.035508724004413024,-0.007361042410987329,0.16723333333333334,0.13908565173990764,0.13172460932892033,7835.0,0
HCC,rawsum,common,raw_mean,B_cell,-0.00838250903517198,-0.030748498662488827,0.16850666666666667,0.19087265629398353,0.16012415763149468,8039.5,0
HCC,rawsum,common,raw_mean,CD4_T,0.028166612105780336,0.08237150173362383,0.16012,0.1059151103721565,0.18828661210578035,6643.0,0
HCC,rawsum,common,raw_mean,Endothelial_stromal,-0.01585940641128767,-0.10237797556987907,0.15708,0.2435985691585914,0.14122059358871233,13435.0,1
HCC,rawsum,common,raw_mean,Hepatocyte,0.005885828472315679,-0.00536184171229396,0.17327333333333333,0.18452100351794298,0.179159161805649,12522.0,0
HCC,rawsum,common,raw_mean,Macrophage,0.001332523617370309,0.03911218136661903,0.17378666666666667,0.13600700891741796,0.175119190284037,8737.0,0
HCC,rawsum,common,raw_mean,NK_cytotoxic_T,-0.01114304874900668,0.01700463284441901,0.16723333333333334,0.13908565173990764,0.15609028458432667,7835.0,0
HCC,rawsum,common,zscale_mean,B_cell,-0.09685707101623088,-0.11922306064354773,0.16850666666666667,0.19087265629398353,0.07164959565043577,8039.5,0
HCC,rawsum,common,zscale_mean,CD4_T,-0.16012,-0.1059151103721565,0.16012,0.1059151103721565,0.0,6643.0,0
HCC,rawsum,common,zscale_mean,Endothelial_stromal,-0.000932206073217525,-0.08745077523180893,0.15708,0.2435985691585914,0.1561477939267825,13435.0,1
HCC,rawsum,common,zscale_mean,Hepatocyte,-0.0030293181900355095,-0.014276988374645147,0.17327333333333333,0.18452100351794298,0.17024401514329782,12522.0,0
HCC,rawsum,common,zscale_mean,Macrophage,0.01796223224911835,0.05574188999836707,0.17378666666666667,0.13600700891741796,0.19174889891578503,8737.0,0
HCC,rawsum,common,zscale_mean,NK_cytotoxic_T,0.2429763630303656,0.27112404462379125,0.16723333333333334,0.13908565173990764,0.41020969636369886,7835.0,0
HCC,rawsum,own,cpm_mean,B_cell,-0.04846101620720067,-0.07082700583451752,0.16850666666666667,0.19087265629398353,0.12004565045946598,8039.5,0
HCC,rawsum,own,cpm_mean,CD4_T,8.850066836243337e-05,0.05429339029620592,0.16012,0.1059151103721565,0.16020850066836242,6643.0,0
HCC,rawsum,own,cpm_mean,Endothelial_stromal,0.07418063422379774,-0.012337934934793668,0.15708,0.2435985691585914,0.23126063422379772,13435.0,1
HCC,rawsum,own,cpm_mean,Hepatocyte,0.029898080341645615,0.018650410157035977,0.17327333333333333,0.18452100351794298,0.20317141367497893,12522.0,0
HCC,rawsum,own,cpm_mean,Macrophage,-0.022004756966719895,0.015774900782528824,0.17378666666666667,0.13600700891741796,0.15178190969994676,8737.0,0
HCC,rawsum,own,cpm_mean,NK_cytotoxic_T,-0.03370144205988523,-0.005553760466459536,0.16723333333333334,0.13908565173990764,0.1335318912734481,7835.0,0
HCC,rawsum,own,depth_matched,B_cell,-0.023504350176421242,-0.04587033980373809,0.16850666666666667,0.19087265629398353,0.14500231649024542,8039.5,0
HCC,rawsum,own,depth_matched,CD4_T,0.003673724255773683,0.05787861388361717,0.16012,0.1059151103721565,0.16379372425577368,6643.0,0
HCC,rawsum,own,depth_matched,Endothelial_stromal,0.06404790694332986,-0.022470662215261544,0.15708,0.2435985691585914,0.22112790694332987,13435.0,1
HCC,rawsum,own,depth_matched,Hepatocyte,0.021911107172309117,0.010663436987699481,0.17327333333333333,0.18452100351794298,0.19518444050564246,12522.0,0
HCC,rawsum,own,depth_matched,Macrophage,-0.025724337411122747,0.012055320338125975,0.17378666666666667,0.13600700891741796,0.1480623292555439,8737.0,0
HCC,rawsum,own,depth_matched,NK_cytotoxic_T,-0.04040405078386867,-0.012256369190442984,0.16723333333333334,0.13908565173990764,0.12682928254946466,7835.0,0
HCC,rawsum,own,lognorm_mean,B_cell,-0.01861981226578571,-0.04098580189310256,0.16850666666666667,0.19087265629398353,0.14988685440088095,8039.5,0
HCC,rawsum,own,lognorm_mean,CD4_T,-0.019215254035483884,0.034989635592359604,0.16012,0.1059151103721565,0.1409047459645161,6643.0,0
HCC,rawsum,own,lognorm_mean,Endothelial_stromal,0.07075254684259202,-0.015766022315999384,0.15708,0.2435985691585914,0.227832546842592,13435.0,1
HCC,rawsum,own,lognorm_mean,Hepatocyte,0.02534516224575336,0.01409749206114372,0.17327333333333333,0.18452100351794298,0.1986184955790867,12522.0,0
HCC,rawsum,own,lognorm_mean,Macrophage,-0.026435487577508666,0.011344170171740057,0.17378666666666667,0.13600700891741796,0.147351179089158,8737.0,0
HCC,rawsum,own,lognorm_mean,NK_cytotoxic_T,-0.03182715520956712,-0.0036794736161414356,0.16723333333333334,0.13908565173990764,0.1354061781237662,7835.0,0
HCC,rawsum,own,lognorm_mean_expm1,B_cell,-0.023601354925891847,-0.0459673445532087,0.16850666666666667,0.19087265629398353,0.1449053117407748,8039.5,0
HCC,rawsum,own,lognorm_mean_expm1,CD4_T,0.007577972266412711,0.0617828618942562,0.16012,0.1059151103721565,0.1676979722664127,6643.0,0
HCC,rawsum,own,lognorm_mean_expm1,Endothelial_stromal,0.06307653276980107,-0.023442036388790336,0.15708,0.2435985691585914,0.22015653276980107,13435.0,1
HCC,rawsum,own,lognorm_mean_expm1,Hepatocyte,0.012809909832513379,0.0015622396479037398,0.17327333333333333,0.18452100351794298,0.1860832431658467,12522.0,0
HCC,rawsum,own,lognorm_mean_expm1,Macrophage,-0.02675943726704481,0.011020220482203913,0.17378666666666667,0.13600700891741796,0.14702722939962187,8737.0,0
HCC,rawsum,own,lognorm_mean_expm1,NK_cytotoxic_T,-0.033103622675790506,-0.004955941082364815,0.16723333333333334,0.13908565173990764,0.1341297106575428,7835.0,0
HCC,rawsum,own,pseudobulk_cpm,B_cell,0.013389132228709922,-0.008976857398606928,0.16850666666666667,0.19087265629398353,0.1818957988953766,8039.5,0
HCC,rawsum,own,pseudobulk_cpm,CD4_T,-0.048751145588521526,0.005453744039321958,0.16012,0.1059151103721565,0.11136885441147847,6643.0,0
HCC,rawsum,own,pseudobulk_cpm,Endothelial_stromal,0.08033045693830394,-0.006188112220287461,0.15708,0.2435985691585914,0.23741045693830395,13435.0,1
HCC,rawsum,own,pseudobulk_cpm,Hepatocyte,0.018066042012681565,0.006818371828071927,0.17327333333333333,0.18452100351794298,0.19133937534601492,12522.0,0
HCC,rawsum,own,pseudobulk_cpm,Macrophage,-0.03277857988279164,0.005001077866457078,0.17378666666666667,0.13600700891741796,0.14100808678387503,8737.0,0
HCC,rawsum,own,pseudobulk_cpm,NK_cytotoxic_T,-0.030255905708382266,-0.0021082241149565735,0.16723333333333334,0.13908565173990764,0.13697742762495108,7835.0,0
HCC,rawsum,own,raw_mean,B_cell,-0.0013349272146570609,-0.02370091684197391,0.16850666666666667,0.19087265629398353,0.16717173945200958,8039.5,0
HCC,rawsum,own,raw_mean,CD4_T,0.007960092576331155,0.06216498220417465,0.16012,0.1059151103721565,0.16808009257633114,6643.0,0
HCC,rawsum,own,raw_mean,Endothelial_stromal,-0.015245355811207704,-0.10176392496979911,0.15708,0.2435985691585914,0.1418346441887923,13435.0,1
HCC,rawsum,own,raw_mean,Hepatocyte,0.006679386593344663,-0.004568283591264976,0.17327333333333333,0.18452100351794298,0.179952719926678,12522.0,0
HCC,rawsum,own,raw_mean,Macrophage,0.003220618874966768,0.04100027662421549,0.17378666666666667,0.13600700891741796,0.17700728554163342,8737.0,0
HCC,rawsum,own,raw_mean,NK_cytotoxic_T,-0.0012798150187778245,0.02686786657464786,0.16723333333333334,0.13908565173990764,0.1659535183145555,7835.0,0
HCC,rawsum,own,zscale_mean,B_cell,-0.10493047793218736,-0.12729646755950422,0.16850666666666667,0.19087265629398353,0.06357618873447929,8039.5,0
HCC,rawsum,own,zscale_mean,CD4_T,-0.16012,-0.1059151103721565,0.16012,0.1059151103721565,0.0,6643.0,0
HCC,rawsum,own,zscale_mean,Endothelial_stromal,-0.007299974738917877,-0.09381854389750928,0.15708,0.2435985691585914,0.14978002526108214,13435.0,1
HCC,rawsum,own,zscale_mean,Hepatocyte,-0.04008010215853643,-0.051327772343146075,0.17327333333333333,0.18452100351794298,0.1331932311747969,12522.0,0
HCC,rawsum,own,zscale_mean,Macrophage,-0.030063027700394377,0.0077166300488543445,0.17378666666666667,0.13600700891741796,0.1437236389662723,8737.0,0
HCC,rawsum,own,zscale_mean,NK_cytotoxic_T,0.3424935825300361,0.37064126412346177,0.16723333333333334,0.13908565173990764,0.5097269158633694,7835.0,0
LUAD,cellnorm,common,cpm_mean,B_cell,-0.004498501723186633,-0.05276748161897061,0.16041333333333335,0.20868231322911732,0.1559148316101467,9039.5,0
LUAD,cellnorm,common,cpm_mean,Endothelial,0.0009613828624548959,0.002030877185233587,0.16918,0.16811050567722133,0.1701413828624549,7665.0,0
LUAD,cellnorm,common,cpm_mean,Epithelial,0.00015226889323910407,-0.015381942906313633,0.16791333333333333,0.18344754513288605,0.16806560222657244,8769.5,0
LUAD,cellnorm,common,cpm_mean,Fibroblast,0.00012906493301252707,0.06885726111388339,0.1742,0.10547180381912914,0.17432906493301253,3007.5,0
LUAD,cellnorm,common,cpm_mean,Macrophage,-0.0011616695877633026,0.021236710432266413,0.16065333333333331,0.13825495331330362,0.15949166374557003,6523.0,0
LUAD,cellnorm,common,cpm_mean,T_NK,0.004417454622243407,-0.023975424206099147,0.16764,0.19603287882834255,0.1720574546222434,10606.0,1
LUAD,cellnorm,common,depth_matched,B_cell,-0.02723830716219161,-0.07550728705797559,0.16041333333333335,0.20868231322911732,0.1331750261711417,9039.5,0
LUAD,cellnorm,common,depth_matched,Endothelial,-0.0010568911462443883,1.2603176534303322e-05,0.16918,0.16811050567722133,0.16812310885375562,7665.0,0
LUAD,cellnorm,common,depth_matched,Epithelial,-0.006459423139740746,-0.02199363493929348,0.16791333333333333,0.18344754513288605,0.1614539101935926,8769.5,0
LUAD,cellnorm,common,depth_matched,Fibroblast,0.06568145406510166,0.1344096502459725,0.1742,0.10547180381912914,0.23988145406510167,3007.5,0
LUAD,cellnorm,common,depth_matched,Macrophage,-0.008960520643284772,0.01343785937674494,0.16065333333333331,0.13825495331330362,0.15169281269004856,6523.0,0
LUAD,cellnorm,common,depth_matched,T_NK,-0.02196631197364014,-0.050359190801982694,0.16764,0.19603287882834255,0.14567368802635985,10606.0,1
LUAD,cellnorm,common,lognorm_mean,B_cell,-0.06943857523201492,-0.1177075551277989,0.16041333333333335,0.20868231322911732,0.0909747581013184,9039.5,0
LUAD,cellnorm,common,lognorm_mean,Endothelial,-0.03118467927841199,-0.0301151849556333,0.16918,0.16811050567722133,0.13799532072158802,7665.0,0
LUAD,cellnorm,common,lognorm_mean,Epithelial,-0.0746404138762453,-0.09017462567579804,0.16791333333333333,0.18344754513288605,0.09327291945708803,8769.5,0
LUAD,cellnorm,common,lognorm_mean,Fibroblast,0.24204772680572276,0.3107759229865936,0.1742,0.10547180381912914,0.41624772680572275,3007.5,0
LUAD,cellnorm,common,lognorm_mean,Macrophage,-0.042358924511660255,-0.01996054449163054,0.16065333333333331,0.13825495331330362,0.11829440882167307,6523.0,0
LUAD,cellnorm,common,lognorm_mean,T_NK,-0.024425133907390283,-0.05281801273573283,0.16764,0.19603287882834255,0.14321486609260972,10606.0,1
LUAD,cellnorm,common,lognorm_mean_expm1,B_cell,-0.03287826677020054,-0.08114724666598452,0.16041333333333335,0.20868231322911732,0.1275350665631328,9039.5,0
LUAD,cellnorm,common,lognorm_mean_expm1,Endothelial,-0.0509821465658963,-0.04991265224311761,0.16918,0.16811050567722133,0.11819785343410372,7665.0,0
LUAD,cellnorm,common,lognorm_mean_expm1,Epithelial,0.0201909324845962,0.004656720685043463,0.16791333333333333,0.18344754513288605,0.18810426581792952,8769.5,0
LUAD,cellnorm,common,lognorm_mean_expm1,Fibroblast,0.09101828566315392,0.15974648184402482,0.1742,0.10547180381912914,0.2652182856631539,3007.5,0
LUAD,cellnorm,common,lognorm_mean_expm1,Macrophage,0.03981857144785077,0.062216951467880484,0.16065333333333331,0.13825495331330362,0.2004719047811841,6523.0,0
LUAD,cellnorm,common,lognorm_mean_expm1,T_NK,-0.06716737625950406,-0.09556025508784662,0.16764,0.19603287882834255,0.10047262374049594,10606.0,1
LUAD,cellnorm,common,pseudobulk_cpm,B_cell,-0.06789915263835962,-0.11616813253414358,0.16041333333333335,0.20868231322911732,0.09251418069497372,9039.5,0
LUAD,cellnorm,common,pseudobulk_cpm,Endothelial,-0.009515268229950196,-0.008445773907171506,0.16918,0.16811050567722133,0.1596647317700498,7665.0,0
LUAD,cellnorm,common,pseudobulk_cpm,Epithelial,-0.014478867329057073,-0.03001307912860981,0.16791333333333333,0.18344754513288605,0.15343446600427627,8769.5,0
LUAD,cellnorm,common,pseudobulk_cpm,Fibroblast,0.15285220335240823,0.2215803995332791,0.1742,0.10547180381912914,0.3270522033524082,3007.5,0
LUAD,cellnorm,common,pseudobulk_cpm,Macrophage,0.04406179719035826,0.06646017721038797,0.16065333333333331,0.13825495331330362,0.20471513052369159,6523.0,0
LUAD,cellnorm,common,pseudobulk_cpm,T_NK,-0.10502071234539959,-0.13341359117374216,0.16764,0.19603287882834255,0.0626192876546004,10606.0,1
LUAD,cellnorm,common,raw_mean,B_cell,-0.10446371363139732,-0.1527326935271813,0.16041333333333335,0.20868231322911732,0.055949619701936,9039.5,0
LUAD,cellnorm,common,raw_mean,Endothelial,-0.034443525923745145,-0.033374031600966456,0.16918,0.16811050567722133,0.13473647407625486,7665.0,0
LUAD,cellnorm,common,raw_mean,Epithelial,-0.052248121342546375,-0.06778233314209911,0.16791333333333333,0.18344754513288605,0.11566521199078696,8769.5,0
LUAD,cellnorm,common,raw_mean,Fibroblast,0.285422866092624,0.35415106227349485,0.1742,0.10547180381912914,0.459622866092624,3007.5,0
LUAD,cellnorm,common,raw_mean,Macrophage,0.029854755542812653,0.05225313556284237,0.16065333333333331,0.13825495331330362,0.19050808887614598,6523.0,0
LUAD,cellnorm,common,raw_mean,T_NK,-0.1241222607377478,-0.15251513956609034,0.16764,0.19603287882834255,0.04351773926225221,10606.0,1
LUAD,cellnorm,common,zscale_mean,B_cell,0.07241831393182206,0.02414933403603808,0.16041333333333335,0.20868231322911732,0.23283164726515543,9039.5,0
LUAD,cellnorm,common,zscale_mean,Endothelial,-0.03262757194710874,-0.03155807762433004,0.16918,0.16811050567722133,0.13655242805289128,7665.0,0
LUAD,cellnorm,common,zscale_mean,Epithelial,-0.030951029832756684,-0.04648524163230942,0.16791333333333333,0.18344754513288605,0.13696230350057667,8769.5,0
LUAD,cellnorm,common,zscale_mean,Fibroblast,-0.1742,-0.10547180381912914,0.1742,0.10547180381912914,0.0,3007.5,0
LUAD,cellnorm,common,zscale_mean,Macrophage,0.012059506577098493,0.03445788659712821,0.16065333333333331,0.13825495331330362,0.17271283991043182,6523.0,0
LUAD,cellnorm,common,zscale_mean,T_NK,0.15330078127094485,0.1249079024426023,0.16764,0.19603287882834255,0.3209407812709449,10606.0,1
LUAD,cellnorm,own,cpm_mean,B_cell,-0.004498501723186633,-0.05276748161897061,0.16041333333333335,0.20868231322911732,0.1559148316101467,9039.5,0
LUAD,cellnorm,own,cpm_mean,Endothelial,0.0009613828624548959,0.002030877185233587,0.16918,0.16811050567722133,0.1701413828624549,7665.0,0
LUAD,cellnorm,own,cpm_mean,Epithelial,0.00015226889323910407,-0.015381942906313633,0.16791333333333333,0.18344754513288605,0.16806560222657244,8769.5,0
LUAD,cellnorm,own,cpm_mean,Fibroblast,0.00012906493301252707,0.06885726111388339,0.1742,0.10547180381912914,0.17432906493301253,3007.5,0
LUAD,cellnorm,own,cpm_mean,Macrophage,-0.0011616695877633026,0.021236710432266413,0.16065333333333331,0.13825495331330362,0.15949166374557003,6523.0,0
LUAD,cellnorm,own,cpm_mean,T_NK,0.004417454622243407,-0.023975424206099147,0.16764,0.19603287882834255,0.1720574546222434,10606.0,1
LUAD,cellnorm,own,depth_matched,B_cell,-0.02609510399103876,-0.07436408388682274,0.16041333333333335,0.20868231322911732,0.13431822934229457,9039.5,0
LUAD,cellnorm,own,depth_matched,Endothelial,-0.000932532350005811,0.00013696197277288046,0.16918,0.16811050567722133,0.16824746764999418,7665.0,0
LUAD,cellnorm,own,depth_matched,Epithelial,-0.005059639703445089,-0.020593851502997824,0.16791333333333333,0.18344754513288605,0.16285369362988825,8769.5,0
LUAD,cellnorm,own,depth_matched,Fibroblast,0.0584314334478436,0.12715962962871447,0.1742,0.10547180381912914,0.2326314334478436,3007.5,0
LUAD,cellnorm,own,depth_matched,Macrophage,-0.008167502581132977,0.014230877438896738,0.16065333333333331,0.13825495331330362,0.15248583075220035,6523.0,0
LUAD,cellnorm,own,depth_matched,T_NK,-0.018176654822220972,-0.04656953365056353,0.16764,0.19603287882834255,0.149463345177779,10606.0,1
LUAD,cellnorm,own,lognorm_mean,B_cell,-0.05648020515035813,-0.10474918504614211,0.16041333333333335,0.20868231322911732,0.1039331281829752,9039.5,0
LUAD,cellnorm,own,lognorm_mean,Endothelial,-0.016702316518037805,-0.015632822195259112,0.16918,0.16811050567722133,0.1524776834819622,7665.0,0
LUAD,cellnorm,own,lognorm_mean,Epithelial,-0.03824181249436562,-0.053776024293918354,0.16791333333333333,0.18344754513288605,0.1296715208389677,8769.5,0
LUAD,cellnorm,own,lognorm_mean,Fibroblast,0.1671117639438403,0.23583996012471117,0.1742,0.10547180381912914,0.3413117639438403,3007.5,0
LUAD,cellnorm,own,lognorm_mean,Macrophage,-0.008095737480244138,0.014302642539785575,0.16065333333333331,0.13825495331330362,0.1525575958530892,6523.0,0
LUAD,cellnorm,own,lognorm_mean,T_NK,-0.047591692300834605,-0.07598457112917716,0.16764,0.19603287882834255,0.1200483076991654,10606.0,1
LUAD,cellnorm,own,lognorm_mean_expm1,B_cell,-0.019808699397699834,-0.06807767929348381,0.16041333333333335,0.20868231322911732,0.1406046339356335,9039.5,0
LUAD,cellnorm,own,lognorm_mean_expm1,Endothelial,-0.04796122867711086,-0.046891734354332165,0.16918,0.16811050567722133,0.12121877132288914,7665.0,0
LUAD,cellnorm,own,lognorm_mean_expm1,Epithelial,0.015142117970878421,-0.00039209382867431427,0.16791333333333333,0.18344754513288605,0.18305545130421175,8769.5,0
LUAD,cellnorm,own,lognorm_mean_expm1,Fibroblast,0.06175926008019447,0.13048745626106534,0.1742,0.10547180381912914,0.23595926008019447,3007.5,0
LUAD,cellnorm,own,lognorm_mean_expm1,Macrophage,0.041358737857264204,0.0637571178772939,0.16065333333333331,0.13825495331330362,0.20201207119059753,6523.0,0
LUAD,cellnorm,own,lognorm_mean_expm1,T_NK,-0.0504901878335264,-0.07888306666186896,0.16764,0.19603287882834255,0.11714981216647359,10606.0,1
LUAD,cellnorm,own,pseudobulk_cpm,B_cell,-0.019007198485082862,-0.06727617838086684,0.16041333333333335,0.20868231322911732,0.1414061348482505,9039.5,0
LUAD,cellnorm,own,pseudobulk_cpm,Endothelial,0.011351809965417079,0.01242130428819577,0.16918,0.16811050567722133,0.18053180996541707,7665.0,0
LUAD,cellnorm,own,pseudobulk_cpm,Epithelial,-0.02718950784139701,-0.042723719640949745,0.16791333333333333,0.18344754513288605,0.14072382549193632,8769.5,0
LUAD,cellnorm,own,pseudobulk_cpm,Fibroblast,0.056405382160959514,0.12513357834183036,0.1742,0.10547180381912914,0.2306053821609595,3007.5,0
LUAD,cellnorm,own,pseudobulk_cpm,Macrophage,0.03635866204003992,0.05875704206006964,0.16065333333333331,0.13825495331330362,0.19701199537337327,6523.0,0
LUAD,cellnorm,own,pseudobulk_cpm,T_NK,-0.05791914783993666,-0.08631202666827921,0.16764,0.19603287882834255,0.10972085216006335,10606.0,1
LUAD,cellnorm,own,raw_mean,B_cell,-0.06595497836899486,-0.11422395826477884,0.16041333333333335,0.20868231322911732,0.09445835496433846,9039.5,0
LUAD,cellnorm,own,raw_mean,Endothelial,-0.010372876345921135,-0.009303382023142442,0.16918,0.16811050567722133,0.15880712365407887,7665.0,0
LUAD,cellnorm,own,raw_mean,Epithelial,-0.056424215108398824,-0.07195842690795155,0.16791333333333333,0.18344754513288605,0.1114891182249345,8769.5,0
LUAD,cellnorm,own,raw_mean,Fibroblast,0.17707105983404625,0.24579925601491714,0.1742,0.10547180381912914,0.3512710598340463,3007.5,0
LUAD,cellnorm,own,raw_mean,Macrophage,0.04198158812388636,0.06437996814391607,0.16065333333333331,0.13825495331330362,0.2026349214572197,6523.0,0
LUAD,cellnorm,own,raw_mean,T_NK,-0.0863005781346178,-0.11469345696296036,0.16764,0.19603287882834255,0.08133942186538219,10606.0,1
LUAD,cellnorm,own,zscale_mean,B_cell,0.07486029478188329,0.02659131488609932,0.16041333333333335,0.20868231322911732,0.23527362811521665,9039.5,0
LUAD,cellnorm,own,zscale_mean,Endothelial,0.014364236821898408,0.0154337311446771,0.16918,0.16811050567722133,0.1835442368218984,7665.0,0
LUAD,cellnorm,own,zscale_mean,Epithelial,-0.052749878908168624,-0.06828409070772136,0.16791333333333333,0.18344754513288605,0.1151634544251647,8769.5,0
LUAD,cellnorm,own,zscale_mean,Fibroblast,-0.1742,-0.10547180381912914,0.1742,0.10547180381912914,0.0,3007.5,0
LUAD,cellnorm,own,zscale_mean,Macrophage,0.005019823118016723,0.027418203138046437,0.16065333333333331,0.13825495331330362,0.16567315645135006,6523.0,0
LUAD,cellnorm,own,zscale_mean,T_NK,0.1327055241863702,0.10431264535802763,0.16764,0.19603287882834255,0.30034552418637017,10606.0,1
LUAD,rawsum,common,cpm_mean,B_cell,0.0946227490972041,0.04635376920142011,0.16041333333333335,0.20868231322911732,0.25503608243053744,9039.5,0
LUAD,rawsum,common,cpm_mean,Endothelial,0.0009033657905412137,0.0019728601133199046,0.16918,0.16811050567722133,0.1700833657905412,7665.0,0
LUAD,rawsum,common,cpm_mean,Epithelial,-0.002048692588187189,-0.017582904387739927,0.16791333333333333,0.18344754513288605,0.16586464074514615,8769.5,0
LUAD,rawsum,common,cpm_mean,Fibroblast,-0.16487628938355786,-0.096148093202687,0.1742,0.10547180381912914,0.009323710616442145,3007.5,0
LUAD,rawsum,common,cpm_mean,Macrophage,-0.06935083525964626,-0.04695245523961655,0.16065333333333331,0.13825495331330362,0.09130249807368707,6523.0,0
LUAD,rawsum,common,cpm_mean,T_NK,0.140749702343646,0.11235682351530346,0.16764,0.19603287882834255,0.308389702343646,10606.0,1
LUAD,rawsum,common,depth_matched,B_cell,0.08213439236828651,0.03386541247250253,0.16041333333333335,0.20868231322911732,0.24254772570161984,9039.5,0
LUAD,rawsum,common,depth_matched,Endothelial,0.00276027022763206,0.0038297645504107515,0.16918,0.16811050567722133,0.17194027022763206,7665.0,0
LUAD,rawsum,common,depth_matched,Epithelial,0.0053880531841679034,-0.010146158615384832,0.16791333333333333,0.18344754513288605,0.17330138651750124,8769.5,0
LUAD,rawsum,common,depth_matched,Fibroblast,-0.15106979279791768,-0.08234159661704682,0.1742,0.10547180381912914,0.02313020720208232,3007.5,0
LUAD,rawsum,common,depth_matched,Macrophage,-0.06663596704373437,-0.044237587023704644,0.16065333333333331,0.13825495331330362,0.09401736628959896,6523.0,0
LUAD,rawsum,common,depth_matched,T_NK,0.12742304406156557,0.099030165233223,0.16764,0.19603287882834255,0.2950630440615655,10606.0,1
LUAD,rawsum,common,lognorm_mean,B_cell,0.03400378130329104,-0.014265198592492938,0.16041333333333335,0.20868231322911732,0.1944171146366244,9039.5,0
LUAD,rawsum,common,lognorm_mean,Endothelial,-0.024252016032224342,-0.02318252170944565,0.16918,0.16811050567722133,0.14492798396777565,7665.0,0
LUAD,rawsum,common,lognorm_mean,Epithelial,-0.05822915015985026,-0.073763361959403,0.16791333333333333,0.18344754513288605,0.10968418317348307,8769.5,0
LUAD,rawsum,common,lognorm_mean,Fibroblast,-0.01446895211745035,0.05425924406342052,0.1742,0.10547180381912914,0.15973104788254966,3007.5,0
LUAD,rawsum,common,lognorm_mean,Macrophage,-0.0828500762526736,-0.06045169623264389,0.16065333333333331,0.13825495331330362,0.07780325708065972,6523.0,0
LUAD,rawsum,common,lognorm_mean,T_NK,0.1457964132589075,0.11740353443056496,0.16764,0.19603287882834255,0.31343641325890753,10606.0,1
LUAD,rawsum,common,lognorm_mean_expm1,B_cell,0.08152513924019421,0.03325615934441023,0.16041333333333335,0.20868231322911732,0.24193847257352752,9039.5,0
LUAD,rawsum,common,lognorm_mean_expm1,Endothelial,-0.038758329426481976,-0.037688835103703286,0.16918,0.16811050567722133,0.13042167057351803,7665.0,0
LUAD,rawsum,common,lognorm_mean_expm1,Epithelial,0.04526076049224762,0.029726548692694886,0.16791333333333333,0.18344754513288605,0.21317409382558095,8769.5,0
LUAD,rawsum,common,lognorm_mean_expm1,Fibroblast,-0.14645132699837207,-0.07772313081750121,0.1742,0.10547180381912914,0.02774867300162792,3007.5,0
LUAD,rawsum,common,lognorm_mean_expm1,Macrophage,-0.011211491676616519,0.011186888343413196,0.16065333333333331,0.13825495331330362,0.1494418416567168,6523.0,0
LUAD,rawsum,common,lognorm_mean_expm1,T_NK,0.06963524836902873,0.041242369540686184,0.16764,0.19603287882834255,0.23727524836902872,10606.0,1
LUAD,rawsum,common,pseudobulk_cpm,B_cell,0.03855990836777687,-0.009709071528007113,0.16041333333333335,0.20868231322911732,0.1989732417011102,9039.5,0
LUAD,rawsum,common,pseudobulk_cpm,Endothelial,-0.002666988028048984,-0.0015974937052702922,0.16918,0.16811050567722133,0.166513011971951,7665.0,0
LUAD,rawsum,common,pseudobulk_cpm,Epithelial,0.02792962577403557,0.012395413974482834,0.16791333333333333,0.18344754513288605,0.1958429591073689,8769.5,0
LUAD,rawsum,common,pseudobulk_cpm,Fibroblast,-0.06264837558448459,0.006079820596386277,0.1742,0.10547180381912914,0.11155162441551542,3007.5,0
LUAD,rawsum,common,pseudobulk_cpm,Macrophage,-0.02602091835797096,-0.0036225383379412434,0.16065333333333331,0.13825495331330362,0.13463241497536238,6523.0,0
LUAD,rawsum,common,pseudobulk_cpm,T_NK,0.024846747828692086,-0.0035461309996504676,0.16764,0.19603287882834255,0.1924867478286921,10606.0,1
LUAD,rawsum,common,raw_mean,B_cell,-0.011320134746486969,-0.05958911464227095,0.16041333333333335,0.20868231322911732,0.1490931985868464,9039.5,0
LUAD,rawsum,common,raw_mean,Endothelial,-0.0007615842939904543,0.00030791002878823725,0.16918,0.16811050567722133,0.16841841570600954,7665.0,0
LUAD,rawsum,common,raw_mean,Epithelial,0.010812952493888606,-0.0047212593056641305,0.16791333333333333,0.18344754513288605,0.17872628582722194,8769.5,0
LUAD,rawsum,common,raw_mean,Fibroblast,0.016265198678143942,0.08499339485901482,0.1742,0.10547180381912914,0.19046519867814393,3007.5,0
LUAD,rawsum,common,raw_mean,Macrophage,-0.01006822084073311,0.012330159179296602,0.16065333333333331,0.13825495331330362,0.1505851124926002,6523.0,0
LUAD,rawsum,common,raw_mean,T_NK,-0.004928211290822016,-0.03332109011916457,0.16764,0.19603287882834255,0.162711788709178,10606.0,1
LUAD,rawsum,common,zscale_mean,B_cell,0.07621529928329915,0.027946319387515163,0.16041333333333335,0.20868231322911732,0.23662863261663247,9039.5,0
LUAD,rawsum,common,zscale_mean,Endothelial,-0.03243335621503643,-0.03136386189225775,0.16918,0.16811050567722133,0.13674664378496357,7665.0,0
LUAD,rawsum,common,zscale_mean,Epithelial,-0.03137276759117017,-0.04690697939072291,0.16791333333333333,0.18344754513288605,0.13654056574216317,8769.5,0
LUAD,rawsum,common,zscale_mean,Fibroblast,-0.1742,-0.10547180381912914,0.1742,0.10547180381912914,0.0,3007.5,0
LUAD,rawsum,common,zscale_mean,Macrophage,0.0007836550727011952,0.02318203509273091,0.16065333333333331,0.13825495331330362,0.16143698840603454,6523.0,0
LUAD,rawsum,common,zscale_mean,T_NK,0.16100716945020627,0.1326142906218637,0.16764,0.19603287882834255,0.3286471694502063,10606.0,1
LUAD,rawsum,own,cpm_mean,B_cell,0.0946227490972041,0.04635376920142011,0.16041333333333335,0.20868231322911732,0.25503608243053744,9039.5,0
LUAD,rawsum,own,cpm_mean,Endothelial,0.0009033657905412137,0.0019728601133199046,0.16918,0.16811050567722133,0.1700833657905412,7665.0,0
LUAD,rawsum,own,cpm_mean,Epithelial,-0.002048692588187189,-0.017582904387739927,0.16791333333333333,0.18344754513288605,0.16586464074514615,8769.5,0
LUAD,rawsum,own,cpm_mean,Fibroblast,-0.16487628938355786,-0.096148093202687,0.1742,0.10547180381912914,0.009323710616442145,3007.5,0
LUAD,rawsum,own,cpm_mean,Macrophage,-0.06935083525964626,-0.04695245523961655,0.16065333333333331,0.13825495331330362,0.09130249807368707,6523.0,0
LUAD,rawsum,own,cpm_mean,T_NK,0.140749702343646,0.11235682351530346,0.16764,0.19603287882834255,0.308389702343646,10606.0,1
LUAD,rawsum,own,depth_matched,B_cell,0.07626386263070324,0.027994882734919263,0.16041333333333335,0.20868231322911732,0.23667719596403658,9039.5,0
LUAD,rawsum,own,depth_matched,Endothelial,0.0037359895580958203,0.004805483880874512,0.16918,0.16811050567722133,0.17291598955809584,7665.0,0
LUAD,rawsum,own,depth_matched,Epithelial,0.007652869047281247,-0.00788134275227149,0.16791333333333333,0.18344754513288605,0.17556620238061457,8769.5,0
LUAD,rawsum,own,depth_matched,Fibroblast,-0.14054090485579754,-0.07181270867492667,0.1742,0.10547180381912914,0.03365909514420246,3007.5,0
LUAD,rawsum,own,depth_matched,Macrophage,-0.06432778525800795,-0.04192940523797823,0.16065333333333331,0.13825495331330362,0.0963255480753254,6523.0,0
LUAD,rawsum,own,depth_matched,T_NK,0.11721596887772517,0.08882309004938262,0.16764,0.19603287882834255,0.2848559688777252,10606.0,1
LUAD,rawsum,own,lognorm_mean,B_cell,0.02974037968332037,-0.018528600212463612,0.16041333333333335,0.20868231322911732,0.1901537130166537,9039.5,0
LUAD,rawsum,own,lognorm_mean,Endothelial,-0.006281722828448357,-0.005212228505669664,0.16918,0.16811050567722133,0.16289827717155164,7665.0,0
LUAD,rawsum,own,lognorm_mean,Epithelial,-0.0133342130933759,-0.028868424892928637,0.16791333333333333,0.18344754513288605,0.15457912023995743,8769.5,0
LUAD,rawsum,own,lognorm_mean,Fibroblast,-0.025543943875753587,0.04318425230511728,0.1742,0.10547180381912914,0.14865605612424643,3007.5,0
LUAD,rawsum,own,lognorm_mean,Macrophage,-0.05757562476541338,-0.03517724474538367,0.16065333333333331,0.13825495331330362,0.10307770856791995,6523.0,0
LUAD,rawsum,own,lognorm_mean,T_NK,0.07299512487967086,0.0446022460513283,0.16764,0.19603287882834255,0.24063512487967084,10606.0,1
LUAD,rawsum,own,lognorm_mean_expm1,B_cell,0.06888144443471568,0.020612464538931695,0.16041333333333335,0.20868231322911732,0.22929477776804902,9039.5,0
LUAD,rawsum,own,lognorm_mean_expm1,Endothelial,-0.04161133664925587,-0.04054184232647717,0.16918,0.16811050567722133,0.12756866335074413,7665.0,0
LUAD,rawsum,own,lognorm_mean_expm1,Epithelial,0.04608998756546097,0.030555775765908236,0.16791333333333333,0.18344754513288605,0.2140033208987943,8769.5,0
LUAD,rawsum,own,lognorm_mean_expm1,Fibroblast,-0.11411356697588017,-0.04538537079500931,0.1742,0.10547180381912914,0.060086433024119826,3007.5,0
LUAD,rawsum,own,lognorm_mean_expm1,Macrophage,-0.003014430929184561,0.019383949090845152,0.16065333333333331,0.13825495331330362,0.15763890240414877,6523.0,0
LUAD,rawsum,own,lognorm_mean_expm1,T_NK,0.04376790255414396,0.015375023725801403,0.16764,0.19603287882834255,0.21140790255414396,10606.0,1
LUAD,rawsum,own,pseudobulk_cpm,B_cell,0.03965246523684114,-0.008616514658942838,0.16041333333333335,0.20868231322911732,0.20006579857017448,9039.5,0
LUAD,rawsum,own,pseudobulk_cpm,Endothelial,-0.0033118289514192335,-0.002242334628640542,0.16918,0.16811050567722133,0.1658681710485808,7665.0,0
LUAD,rawsum,own,pseudobulk_cpm,Epithelial,0.030430295126430616,0.01489608332687788,0.16791333333333333,0.18344754513288605,0.19834362845976397,8769.5,0
LUAD,rawsum,own,pseudobulk_cpm,Fibroblast,-0.06923160402096219,-0.0005034078400913376,0.1742,0.10547180381912914,0.10496839597903779,3007.5,0
LUAD,rawsum,own,pseudobulk_cpm,Macrophage,-0.02429370516524284,-0.0018953251452131245,0.16065333333333331,0.13825495331330362,0.1363596281680905,6523.0,0
LUAD,rawsum,own,pseudobulk_cpm,T_NK,0.026754377774352515,-0.0016385010539900415,0.16764,0.19603287882834255,0.19439437777435253,10606.0,1
LUAD,rawsum,own,raw_mean,B_cell,-0.011046592868290937,-0.059315572764074925,0.16041333333333335,0.20868231322911732,0.1493667404650424,9039.5,0
LUAD,rawsum,own,raw_mean,Endothelial,0.00032101263113434755,0.0013905069539130392,0.16918,0.16811050567722133,0.16950101263113435,7665.0,0
LUAD,rawsum,own,raw_mean,Epithelial,0.015309935849577056,-0.00022427594997568085,0.16791333333333333,0.18344754513288605,0.1832232691829104,8769.5,0
LUAD,rawsum,own,raw_mean,Fibroblast,0.0030325504698557374,0.07176074665072661,0.1742,0.10547180381912914,0.17723255046985573,3007.5,0
LUAD,rawsum,own,raw_mean,Macrophage,-0.00484395832494766,0.017554421695082055,0.16065333333333331,0.13825495331330362,0.15580937500838568,6523.0,0
LUAD,rawsum,own,raw_mean,T_NK,-0.0027729477573285467,-0.0311658265856711,0.16764,0.19603287882834255,0.16486705224267145,10606.0,1
LUAD,rawsum,own,zscale_mean,B_cell,0.07862379732206451,0.030354817426280527,0.16041333333333335,0.20868231322911732,0.23903713065539786,9039.5,0
LUAD,rawsum,own,zscale_mean,Endothelial,0.013521000816529133,0.014590495139307824,0.16918,0.16811050567722133,0.18270100081652912,7665.0,0
LUAD,rawsum,own,zscale_mean,Epithelial,-0.05178178301219592,-0.06731599481174866,0.16791333333333333,0.18344754513288605,0.11613155032113741,8769.5,0
LUAD,rawsum,own,zscale_mean,Fibroblast,-0.1742,-0.10547180381912914,0.1742,0.10547180381912914,0.0,3007.5,0
LUAD,rawsum,own,zscale_mean,Macrophage,-0.0027170114037111857,0.01968136861631853,0.16065333333333331,0.13825495331330362,0.15793632192962215,6523.0,0
LUAD,rawsum,own,zscale_mean,T_NK,0.13655399627731346,0.1081611174489709,0.16764,0.19603287882834255,0.30419399627731347,10606.0,1
