cohort,mixture_variant,geneset,method,truth,rmse_mean,rmse_sd,r_mean,r_sd,bias_deepest_mean,bias_deepest_sd,deepest_type,n_genes_mean,n_degenerate
COAD,cellnorm,common,cpm_mean,cellfrac,0.06449891636597126,0.0035991172538058,0.8443696867964107,0.016641803271139812,0.03836645777455732,0.031024509733903097,Mast,1600.0,0
COAD,cellnorm,common,cpm_mean,fragfrac,0.14657851134038882,0.01124388269086373,0.5744705062033402,0.05954321234385036,-0.24877342733598917,0.032850564321569645,Mast,1600.0,0
COAD,cellnorm,common,depth_matched,cellfrac,0.06530093086307563,0.005185237704180131,0.8462992134436075,0.020643107866841648,0.0065885471971974564,0.024893938363296814,Mast,1600.0,0
COAD,cellnorm,common,depth_matched,fragfrac,0.15996146086353244,0.010101028066602374,0.483200986288608,0.0354751474949526,-0.28055133791334896,0.031169465663400318,Mast,1600.0,0
COAD,cellnorm,common,lognorm_mean,cellfrac,0.10179698085463162,0.00475934720244767,0.7354700309567584,0.025529245673895754,-0.10100049341409563,0.01209776373489275,Mast,1600.0,0
COAD,cellnorm,common,lognorm_mean,fragfrac,0.22280851658914513,0.00767706739556488,0.08720471672001869,0.006482552757854851,-0.38814037852464206,0.02267247173218903,Mast,1600.0,0
COAD,cellnorm,common,lognorm_mean_expm1,cellfrac,0.09885839569202652,0.002864974167337956,0.7142102427845879,0.011505844031660124,-0.08746017032373526,0.007912146778839205,Mast,1600.0,0
COAD,cellnorm,common,lognorm_mean_expm1,fragfrac,0.21575579496213346,0.0051367189223073114,0.09688548910146551,0.01822911475328467,-0.3746000554342817,0.0184137143594178,Mast,1600.0,0
COAD,cellnorm,common,pseudobulk_cpm,cellfrac,0.11343681918092034,0.0039797004579854075,0.7069849794736633,0.008645362968666108,-0.10313019336938965,0.01288929603396379,Mast,1600.0,0
COAD,cellnorm,common,pseudobulk_cpm,fragfrac,0.21523797154107605,0.006115110501388484,0.1953734758603846,0.030117482064439708,-0.39027007847993617,0.0236351502531251,Mast,1600.0,0
COAD,cellnorm,common,raw_mean,cellfrac,0.16365174030112206,0.00552864722908965,0.5017481024348637,0.04292601669183624,-0.12967432129698317,0.020220180494479295,Mast,1600.0,0
COAD,cellnorm,common,raw_mean,fragfrac,0.2775961076757711,0.01138216990040339,-0.14765432610990412,0.04304469086119605,-0.4168142064075297,0.02945539484548026,Mast,1600.0,0
COAD,cellnorm,common,zscale_mean,cellfrac,0.14406854803279434,0.00861310606383811,0.49825177107093044,0.06319548994948931,0.18016763738868433,0.019073340679393536,Mast,1600.0,0
COAD,cellnorm,common,zscale_mean,fragfrac,0.15768653197188456,0.008692592176136377,0.5754996495200669,0.025409178833302827,-0.1069722477218622,0.02707473975493569,Mast,1600.0,0
COAD,cellnorm,own,cpm_mean,cellfrac,0.06449891636597126,0.0035991172538058,0.8443696867964107,0.016641803271139812,0.03836645777455732,0.031024509733903097,Mast,1600.0,0
COAD,cellnorm,own,cpm_mean,fragfrac,0.14657851134038882,0.01124388269086373,0.5744705062033402,0.05954321234385036,-0.24877342733598917,0.032850564321569645,Mast,1600.0,0
COAD,cellnorm,own,depth_matched,cellfrac,0.07507193327759454,0.005986007298710665,0.8030383601980319,0.016693424050050525,0.033927362454289754,0.02479235233967139,Mast,1600.0,0
COAD,cellnorm,own,depth_matched,fragfrac,0.15542805479091948,0.009164518102081014,0.5216287887661493,0.042687734247395415,-0.25321252265625666,0.024541550799073223,Mast,1600.0,0
COAD,cellnorm,own,lognorm_mean,cellfrac,0.10278471895056712,0.006343590551052079,0.7315887175614811,0.02684895455839843,-0.09241414170291297,0.010481798741765153,Mast,1600.0,0
COAD,cellnorm,own,lognorm_mean,fragfrac,0.2247072781959173,0.009562307455723406,0.07337258769086098,0.008297255111707584,-0.37955402681345946,0.0204671474522519,Mast,1600.0,0
COAD,cellnorm,own,lognorm_mean_expm1,cellfrac,0.09673546197253126,0.003974524902575273,0.7261765819293391,0.01078815651651171,-0.07954217169899436,0.005702458562982868,Mast,1600.0,0
COAD,cellnorm,own,lognorm_mean_expm1,fragfrac,0.21585274802609766,0.0075086216931617095,0.09211917694283987,0.029277945320804542,-0.36668205680954086,0.012052820421523832,Mast,1600.0,0
COAD,cellnorm,own,pseudobulk_cpm,cellfrac,0.11608016798474093,0.00578103943126498,0.6950470584977859,0.016708296185835234,-0.046023779102508024,0.00705885354866881,Mast,1600.0,0
COAD,cellnorm,own,pseudobulk_cpm,fragfrac,0.21634795479114668,0.0005374124565742211,0.19182615876510042,0.026177680486286638,-0.3331636642130545,0.0040539558209853055,Mast,1600.0,0
COAD,cellnorm,own,raw_mean,cellfrac,0.1829233688392264,0.0065322760388653615,0.43832167921173704,0.04289659782291824,-0.1268617147063016,0.0192184802066972,Mast,1543.0,0
COAD,cellnorm,own,raw_mean,fragfrac,0.29315631846206847,0.01043044246639362,-0.18680639923626483,0.023343563243963944,-0.4140015998168481,0.028194652089265644,Mast,1543.0,0
COAD,cellnorm,own,zscale_mean,cellfrac,0.19074876755007986,0.007401125806393192,0.15969798869752186,0.06140243283587872,0.20340566014629846,0.021026036514886624,Mast,1313.6666666666667,0
COAD,cellnorm,own,zscale_mean,fragfrac,0.1682987846984654,0.0049430461940603776,0.5423762095433992,0.025010271513362128,-0.08373422496424794,0.02361547754934443,Mast,1313.6666666666667,0
COAD,rawsum,common,cpm_mean,cellfrac,0.1652736250015201,0.015187700581762734,0.20417914093258935,0.04807890669258562,0.22387922490005938,0.11300924435036142,Mast,1600.0,0
COAD,rawsum,common,cpm_mean,fragfrac,0.15010209753781986,0.02643557622115219,0.5843483698673219,0.11879153437489776,-0.06326066021048705,0.11845911008534504,Mast,1600.0,0
COAD,rawsum,common,depth_matched,cellfrac,0.15805472031102133,0.01185499776554753,0.22397925538655597,0.0417236453658502,0.17397242712252803,0.08770093239836206,Mast,1600.0,0
COAD,rawsum,common,depth_matched,fragfrac,0.15534331956560762,0.02716049508638712,0.5424865225513411,0.11909131163796534,-0.11316745798801849,0.09336093003043854,Mast,1600.0,0
COAD,rawsum,common,lognorm_mean,cellfrac,0.1432638990172563,0.028743585823133806,0.38946783714548266,0.13072329268029081,0.08013072315548601,0.036822844172303526,Mast,1600.0,0
COAD,rawsum,common,lognorm_mean,fragfrac,0.16672816385305178,0.03887615976274214,0.4827361979073846,0.18883292884190725,-0.2070091619550605,0.04758333094266693,Mast,1600.0,0
COAD,rawsum,common,lognorm_mean_expm1,cellfrac,0.15710950375800528,0.018183680570140442,0.30352190585774,0.07526471410387323,0.06353053723637533,0.03642032892068852,Mast,1600.0,0
COAD,rawsum,common,lognorm_mean_expm1,fragfrac,0.18548544756082527,0.025894530043891546,0.37072256448829677,0.09755359565602924,-0.2236093478741711,0.04463426987808893,Mast,1600.0,0
COAD,rawsum,common,pseudobulk_cpm,cellfrac,0.1501007760283267,0.002834287397678446,0.5133055627650176,0.027880814684484875,0.2660009697584516,0.024827972236321875,Mast,1600.0,0
COAD,rawsum,common,pseudobulk_cpm,fragfrac,0.050041238377045986,0.0024751756876833534,0.9592693989422275,0.00848213735470323,-0.02113891535209488,0.015029368264847512,Mast,1600.0,0
COAD,rawsum,common,raw_mean,cellfrac,0.08755376006112371,0.012379575165244384,0.7222715631722797,0.06397589680266014,-0.012723890248952893,0.006640462205366674,Mast,1600.0,0
COAD,rawsum,common,raw_mean,fragfrac,0.17034452711484435,0.01310653289201656,0.40553199010079993,0.04823972114389964,-0.2998637753594993,0.012745101232129082,Mast,1600.0,0
COAD,rawsum,common,zscale_mean,cellfrac,0.16464632675227542,0.005304514297792988,0.34545773183246936,0.04856080973266471,0.30485217249493324,0.03596248344545922,Mast,1600.0,0
COAD,rawsum,common,zscale_mean,fragfrac,0.09778273914420461,0.007561659973348842,0.8409418329405552,0.025246866837252264,0.017712287384386804,0.03739995830131215,Mast,1600.0,0
COAD,rawsum,own,cpm_mean,cellfrac,0.1652736250015201,0.015187700581762734,0.20417914093258935,0.04807890669258562,0.22387922490005938,0.11300924435036142,Mast,1600.0,0
COAD,rawsum,own,cpm_mean,fragfrac,0.15010209753781986,0.02643557622115219,0.5843483698673219,0.11879153437489776,-0.06326066021048705,0.11845911008534504,Mast,1600.0,0
COAD,rawsum,own,depth_matched,cellfrac,0.13121355077452793,0.003720134456743028,0.3016862512456017,0.019335923021496164,0.11625998966382305,0.0487389724539082,Mast,1600.0,0
COAD,rawsum,own,depth_matched,fragfrac,0.146634768134884,0.013301390669086064,0.569627703528912,0.07952641358074025,-0.17087989544672336,0.05265302315139614,Mast,1600.0,0
COAD,rawsum,own,lognorm_mean,cellfrac,0.15161000516381143,0.006570464937139473,0.34453869166259415,0.02707804667545217,0.040680459805314706,0.01135515749952664,Mast,1600.0,0
COAD,rawsum,own,lognorm_mean,fragfrac,0.18684328972620098,0.006179540360614093,0.3547418176533565,0.06962046807388612,-0.2464594253052318,0.0015464024235458832,Mast,1600.0,0
COAD,rawsum,own,lognorm_mean_expm1,cellfrac,0.17002114378600897,0.008514395305234903,0.2643956470767427,0.03544299582585304,0.034266681891019994,0.0030497358302305575,Mast,1600.0,0
COAD,rawsum,own,lognorm_mean_expm1,fragfrac,0.20529475935696773,0.007069207712407102,0.2710629791677824,0.049573723117744155,-0.2528732032195265,0.008689853537664929,Mast,1600.0,0
COAD,rawsum,own,pseudobulk_cpm,cellfrac,0.1569460623530706,0.0047498850657898845,0.500207559507394,0.03228040895735427,0.30175011965460213,0.0289346153779164,Mast,1600.0,0
COAD,rawsum,own,pseudobulk_cpm,fragfrac,0.04126083284982811,0.0011610211060450368,0.9733755831243128,0.0014783396650655,0.014610234544055604,0.019121941725721715,Mast,1600.0,0
COAD,rawsum,own,raw_mean,cellfrac,0.07580067902835481,0.005726259080341045,0.7857107584911538,0.03284807828019467,-0.006362453717934156,0.016784032165183992,Mast,1543.0,0
COAD,rawsum,own,raw_mean,fragfrac,0.16442679454657225,0.010787331077788474,0.4441992828630137,0.05690366832184786,-0.2935023388284806,0.016236405900564937,Mast,1543.0,0
COAD,rawsum,own,zscale_mean,cellfrac,0.22754089267282518,0.005309421512169936,0.060346283484338355,0.05371152176075683,0.2129508908135013,0.03368676364051397,Mast,1313.6666666666667,0
COAD,rawsum,own,zscale_mean,fragfrac,0.195590467201015,0.00655916840383437,0.4867403188065851,0.018777593505576003,-0.07418899429704517,0.037213818229909795,Mast,1313.6666666666667,0
HCC,cellnorm,common,cpm_mean,cellfrac,0.04156257522831909,0.01460125928645672,0.9527942626509294,0.028184975062420826,-0.008426793524226027,0.006566147261991629,Endothelial_stromal,1200.0,0
HCC,cellnorm,common,cpm_mean,fragfrac,0.0799240869255012,0.015305214054172156,0.8458539463030322,0.0559008332893599,-0.09494536268281745,0.01566182970066071,Endothelial_stromal,1200.0,0
HCC,cellnorm,common,depth_matched,cellfrac,0.03458057956436339,0.007792109816064206,0.9694743420049177,0.012079034043717943,-0.013617247161218496,0.00880732181514534,Endothelial_stromal,1200.0,0
HCC,cellnorm,common,depth_matched,fragfrac,0.0764281225268596,0.008720345445006208,0.8618882420490935,0.031166039674585956,-0.10013581631980988,0.0180403372482245,Endothelial_stromal,1200.0,0
HCC,cellnorm,common,lognorm_mean,cellfrac,0.03968855260455378,0.0028671265438251817,0.9619398091603001,0.005136465077599941,-0.013002368354072464,0.006334409827440178,Endothelial_stromal,1200.0,0
HCC,cellnorm,common,lognorm_mean,fragfrac,0.06994200738847987,0.007203720776228032,0.8883542079513495,0.024614611211824414,-0.09952093751266385,0.016514903061445534,Endothelial_stromal,1200.0,0
HCC,cellnorm,common,lognorm_mean_expm1,cellfrac,0.03331027607340612,0.005778602841046041,0.9719382232260397,0.008499370988265968,-0.015461331804394659,0.006317951136158332,Endothelial_stromal,1200.0,0
HCC,cellnorm,common,lognorm_mean_expm1,fragfrac,0.07425961564077832,0.00694013112830394,0.8706241619233993,0.024591802591625214,-0.10197990096298605,0.016548724745125806,Endothelial_stromal,1200.0,0
HCC,cellnorm,common,pseudobulk_cpm,cellfrac,0.036055958162021,0.005148120528271061,0.9686477261442388,0.006752430373991519,-0.009115821713595589,0.0038698215802515424,Endothelial_stromal,1200.0,0
HCC,cellnorm,common,pseudobulk_cpm,fragfrac,0.0667396461799903,0.0027188605565873977,0.8991429882701647,0.009988069580785689,-0.09563439087218696,0.013547209732373847,Endothelial_stromal,1200.0,0
HCC,cellnorm,common,raw_mean,cellfrac,0.06285084611303206,0.005541397086628583,0.907391921622762,0.02081704370189227,-0.07491545698049147,0.010186443164426458,Endothelial_stromal,1200.0,0
HCC,cellnorm,common,raw_mean,fragfrac,0.11460170408758548,0.0075534664072967736,0.7079350264405763,0.045569011024517186,-0.1614340261390829,0.020017007041152984,Endothelial_stromal,1200.0,0
HCC,cellnorm,common,zscale_mean,cellfrac,0.17645977305383234,0.0024920705625167193,0.17560109327052487,0.02956794860937155,-0.014429655666767455,0.021544744952478385,Endothelial_stromal,1200.0,0
HCC,cellnorm,common,zscale_mean,fragfrac,0.18700424249394043,0.003911942839682317,0.13896345315648315,0.025614185717325266,-0.10094822482535883,0.03168534483568303,Endothelial_stromal,1200.0,0
HCC,cellnorm,own,cpm_mean,cellfrac,0.04156257522831909,0.01460125928645672,0.9527942626509294,0.028184975062420826,-0.008426793524226027,0.006566147261991629,Endothelial_stromal,1200.0,0
HCC,cellnorm,own,cpm_mean,fragfrac,0.0799240869255012,0.015305214054172156,0.8458539463030322,0.0559008332893599,-0.09494536268281745,0.01566182970066071,Endothelial_stromal,1200.0,0
HCC,cellnorm,own,depth_matched,cellfrac,0.03344312610014594,0.009888271896148588,0.9714343679175533,0.01560195816447442,-0.01301150860009675,0.006626307732348115,Endothelial_stromal,1200.0,0
HCC,cellnorm,own,depth_matched,fragfrac,0.07603304153506725,0.007529533527655504,0.8637262219200643,0.026247683822615896,-0.09953007775868818,0.015437778067631339,Endothelial_stromal,1200.0,0
HCC,cellnorm,own,lognorm_mean,cellfrac,0.02973800084596957,0.004581237219888454,0.9777449017905449,0.0064252048802724915,-0.011854189684102836,0.005672894365120112,Endothelial_stromal,1200.0,0
HCC,cellnorm,own,lognorm_mean,fragfrac,0.07054142352685376,0.007125215854322237,0.8849123997091198,0.023303700215289318,-0.09837275884269424,0.014441569511102035,Endothelial_stromal,1200.0,0
HCC,cellnorm,own,lognorm_mean_expm1,cellfrac,0.030010404182690114,0.00650636031583361,0.9776717732010239,0.008182197315275194,-0.015259431855449528,0.0019053655458685518,Endothelial_stromal,1200.0,0
HCC,cellnorm,own,lognorm_mean_expm1,fragfrac,0.07513992068324722,0.005583257400625458,0.8675950393196672,0.019520147585014774,-0.10177800101404094,0.01204967775156133,Endothelial_stromal,1200.0,0
HCC,cellnorm,own,pseudobulk_cpm,cellfrac,0.03288268237961016,0.003715989419804552,0.9740034974448055,0.005041119450089387,-0.007931698020806262,0.0014184133390928323,Endothelial_stromal,1200.0,0
HCC,cellnorm,own,pseudobulk_cpm,fragfrac,0.06363500610234593,0.0009017982132286247,0.9087802334210374,0.002458302066016566,-0.09445026717939768,0.009690922326539918,Endothelial_stromal,1200.0,0
HCC,cellnorm,own,raw_mean,cellfrac,0.05560572152158479,0.006406812861222132,0.9285576900365232,0.018987332807764545,-0.07439546386674604,0.009419351541711236,Endothelial_stromal,1200.0,0
HCC,cellnorm,own,raw_mean,fragfrac,0.10913763384497643,0.005575510375564935,0.738158074852393,0.029948361116480596,-0.16091403302533744,0.019414621284271034,Endothelial_stromal,1200.0,0
HCC,cellnorm,own,zscale_mean,cellfrac,0.2099006399601212,0.003025798455608614,0.0756778736550843,0.02416040735667821,-0.017264965294301802,0.021519055962925446,Endothelial_stromal,1200.0,0
HCC,cellnorm,own,zscale_mean,fragfrac,0.2201063338414119,0.002404595682496072,0.03944616806574026,0.015277392177544119,-0.10378353445289319,0.03162658016313272,Endothelial_stromal,1200.0,0
HCC,rawsum,common,cpm_mean,cellfrac,0.06663058666611046,0.007642367383264077,0.8847024675956333,0.023753510981910045,0.07418063422379774,0.006691636603862887,Endothelial_stromal,1200.0,0
HCC,rawsum,common,cpm_mean,fragfrac,0.05635146719190142,0.016879177611740088,0.9247695081948342,0.04544701404095281,-0.012337934934793668,0.004501775689746694,Endothelial_stromal,1200.0,0
HCC,rawsum,common,depth_matched,cellfrac,0.05848539763432061,0.004998799281575379,0.9112997631685612,0.012447250578165314,0.0651600096348306,0.0055682079633102635,Endothelial_stromal,1200.0,0
HCC,rawsum,common,depth_matched,fragfrac,0.04889181233605024,0.010321379096659974,0.9474777273303806,0.02400286797447572,-0.021358559523760798,0.008360882499166784,Endothelial_stromal,1200.0,0
HCC,rawsum,common,lognorm_mean,cellfrac,0.0693352764031564,0.0048385002567158525,0.8849037549003943,0.014571713111089388,0.06939600873695027,0.004780131733384467,Endothelial_stromal,1200.0,0
HCC,rawsum,common,lognorm_mean,fragfrac,0.0472904974624766,0.006619277253334951,0.9495076645166608,0.014142339724807877,-0.017122560421641134,0.00549206227674147,Endothelial_stromal,1200.0,0
HCC,rawsum,common,lognorm_mean_expm1,cellfrac,0.058777089980028306,0.005737665307181203,0.9106726606555592,0.014891158188997838,0.061625229768951136,0.004922379375895122,Endothelial_stromal,1200.0,0
HCC,rawsum,common,lognorm_mean_expm1,fragfrac,0.047453578198711745,0.007875459786680306,0.9508899959581392,0.01812277440677952,-0.02489333938964025,0.006361371183261053,Endothelial_stromal,1200.0,0
HCC,rawsum,common,pseudobulk_cpm,cellfrac,0.06283661242010972,0.0005683245492872929,0.9045354700056615,0.002347189770590486,0.07795492253442866,0.009171202915663307,Endothelial_stromal,1200.0,0
HCC,rawsum,common,pseudobulk_cpm,fragfrac,0.03167910634289305,0.009199518052321779,0.9770119263776706,0.013255618929609818,-0.008563646624162728,0.0017144595087157332,Endothelial_stromal,1200.0,0
HCC,rawsum,common,raw_mean,cellfrac,0.03861952061411893,0.007584788603282477,0.9616760609233622,0.013886449488758978,-0.015859406411287674,0.004195283126335919,Endothelial_stromal,1200.0,0
HCC,rawsum,common,raw_mean,fragfrac,0.07602971741705765,0.005376383850776599,0.8649270798378478,0.018869464283106614,-0.10237797556987908,0.007639887118651707,Endothelial_stromal,1200.0,0
HCC,rawsum,common,zscale_mean,cellfrac,0.1744501369469401,0.0016193103292754512,0.17529805708706095,0.024300172448067307,-0.0009322060732175168,0.020219480919491654,Endothelial_stromal,1200.0,0
HCC,rawsum,common,zscale_mean,fragfrac,0.1827094885335504,0.0028749692789650245,0.16051169799290313,0.01805397364657582,-0.08745077523180893,0.03034876802182432,Endothelial_stromal,1200.0,0
HCC,rawsum,own,cpm_mean,cellfrac,0.06663058666611046,0.007642367383264077,0.8847024675956333,0.023753510981910045,0.07418063422379774,0.006691636603862887,Endothelial_stromal,1200.0,0
HCC,rawsum,own,cpm_mean,fragfrac,0.05635146719190142,0.016879177611740088,0.9247695081948342,0.04544701404095281,-0.012337934934793668,0.004501775689746694,Endothelial_stromal,1200.0,0
HCC,rawsum,own,depth_matched,cellfrac,0.05776998726713845,0.005124625168157902,0.9133653966769185,0.012435177050892447,0.06404790694332987,0.007630802823253427,Endothelial_stromal,1200.0,0
HCC,rawsum,own,depth_matched,fragfrac,0.048876984593877966,0.010130737212880176,0.9485195762832216,0.024130784628007697,-0.022470662215261547,0.006859488383546361,Endothelial_stromal,1200.0,0
HCC,rawsum,own,lognorm_mean,cellfrac,0.0555826632992468,0.0022455284018081377,0.9222322813018237,0.0048106249010073454,0.07075254684259204,0.008703663816713834,Endothelial_stromal,1200.0,0
HCC,rawsum,own,lognorm_mean,fragfrac,0.03774154437681661,0.00888948947386818,0.968606418304928,0.014857633850410773,-0.01576602231599938,0.0034777391542412436,Endothelial_stromal,1200.0,0
HCC,rawsum,own,lognorm_mean_expm1,cellfrac,0.05300362793732483,0.0043413969105328765,0.9279616392605696,0.009171561254142374,0.06307653276980107,0.007403510131727025,Endothelial_stromal,1200.0,0
HCC,rawsum,own,lognorm_mean_expm1,fragfrac,0.04713141348670247,0.007121888898790297,0.9552786251599885,0.014959648141921193,-0.023442036388790343,0.002875629588372158,Endothelial_stromal,1200.0,0
HCC,rawsum,own,pseudobulk_cpm,cellfrac,0.06214561194562995,0.0035439192164432396,0.9070166265905281,0.007851813416957367,0.08033045693830393,0.012071472648914202,Endothelial_stromal,1200.0,0
HCC,rawsum,own,pseudobulk_cpm,fragfrac,0.026848389372282292,0.006138393561300445,0.9840542202777334,0.006544522537386031,-0.0061881122202874575,0.0061113383518092415,Endothelial_stromal,1200.0,0
HCC,rawsum,own,raw_mean,cellfrac,0.028375847158048473,0.002481272798653545,0.9799808442629327,0.002363756839836895,-0.015245355811207707,0.001908611790969279,Endothelial_stromal,1200.0,0
HCC,rawsum,own,raw_mean,fragfrac,0.06936676686476531,0.0014205511955951568,0.888833352305675,0.006235408657443615,-0.10176392496979912,0.00870332318069793,Endothelial_stromal,1200.0,0
HCC,rawsum,own,zscale_mean,cellfrac,0.20744759269419233,0.003510375601819016,0.07847724596621998,0.02492111695309595,-0.007299974738917875,0.020301593076401114,Endothelial_stromal,1200.0,0
HCC,rawsum,own,zscale_mean,fragfrac,0.21635825299841235,0.002963429037271017,0.05390815145908338,0.017094577888084536,-0.09381854389750928,0.03039290836066888,Endothelial_stromal,1200.0,0
LUAD,cellnorm,common,cpm_mean,cellfrac,0.028190542576296912,0.0030997879401039596,0.9806260430702233,0.0043497574833999,0.004417454622243407,0.0027272899687182614,T_NK,1200.0,0
LUAD,cellnorm,common,cpm_mean,fragfrac,0.0565427606617255,0.002272105205234031,0.9248480715115583,0.013789899448464182,-0.02397542420609915,0.0011919240986240363,T_NK,1200.0,0
LUAD,cellnorm,common,depth_matched,cellfrac,0.042536583952034496,0.0055905727441549116,0.9566086176993062,0.013573374976178788,-0.02196631197364014,0.0017060427936908208,T_NK,1200.0,0
LUAD,cellnorm,common,depth_matched,fragfrac,0.0831646344146332,0.005120535665734108,0.8405142904624116,0.030948831886489888,-0.0503591908019827,0.003425985134833465,T_NK,1200.0,0
LUAD,cellnorm,common,lognorm_mean,cellfrac,0.11539017768949937,0.025195500905902384,0.7587759273003122,0.10151507703014895,-0.02442513390739028,0.021243261480264217,T_NK,1200.0,0
LUAD,cellnorm,common,lognorm_mean,fragfrac,0.1536673957023937,0.020490078854297863,0.5694651056226893,0.10006884700717728,-0.052818012735732854,0.02107198665686604,T_NK,1200.0,0
LUAD,cellnorm,common,lognorm_mean_expm1,cellfrac,0.06786710313070947,0.007311821969978943,0.891996865116949,0.018152452331862683,-0.06716737625950407,0.011018975358625577,T_NK,1200.0,0
LUAD,cellnorm,common,lognorm_mean_expm1,fragfrac,0.10708201303476163,0.013684193142869125,0.7373114511993076,0.0638483322936531,-0.09556025508784662,0.01154615626146323,T_NK,1200.0,0
LUAD,cellnorm,common,pseudobulk_cpm,cellfrac,0.09998749288601709,0.011380317343979481,0.8216141248992098,0.05022875702539947,-0.1050207123453996,0.00850043775850302,T_NK,1200.0,0
LUAD,cellnorm,common,pseudobulk_cpm,fragfrac,0.13994725925406812,0.007938548957154259,0.6400529212284815,0.05198447904405726,-0.1334135911737421,0.009646129784948745,T_NK,1200.0,0
LUAD,cellnorm,common,raw_mean,cellfrac,0.15310729291392497,0.014367640111087189,0.6344731983458914,0.08025224439266174,-0.12412226073774778,0.005465913691031416,T_NK,1200.0,0
LUAD,cellnorm,common,raw_mean,fragfrac,0.19432963175276352,0.00966344301424321,0.3953709354170845,0.06521679786725341,-0.15251513956609034,0.006861087334813706,T_NK,1200.0,0
LUAD,cellnorm,common,zscale_mean,cellfrac,0.16570641624028412,0.0011785061440480545,0.11181308151411078,0.03728068729366123,0.15330078127094487,0.005173971036515867,T_NK,1200.0,0
LUAD,cellnorm,common,zscale_mean,fragfrac,0.15052261426221258,0.00453437105138515,0.3191138141764303,0.023939353112111973,0.1249079024426023,0.004172869476349762,T_NK,1200.0,0
LUAD,cellnorm,own,cpm_mean,cellfrac,0.028190542576296912,0.0030997879401039596,0.9806260430702233,0.0043497574833999,0.004417454622243407,0.0027272899687182614,T_NK,1200.0,0
LUAD,cellnorm,own,cpm_mean,fragfrac,0.0565427606617255,0.002272105205234031,0.9248480715115583,0.013789899448464182,-0.02397542420609915,0.0011919240986240363,T_NK,1200.0,0
LUAD,cellnorm,own,depth_matched,cellfrac,0.03923238707254137,0.002640664301930441,0.9637227778299023,0.00690014982323097,-0.018176654822220976,0.002675596288395002,T_NK,1200.0,0
LUAD,cellnorm,own,depth_matched,fragfrac,0.08047116305695136,0.005787803076712534,0.8509844011026472,0.03203165990639338,-0.046569533650563544,0.004408103493795488,T_NK,1200.0,0
LUAD,cellnorm,own,lognorm_mean,cellfrac,0.08522712316337606,0.033474758345866426,0.8529747022060974,0.10773749338795376,-0.04759169230083459,0.03176354267915325,T_NK,1199.3333333333333,0
LUAD,cellnorm,own,lognorm_mean,fragfrac,0.12707319324334143,0.030713700835474065,0.6802392281480328,0.14461245933088362,-0.07598457112917716,0.03255023716287394,T_NK,1199.3333333333333,0
LUAD,cellnorm,own,lognorm_mean_expm1,cellfrac,0.05486925886400851,0.00028009106022403556,0.9285709969940797,0.003957400838168677,-0.05049018783352641,0.0027998825784795065,T_NK,1200.0,0
LUAD,cellnorm,own,lognorm_mean_expm1,fragfrac,0.09423901251356381,0.00445787442927556,0.7952524920466852,0.029525290669424192,-0.07888306666186895,0.0013908636817163455,T_NK,1200.0,0
LUAD,cellnorm,own,pseudobulk_cpm,cellfrac,0.06170234267293371,0.003692160154517635,0.9310547857256183,0.007542590134753579,-0.057919147839936645,0.004470558124215517,T_NK,1200.0,0
LUAD,cellnorm,own,pseudobulk_cpm,fragfrac,0.09810209682286032,0.0068805223375972896,0.811573527350539,0.026757589152593717,-0.08631202666827924,0.006202907436291249,T_NK,1200.0,0
LUAD,cellnorm,own,raw_mean,cellfrac,0.10831231726608505,0.00300388255633704,0.796696397442465,0.007198704512996878,-0.08630057813461778,0.0059788301871800545,T_NK,1188.6666666666667,0
LUAD,cellnorm,own,raw_mean,fragfrac,0.15092038315038603,0.007135531829969486,0.5899251164429867,0.025744882918654184,-0.11469345696296034,0.007344503088917758,T_NK,1188.6666666666667,0
LUAD,cellnorm,own,zscale_mean,cellfrac,0.16668575395757412,0.0019358720802209596,0.07221254231960751,0.03111220111604895,0.13270552418637016,0.00464385793995829,T_NK,1200.0,0
LUAD,cellnorm,own,zscale_mean,fragfrac,0.15234581000802386,0.006255306230101439,0.2832411622505285,0.017314629997482393,0.10431264535802764,0.004842511606285398,T_NK,1200.0,0
LUAD,rawsum,common,cpm_mean,cellfrac,0.12549678444568776,0.005669774025563467,0.6526332472109339,0.056659435853455196,0.14074970234364603,0.007693862549001074,T_NK,1200.0,0
LUAD,rawsum,common,cpm_mean,fragfrac,0.08636548662102476,0.002230817216579673,0.8406408399422234,0.023042661217138497,0.11235682351530345,0.006087706026144696,T_NK,1200.0,0
LUAD,rawsum,common,depth_matched,cellfrac,0.1142869660098939,0.004008867049857853,0.7070956554102618,0.042257736173560156,0.1274230440615656,0.005665514191795882,T_NK,1200.0,0
LUAD,rawsum,common,depth_matched,fragfrac,0.07547685153714233,0.00012740129882008122,0.8762502725821886,0.013243294466793495,0.09903016523322299,0.004774419571138252,T_NK,1200.0,0
LUAD,rawsum,common,lognorm_mean,cellfrac,0.09717216419204866,0.0058513461114627725,0.7868100699762289,0.01664613239912811,0.1457964132589075,0.025296091184731584,T_NK,1200.0,0
LUAD,rawsum,common,lognorm_mean,fragfrac,0.08176140699097904,0.004841971133302417,0.8525861831452431,0.02500301165771714,0.11740353443056499,0.024822158787687315,T_NK,1200.0,0
LUAD,rawsum,common,lognorm_mean_expm1,cellfrac,0.10304080642161854,0.004829916050070477,0.7426596799135913,0.037694157580240216,0.06963524836902873,0.012076452375247779,T_NK,1200.0,0
LUAD,rawsum,common,lognorm_mean_expm1,fragfrac,0.06742451002664598,0.00579443809284057,0.8940876297060144,0.019131039976948403,0.041242369540686184,0.011751565012995322,T_NK,1200.0,0
LUAD,rawsum,common,pseudobulk_cpm,cellfrac,0.06257961183479614,0.0019907064121312823,0.9091054703105543,0.01072853737452958,0.02484674782869209,0.00656336026726245,T_NK,1200.0,0
LUAD,rawsum,common,pseudobulk_cpm,fragfrac,0.036594493908346966,0.0047500904370745235,0.9695144025245369,0.007783353318972841,-0.0035461309996504676,0.006312129179942307,T_NK,1200.0,0
LUAD,rawsum,common,raw_mean,cellfrac,0.04609299986836163,0.009655139125056363,0.9475599441521309,0.022680130871471957,-0.004928211290822018,0.006895756276706128,T_NK,1200.0,0
LUAD,rawsum,common,raw_mean,fragfrac,0.06594986191045717,0.008798132941784472,0.8976193226602748,0.029974424757528876,-0.03332109011916458,0.006999385656364477,T_NK,1200.0,0
LUAD,rawsum,common,zscale_mean,cellfrac,0.16792305214657552,0.0014428032310096863,0.09887043665961576,0.03808885221482943,0.16100716945020624,0.005098175198221957,T_NK,1200.0,0
LUAD,rawsum,common,zscale_mean,fragfrac,0.15167170897605717,0.004320378762527824,0.3151366513785707,0.0229413126069484,0.13261429062186372,0.00403736981723643,T_NK,1200.0,0
LUAD,rawsum,own,cpm_mean,cellfrac,0.12549678444568776,0.005669774025563467,0.6526332472109339,0.056659435853455196,0.14074970234364603,0.007693862549001074,T_NK,1200.0,0
LUAD,rawsum,own,cpm_mean,fragfrac,0.08636548662102476,0.002230817216579673,0.8406408399422234,0.023042661217138497,0.11235682351530345,0.006087706026144696,T_NK,1200.0,0
LUAD,rawsum,own,depth_matched,cellfrac,0.10659441424875778,0.004500545719065597,0.7359959605138783,0.044108288638194756,0.11721596887772516,0.009598192617171347,T_NK,1200.0,0
LUAD,rawsum,own,depth_matched,fragfrac,0.06865970248914159,0.0014962096795153514,0.8938212410467686,0.015180243649904827,0.08882309004938264,0.008633780956098782,T_NK,1200.0,0
LUAD,rawsum,own,lognorm_mean,cellfrac,0.06829770599365585,0.008318855119452793,0.8877738908053271,0.014125522639794903,0.07299512487967087,0.017939857133181754,T_NK,1199.3333333333333,0
LUAD,rawsum,own,lognorm_mean,fragfrac,0.052738890388960326,0.005982275202005923,0.9348262834076669,0.017868351077090443,0.04460224605132829,0.018404369805555897,T_NK,1199.3333333333333,0
LUAD,rawsum,own,lognorm_mean_expm1,cellfrac,0.08605862100977968,0.00547712371533464,0.8127249499577668,0.03349783070225389,0.04376790255414396,0.006208213093557084,T_NK,1200.0,0
LUAD,rawsum,own,lognorm_mean_expm1,fragfrac,0.056104860169994546,0.0019783087539204706,0.9259109837934925,0.009196660978887331,0.0153750237258014,0.004491428675997034,T_NK,1200.0,0
LUAD,rawsum,own,pseudobulk_cpm,cellfrac,0.06375187590935114,0.0021865413489423977,0.9061980958541165,0.016225409809746745,0.026754377774352512,0.0034508481027756034,T_NK,1200.0,0
LUAD,rawsum,own,pseudobulk_cpm,fragfrac,0.03619213877086958,0.002590198338537795,0.9705121414165935,0.005062130415530018,-0.001638501053990042,0.002684896553761337,T_NK,1200.0,0
LUAD,rawsum,own,raw_mean,cellfrac,0.04769859854595315,0.0024630457529976916,0.9466760137564375,0.004125490092808606,-0.002772947757328547,0.0022111076985965065,T_NK,1188.6666666666667,0
LUAD,rawsum,own,raw_mean,fragfrac,0.06494685382870581,0.0013912881052014067,0.9033507262213111,0.012896036878999755,-0.0311658265856711,0.0039042354042540363,T_NK,1188.6666666666667,0
LUAD,rawsum,own,zscale_mean,cellfrac,0.16730394428021542,0.0017711179012690245,0.07296092196423336,0.034061070639607824,0.13655399627731343,0.00468296960826337,T_NK,1200.0,0
LUAD,rawsum,own,zscale_mean,fragfrac,0.15199035516607415,0.005948148388097737,0.29201290942544245,0.015157625093851842,0.1081611174489709,0.004974116910645544,T_NK,1200.0,0
