cohort,model,sample_left_out,n_cells,n_types,method,top_share,top_type
HCC,proximal,10,11755,6,raw_mean,0.6699004209013448,Endothelial_stromal
HCC,proximal,10,11755,6,cpm_mean,0.2993532491530644,Hepatocyte
HCC,proximal,10,11755,6,lognorm_mean,0.33370974917017415,Hepatocyte
HCC,proximal,10,11755,6,pseudobulk_cpm,0.31586421654176505,Hepatocyte
HCC,proximal,10,11755,6,depth_matched,0.29841220956096226,Hepatocyte
HCC,proximal,11,11750,6,raw_mean,0.6614255406515193,Endothelial_stromal
HCC,proximal,11,11750,6,cpm_mean,0.301635641938133,Hepatocyte
HCC,proximal,11,11750,6,lognorm_mean,0.33924171913495754,Hepatocyte
HCC,proximal,11,11750,6,pseudobulk_cpm,0.31701683547768955,Hepatocyte
HCC,proximal,11,11750,6,depth_matched,0.3071277032575965,Hepatocyte
HCC,proximal,12,9828,6,raw_mean,0.6232903678597717,Endothelial_stromal
HCC,proximal,12,9828,6,cpm_mean,0.27977199198890773,Hepatocyte
HCC,proximal,12,9828,6,lognorm_mean,0.3087865249319571,Hepatocyte
HCC,proximal,12,9828,6,pseudobulk_cpm,0.29385987435594585,Hepatocyte
HCC,proximal,12,9828,6,depth_matched,0.27592050531505163,Hepatocyte
HCC,proximal,13,11620,6,raw_mean,0.6675620647766353,Endothelial_stromal
HCC,proximal,13,11620,6,cpm_mean,0.2991085941109039,Hepatocyte
HCC,proximal,13,11620,6,lognorm_mean,0.33409755847177786,Hepatocyte
HCC,proximal,13,11620,6,pseudobulk_cpm,0.3154824028607114,Hepatocyte
HCC,proximal,13,11620,6,depth_matched,0.30415590192824266,Hepatocyte
HCC,proximal,14,9932,6,raw_mean,0.7410570636360524,Endothelial_stromal
HCC,proximal,14,9932,6,cpm_mean,0.3223564851264848,Hepatocyte
HCC,proximal,14,9932,6,lognorm_mean,0.36059288672851125,Hepatocyte
HCC,proximal,14,9932,6,pseudobulk_cpm,0.3343887995070688,Hepatocyte
HCC,proximal,14,9932,6,depth_matched,0.32204840310820526,Hepatocyte
HCC,proximal,15,10177,6,raw_mean,0.7208597881334178,Endothelial_stromal
HCC,proximal,15,10177,6,cpm_mean,0.24436534150223332,Hepatocyte
HCC,proximal,15,10177,6,lognorm_mean,0.2814334365854911,Hepatocyte
HCC,proximal,15,10177,6,pseudobulk_cpm,0.2664247942087519,Hepatocyte
HCC,proximal,15,10177,6,depth_matched,0.25680694128317905,Hepatocyte
HCC,proximal,16,11190,6,raw_mean,0.7288750470584209,Endothelial_stromal
HCC,proximal,16,11190,6,cpm_mean,0.287005030972997,Hepatocyte
HCC,proximal,16,11190,6,lognorm_mean,0.32133200999349737,Hepatocyte
HCC,proximal,16,11190,6,pseudobulk_cpm,0.3094561757760361,Hepatocyte
HCC,proximal,16,11190,6,depth_matched,0.2856189465758582,Hepatocyte
HCC,proximal,17,11881,6,raw_mean,0.6581059115407648,Endothelial_stromal
HCC,proximal,17,11881,6,cpm_mean,0.2982804345966293,Hepatocyte
HCC,proximal,17,11881,6,lognorm_mean,0.3336127983574301,Hepatocyte
HCC,proximal,17,11881,6,pseudobulk_cpm,0.3127213619642399,Hepatocyte
HCC,proximal,17,11881,6,depth_matched,0.29915304987595176,Hepatocyte
HCC,proximal,18,11886,6,raw_mean,0.6673681329021882,Endothelial_stromal
HCC,proximal,18,11886,6,cpm_mean,0.31076665126862735,Hepatocyte
HCC,proximal,18,11886,6,lognorm_mean,0.3455320022583791,Hepatocyte
HCC,proximal,18,11886,6,pseudobulk_cpm,0.32489862957450083,Hepatocyte
HCC,proximal,18,11886,6,depth_matched,0.310954849526938,Hepatocyte
HCC,proximal,19,11557,6,raw_mean,0.6668776948874136,Endothelial_stromal
HCC,proximal,19,11557,6,cpm_mean,0.29938060365478064,Hepatocyte
HCC,proximal,19,11557,6,lognorm_mean,0.3350557798918623,Hepatocyte
HCC,proximal,19,11557,6,pseudobulk_cpm,0.3156697009102731,Hepatocyte
HCC,proximal,19,11557,6,depth_matched,0.30175894873725273,Hepatocyte
HCC,proximal,20,10733,6,raw_mean,0.6785102739726028,Endothelial_stromal
HCC,proximal,20,10733,6,cpm_mean,0.30991438356164386,Hepatocyte
HCC,proximal,20,10733,6,lognorm_mean,0.3228595890410959,Hepatocyte
HCC,proximal,20,10733,6,pseudobulk_cpm,0.3211472602739726,Hepatocyte
HCC,proximal,20,10733,6,depth_matched,0.31054794520547946,Hepatocyte
HCC,proximal,8,10226,6,raw_mean,0.36448982388816553,Hepatocyte
HCC,proximal,8,10226,6,cpm_mean,0.3111080655108614,Hepatocyte
HCC,proximal,8,10226,6,lognorm_mean,0.36702528609607343,Hepatocyte
HCC,proximal,8,10226,6,pseudobulk_cpm,0.3271260193243336,Hepatocyte
HCC,proximal,8,10226,6,depth_matched,0.32212362091413693,Hepatocyte
HCC,proximal,9,11813,6,raw_mean,0.6748507194552329,Endothelial_stromal
HCC,proximal,9,11813,6,cpm_mean,0.2988519513405307,Hepatocyte
HCC,proximal,9,11813,6,lognorm_mean,0.33154824028607116,Hepatocyte
HCC,proximal,9,11813,6,pseudobulk_cpm,0.31413075093674614,Hepatocyte
HCC,proximal,9,11813,6,depth_matched,0.30080243639536675,Hepatocyte
COAD,proximal,GSM6058771,32320,8,raw_mean,0.9695593532856436,Mast
COAD,proximal,GSM6058771,32320,8,cpm_mean,0.1853755143154696,Macrophage
COAD,proximal,GSM6058771,32320,8,lognorm_mean,0.6329537500213409,Mast
COAD,proximal,GSM6058771,32320,8,pseudobulk_cpm,0.2396496679357383,Macrophage
COAD,proximal,GSM6058771,32320,8,depth_matched,0.17629283116794428,Macrophage
COAD,proximal,GSM6058772,31994,8,raw_mean,0.9525126314352041,Mast
COAD,proximal,GSM6058772,31994,8,cpm_mean,0.1852894988392735,Macrophage
COAD,proximal,GSM6058772,31994,8,lognorm_mean,0.5837259319950839,Mast
COAD,proximal,GSM6058772,31994,8,pseudobulk_cpm,0.23965587873822203,Macrophage
COAD,proximal,GSM6058772,31994,8,depth_matched,0.18161955482725659,Macrophage
COAD,proximal,GSM6058774,33757,8,raw_mean,0.9493435317819399,Mast
COAD,proximal,GSM6058774,33757,8,cpm_mean,0.18806235167574398,Macrophage
COAD,proximal,GSM6058774,33757,8,lognorm_mean,0.6002970753444538,Mast
COAD,proximal,GSM6058774,33757,8,pseudobulk_cpm,0.2375919823803589,Macrophage
COAD,proximal,GSM6058774,33757,8,depth_matched,0.17648665721944307,Macrophage
COAD,proximal,GSM6058775,35429,8,raw_mean,0.9267193554444122,Mast
COAD,proximal,GSM6058775,35429,8,cpm_mean,0.19307648976665587,Macrophage
COAD,proximal,GSM6058775,35429,8,lognorm_mean,0.5653858627929604,Mast
COAD,proximal,GSM6058775,35429,8,pseudobulk_cpm,0.23762866360548282,Macrophage
COAD,proximal,GSM6058775,35429,8,depth_matched,0.18633391939641192,Macrophage
COAD,proximal,GSM6058779,33656,8,raw_mean,0.8983004526432659,Mast
COAD,proximal,GSM6058779,33656,8,cpm_mean,0.18824835596549663,Macrophage
COAD,proximal,GSM6058779,33656,8,lognorm_mean,0.5682295669997438,Mast
COAD,proximal,GSM6058779,33656,8,pseudobulk_cpm,0.2460500469724144,Macrophage
COAD,proximal,GSM6058779,33656,8,depth_matched,0.18186010760953114,Macrophage
COAD,proximal,GSM6058785,29834,8,raw_mean,0.9084825620102768,Mast
COAD,proximal,GSM6058785,29834,8,cpm_mean,0.16447873811434133,Macrophage
COAD,proximal,GSM6058785,29834,8,lognorm_mean,0.5304802062172451,Mast
COAD,proximal,GSM6058785,29834,8,pseudobulk_cpm,0.21302855972276755,Macrophage
COAD,proximal,GSM6058785,29834,8,depth_matched,0.16425681558237593,Mast
LUAD,proximal,GSM8069376,42631,6,raw_mean,0.604520697167756,B_cell
LUAD,proximal,GSM8069376,42631,6,cpm_mean,0.25664488017429193,T_NK
LUAD,proximal,GSM8069376,42631,6,lognorm_mean,0.3393790849673203,T_NK
LUAD,proximal,GSM8069376,42631,6,pseudobulk_cpm,0.22309368191721132,Macrophage
LUAD,proximal,GSM8069376,42631,6,depth_matched,0.31661220043572985,T_NK
LUAD,proximal,GSM8069378,47673,6,raw_mean,0.542042781333771,T_NK
LUAD,proximal,GSM8069378,47673,6,cpm_mean,0.24891952513813667,T_NK
LUAD,proximal,GSM8069378,47673,6,lognorm_mean,0.45062640188194103,T_NK
LUAD,proximal,GSM8069378,47673,6,pseudobulk_cpm,0.2362273647354888,Macrophage
LUAD,proximal,GSM8069378,47673,6,depth_matched,0.3010558564472892,T_NK
LUAD,proximal,GSM8069379,52376,6,raw_mean,0.6676294277929156,B_cell
LUAD,proximal,GSM8069379,52376,6,cpm_mean,0.24997275204359673,T_NK
LUAD,proximal,GSM8069379,52376,6,lognorm_mean,0.379291553133515,T_NK
LUAD,proximal,GSM8069379,52376,6,pseudobulk_cpm,0.23166212534059946,B_cell
LUAD,proximal,GSM8069379,52376,6,depth_matched,0.28861035422343323,T_NK
LUAD,proximal,GSM8069380,51026,6,raw_mean,0.8096123352835037,B_cell
LUAD,proximal,GSM8069380,51026,6,cpm_mean,0.26999835966974683,T_NK
LUAD,proximal,GSM8069380,51026,6,lognorm_mean,0.37787741265241404,B_cell
LUAD,proximal,GSM8069380,51026,6,pseudobulk_cpm,0.26890480616764173,T_NK
LUAD,proximal,GSM8069380,51026,6,depth_matched,0.2697796489693258,T_NK
LUAD,proximal,GSM8069381,54339,6,raw_mean,0.6608276768119116,B_cell
LUAD,proximal,GSM8069381,54339,6,cpm_mean,0.2554740529888329,T_NK
LUAD,proximal,GSM8069381,54339,6,lognorm_mean,0.3763958835121524,T_NK
LUAD,proximal,GSM8069381,54339,6,pseudobulk_cpm,0.2348916137508211,T_NK
LUAD,proximal,GSM8069381,54339,6,depth_matched,0.2916028027151303,T_NK
LUAD,proximal,GSM8069382,54299,6,raw_mean,0.6672681539807525,B_cell
LUAD,proximal,GSM8069382,54299,6,cpm_mean,0.25628827646544183,T_NK
LUAD,proximal,GSM8069382,54299,6,lognorm_mean,0.375,T_NK
LUAD,proximal,GSM8069382,54299,6,pseudobulk_cpm,0.23436132983377078,B_cell
LUAD,proximal,GSM8069382,54299,6,depth_matched,0.28937007874015747,T_NK
LUAD,proximal,GSM8069383,53308,6,raw_mean,0.6605299098606938,B_cell
LUAD,proximal,GSM8069383,53308,6,cpm_mean,0.2518983884184649,T_NK
LUAD,proximal,GSM8069383,53308,6,lognorm_mean,0.3682600382409178,T_NK
LUAD,proximal,GSM8069383,53308,6,pseudobulk_cpm,0.24059000273149414,B_cell
LUAD,proximal,GSM8069383,53308,6,depth_matched,0.2828189019393608,T_NK
LUAD,proximal,GSM8069384,51132,6,raw_mean,0.7010750329091707,B_cell
LUAD,proximal,GSM8069384,51132,6,cpm_mean,0.24303422553751647,T_NK
LUAD,proximal,GSM8069384,51132,6,lognorm_mean,0.3390193067134708,T_NK
LUAD,proximal,GSM8069384,51132,6,pseudobulk_cpm,0.2531812198332602,B_cell
LUAD,proximal,GSM8069384,51132,6,depth_matched,0.26969065379552437,T_NK
