path,gene,target,argmax,correct
seurat_profile_AggregateExpression_returnseurat_data,CD68,Macrophage,Macrophage,1
seurat_profile_AggregateExpression_returnseurat_data,CSF1R,Macrophage,Macrophage,1
seurat_profile_AggregateExpression_returnseurat_data,MRC1,Macrophage,Macrophage,1
seurat_profile_AggregateExpression_returnseurat_data,MSR1,Macrophage,Macrophage,1
seurat_profile_AggregateExpression_returnseurat_data,CD163,Macrophage,Macrophage,1
seurat_profile_AggregateExpression_returnseurat_data,ITGAM,Macrophage,Macrophage,1
seurat_profile_AggregateExpression_returnseurat_data,MS4A1,B_cell,B_cell,1
seurat_profile_AggregateExpression_returnseurat_data,CD79A,B_cell,B_cell,1
seurat_profile_AggregateExpression_returnseurat_data,CD79B,B_cell,B_cell,1
seurat_profile_AggregateExpression_returnseurat_data,CD19,B_cell,B_cell,1
seurat_profile_AggregateExpression_returnseurat_data,BANK1,B_cell,B_cell,1
seurat_profile_AggregateExpression_returnseurat_data,CD3D,NK_cytotoxic_T,NK_cytotoxic_T,1
seurat_profile_AggregateExpression_returnseurat_data,CD3E,NK_cytotoxic_T,NK_cytotoxic_T,1
seurat_profile_AggregateExpression_returnseurat_data,CD8A,NK_cytotoxic_T,NK_cytotoxic_T,1
seurat_profile_AggregateExpression_returnseurat_data,IL7R,NK_cytotoxic_T,CD4_T,0
seurat_profile_AggregateExpression_returnseurat_data,NKG7,NK_cytotoxic_T,NK_cytotoxic_T,1
seurat_profile_AggregateExpression_returnseurat_data,GNLY,NK_cytotoxic_T,NK_cytotoxic_T,1
seurat_profile_AggregateExpression_returnseurat_data,ALB,Hepatocyte,Hepatocyte,1
seurat_profile_AggregateExpression_returnseurat_data,APOB,Hepatocyte,Hepatocyte,1
seurat_profile_AggregateExpression_returnseurat_data,HNF4A,Hepatocyte,Hepatocyte,1
seurat_profile_AggregateExpression_returnseurat_data,TTR,Hepatocyte,Hepatocyte,1
seurat_profile_AggregateExpression_returnseurat_data,APOA1,Hepatocyte,Endothelial_stromal,0
seurat_profile_AggregateExpression_sum,CD68,Macrophage,Macrophage,1
seurat_profile_AggregateExpression_sum,CSF1R,Macrophage,Macrophage,1
seurat_profile_AggregateExpression_sum,MRC1,Macrophage,Macrophage,1
seurat_profile_AggregateExpression_sum,MSR1,Macrophage,Macrophage,1
seurat_profile_AggregateExpression_sum,CD163,Macrophage,Macrophage,1
seurat_profile_AggregateExpression_sum,ITGAM,Macrophage,Macrophage,1
seurat_profile_AggregateExpression_sum,MS4A1,B_cell,B_cell,1
seurat_profile_AggregateExpression_sum,CD79A,B_cell,NK_cytotoxic_T,0
seurat_profile_AggregateExpression_sum,CD79B,B_cell,NK_cytotoxic_T,0
seurat_profile_AggregateExpression_sum,CD19,B_cell,Macrophage,0
seurat_profile_AggregateExpression_sum,BANK1,B_cell,Endothelial_stromal,0
seurat_profile_AggregateExpression_sum,CD3D,NK_cytotoxic_T,NK_cytotoxic_T,1
seurat_profile_AggregateExpression_sum,CD3E,NK_cytotoxic_T,NK_cytotoxic_T,1
seurat_profile_AggregateExpression_sum,CD8A,NK_cytotoxic_T,NK_cytotoxic_T,1
seurat_profile_AggregateExpression_sum,IL7R,NK_cytotoxic_T,NK_cytotoxic_T,1
seurat_profile_AggregateExpression_sum,NKG7,NK_cytotoxic_T,NK_cytotoxic_T,1
seurat_profile_AggregateExpression_sum,GNLY,NK_cytotoxic_T,NK_cytotoxic_T,1
seurat_profile_AggregateExpression_sum,ALB,Hepatocyte,Hepatocyte,1
seurat_profile_AggregateExpression_sum,APOB,Hepatocyte,Hepatocyte,1
seurat_profile_AggregateExpression_sum,HNF4A,Hepatocyte,Hepatocyte,1
seurat_profile_AggregateExpression_sum,TTR,Hepatocyte,Hepatocyte,1
seurat_profile_AggregateExpression_sum,APOA1,Hepatocyte,NK_cytotoxic_T,0
seurat_profile_AverageExpression_counts,CD68,Macrophage,Macrophage,1
seurat_profile_AverageExpression_counts,CSF1R,Macrophage,Macrophage,1
seurat_profile_AverageExpression_counts,MRC1,Macrophage,Endothelial_stromal,0
seurat_profile_AverageExpression_counts,MSR1,Macrophage,Endothelial_stromal,0
seurat_profile_AverageExpression_counts,CD163,Macrophage,Hepatocyte,0
seurat_profile_AverageExpression_counts,ITGAM,Macrophage,B_cell,0
seurat_profile_AverageExpression_counts,MS4A1,B_cell,B_cell,1
seurat_profile_AverageExpression_counts,CD79A,B_cell,B_cell,1
seurat_profile_AverageExpression_counts,CD79B,B_cell,B_cell,1
seurat_profile_AverageExpression_counts,CD19,B_cell,B_cell,1
seurat_profile_AverageExpression_counts,BANK1,B_cell,Endothelial_stromal,0
seurat_profile_AverageExpression_counts,CD3D,NK_cytotoxic_T,NK_cytotoxic_T,1
seurat_profile_AverageExpression_counts,CD3E,NK_cytotoxic_T,NK_cytotoxic_T,1
seurat_profile_AverageExpression_counts,CD8A,NK_cytotoxic_T,NK_cytotoxic_T,1
seurat_profile_AverageExpression_counts,IL7R,NK_cytotoxic_T,CD4_T,0
seurat_profile_AverageExpression_counts,NKG7,NK_cytotoxic_T,NK_cytotoxic_T,1
seurat_profile_AverageExpression_counts,GNLY,NK_cytotoxic_T,NK_cytotoxic_T,1
seurat_profile_AverageExpression_counts,ALB,Hepatocyte,Hepatocyte,1
seurat_profile_AverageExpression_counts,APOB,Hepatocyte,Hepatocyte,1
seurat_profile_AverageExpression_counts,HNF4A,Hepatocyte,Hepatocyte,1
seurat_profile_AverageExpression_counts,TTR,Hepatocyte,Hepatocyte,1
seurat_profile_AverageExpression_counts,APOA1,Hepatocyte,Endothelial_stromal,0
seurat_profile_AverageExpression_default,CD68,Macrophage,Macrophage,1
seurat_profile_AverageExpression_default,CSF1R,Macrophage,Macrophage,1
seurat_profile_AverageExpression_default,MRC1,Macrophage,Macrophage,1
seurat_profile_AverageExpression_default,MSR1,Macrophage,Macrophage,1
seurat_profile_AverageExpression_default,CD163,Macrophage,Macrophage,1
seurat_profile_AverageExpression_default,ITGAM,Macrophage,Macrophage,1
seurat_profile_AverageExpression_default,MS4A1,B_cell,B_cell,1
seurat_profile_AverageExpression_default,CD79A,B_cell,B_cell,1
seurat_profile_AverageExpression_default,CD79B,B_cell,B_cell,1
seurat_profile_AverageExpression_default,CD19,B_cell,Macrophage,0
seurat_profile_AverageExpression_default,BANK1,B_cell,B_cell,1
seurat_profile_AverageExpression_default,CD3D,NK_cytotoxic_T,NK_cytotoxic_T,1
seurat_profile_AverageExpression_default,CD3E,NK_cytotoxic_T,NK_cytotoxic_T,1
seurat_profile_AverageExpression_default,CD8A,NK_cytotoxic_T,NK_cytotoxic_T,1
seurat_profile_AverageExpression_default,IL7R,NK_cytotoxic_T,CD4_T,0
seurat_profile_AverageExpression_default,NKG7,NK_cytotoxic_T,NK_cytotoxic_T,1
seurat_profile_AverageExpression_default,GNLY,NK_cytotoxic_T,NK_cytotoxic_T,1
seurat_profile_AverageExpression_default,ALB,Hepatocyte,Hepatocyte,1
seurat_profile_AverageExpression_default,APOB,Hepatocyte,Hepatocyte,1
seurat_profile_AverageExpression_default,HNF4A,Hepatocyte,Hepatocyte,1
seurat_profile_AverageExpression_default,TTR,Hepatocyte,Hepatocyte,1
seurat_profile_AverageExpression_default,APOA1,Hepatocyte,Endothelial_stromal,0
seurat_profile_AverageExpression_logdata_layer,CD68,Macrophage,Macrophage,1
seurat_profile_AverageExpression_logdata_layer,CSF1R,Macrophage,Macrophage,1
seurat_profile_AverageExpression_logdata_layer,MRC1,Macrophage,Macrophage,1
seurat_profile_AverageExpression_logdata_layer,MSR1,Macrophage,Macrophage,1
seurat_profile_AverageExpression_logdata_layer,CD163,Macrophage,Macrophage,1
seurat_profile_AverageExpression_logdata_layer,ITGAM,Macrophage,Macrophage,1
seurat_profile_AverageExpression_logdata_layer,MS4A1,B_cell,B_cell,1
seurat_profile_AverageExpression_logdata_layer,CD79A,B_cell,B_cell,1
seurat_profile_AverageExpression_logdata_layer,CD79B,B_cell,B_cell,1
seurat_profile_AverageExpression_logdata_layer,CD19,B_cell,Macrophage,0
seurat_profile_AverageExpression_logdata_layer,BANK1,B_cell,B_cell,1
seurat_profile_AverageExpression_logdata_layer,CD3D,NK_cytotoxic_T,NK_cytotoxic_T,1
seurat_profile_AverageExpression_logdata_layer,CD3E,NK_cytotoxic_T,NK_cytotoxic_T,1
seurat_profile_AverageExpression_logdata_layer,CD8A,NK_cytotoxic_T,NK_cytotoxic_T,1
seurat_profile_AverageExpression_logdata_layer,IL7R,NK_cytotoxic_T,CD4_T,0
seurat_profile_AverageExpression_logdata_layer,NKG7,NK_cytotoxic_T,NK_cytotoxic_T,1
seurat_profile_AverageExpression_logdata_layer,GNLY,NK_cytotoxic_T,NK_cytotoxic_T,1
seurat_profile_AverageExpression_logdata_layer,ALB,Hepatocyte,Hepatocyte,1
seurat_profile_AverageExpression_logdata_layer,APOB,Hepatocyte,Hepatocyte,1
seurat_profile_AverageExpression_logdata_layer,HNF4A,Hepatocyte,Hepatocyte,1
seurat_profile_AverageExpression_logdata_layer,TTR,Hepatocyte,Hepatocyte,1
seurat_profile_AverageExpression_logdata_layer,APOA1,Hepatocyte,Endothelial_stromal,0
seurat_profile_AverageExpression_returnseurat_data,CD68,Macrophage,Macrophage,1
seurat_profile_AverageExpression_returnseurat_data,CSF1R,Macrophage,Macrophage,1
seurat_profile_AverageExpression_returnseurat_data,MRC1,Macrophage,Macrophage,1
seurat_profile_AverageExpression_returnseurat_data,MSR1,Macrophage,Macrophage,1
seurat_profile_AverageExpression_returnseurat_data,CD163,Macrophage,Macrophage,1
seurat_profile_AverageExpression_returnseurat_data,ITGAM,Macrophage,Macrophage,1
seurat_profile_AverageExpression_returnseurat_data,MS4A1,B_cell,B_cell,1
seurat_profile_AverageExpression_returnseurat_data,CD79A,B_cell,B_cell,1
seurat_profile_AverageExpression_returnseurat_data,CD79B,B_cell,B_cell,1
seurat_profile_AverageExpression_returnseurat_data,CD19,B_cell,Macrophage,0
seurat_profile_AverageExpression_returnseurat_data,BANK1,B_cell,B_cell,1
seurat_profile_AverageExpression_returnseurat_data,CD3D,NK_cytotoxic_T,NK_cytotoxic_T,1
seurat_profile_AverageExpression_returnseurat_data,CD3E,NK_cytotoxic_T,NK_cytotoxic_T,1
seurat_profile_AverageExpression_returnseurat_data,CD8A,NK_cytotoxic_T,NK_cytotoxic_T,1
seurat_profile_AverageExpression_returnseurat_data,IL7R,NK_cytotoxic_T,CD4_T,0
seurat_profile_AverageExpression_returnseurat_data,NKG7,NK_cytotoxic_T,NK_cytotoxic_T,1
seurat_profile_AverageExpression_returnseurat_data,GNLY,NK_cytotoxic_T,NK_cytotoxic_T,1
seurat_profile_AverageExpression_returnseurat_data,ALB,Hepatocyte,Hepatocyte,1
seurat_profile_AverageExpression_returnseurat_data,APOB,Hepatocyte,Hepatocyte,1
seurat_profile_AverageExpression_returnseurat_data,HNF4A,Hepatocyte,Hepatocyte,1
seurat_profile_AverageExpression_returnseurat_data,TTR,Hepatocyte,Hepatocyte,1
seurat_profile_AverageExpression_returnseurat_data,APOA1,Hepatocyte,Endothelial_stromal,0
seurat_profile_manual_mean_of_data_layer,CD68,Macrophage,Macrophage,1
seurat_profile_manual_mean_of_data_layer,CSF1R,Macrophage,Macrophage,1
seurat_profile_manual_mean_of_data_layer,MRC1,Macrophage,Macrophage,1
seurat_profile_manual_mean_of_data_layer,MSR1,Macrophage,Macrophage,1
seurat_profile_manual_mean_of_data_layer,CD163,Macrophage,Macrophage,1
seurat_profile_manual_mean_of_data_layer,ITGAM,Macrophage,Macrophage,1
seurat_profile_manual_mean_of_data_layer,MS4A1,B_cell,B_cell,1
seurat_profile_manual_mean_of_data_layer,CD79A,B_cell,B_cell,1
seurat_profile_manual_mean_of_data_layer,CD79B,B_cell,B_cell,1
seurat_profile_manual_mean_of_data_layer,CD19,B_cell,Macrophage,0
seurat_profile_manual_mean_of_data_layer,BANK1,B_cell,B_cell,1
seurat_profile_manual_mean_of_data_layer,CD3D,NK_cytotoxic_T,NK_cytotoxic_T,1
seurat_profile_manual_mean_of_data_layer,CD3E,NK_cytotoxic_T,NK_cytotoxic_T,1
seurat_profile_manual_mean_of_data_layer,CD8A,NK_cytotoxic_T,NK_cytotoxic_T,1
seurat_profile_manual_mean_of_data_layer,IL7R,NK_cytotoxic_T,CD4_T,0
seurat_profile_manual_mean_of_data_layer,NKG7,NK_cytotoxic_T,NK_cytotoxic_T,1
seurat_profile_manual_mean_of_data_layer,GNLY,NK_cytotoxic_T,NK_cytotoxic_T,1
seurat_profile_manual_mean_of_data_layer,ALB,Hepatocyte,Hepatocyte,1
seurat_profile_manual_mean_of_data_layer,APOB,Hepatocyte,Hepatocyte,1
seurat_profile_manual_mean_of_data_layer,HNF4A,Hepatocyte,Hepatocyte,1
seurat_profile_manual_mean_of_data_layer,TTR,Hepatocyte,Hepatocyte,1
seurat_profile_manual_mean_of_data_layer,APOA1,Hepatocyte,Endothelial_stromal,0
signac_profile_AverageExpression_default_scalefactor_1e4,CD68,Macrophage,Macrophage,1
signac_profile_AverageExpression_default_scalefactor_1e4,CSF1R,Macrophage,Macrophage,1
signac_profile_AverageExpression_default_scalefactor_1e4,MRC1,Macrophage,Macrophage,1
signac_profile_AverageExpression_default_scalefactor_1e4,MSR1,Macrophage,Macrophage,1
signac_profile_AverageExpression_default_scalefactor_1e4,CD163,Macrophage,Macrophage,1
signac_profile_AverageExpression_default_scalefactor_1e4,ITGAM,Macrophage,Macrophage,1
signac_profile_AverageExpression_default_scalefactor_1e4,MS4A1,B_cell,B_cell,1
signac_profile_AverageExpression_default_scalefactor_1e4,CD79A,B_cell,B_cell,1
signac_profile_AverageExpression_default_scalefactor_1e4,CD79B,B_cell,B_cell,1
signac_profile_AverageExpression_default_scalefactor_1e4,CD19,B_cell,Macrophage,0
signac_profile_AverageExpression_default_scalefactor_1e4,CD3D,NK_cytotoxic_T,NK_cytotoxic_T,1
signac_profile_AverageExpression_default_scalefactor_1e4,CD3E,NK_cytotoxic_T,NK_cytotoxic_T,1
signac_profile_AverageExpression_default_scalefactor_1e4,CD8A,NK_cytotoxic_T,NK_cytotoxic_T,1
signac_profile_AverageExpression_default_scalefactor_1e4,IL7R,NK_cytotoxic_T,CD4_T,0
signac_profile_AverageExpression_default_scalefactor_1e4,NKG7,NK_cytotoxic_T,NK_cytotoxic_T,1
signac_profile_AverageExpression_default_scalefactor_1e4,GNLY,NK_cytotoxic_T,NK_cytotoxic_T,1
signac_profile_AverageExpression_default_scalefactor_1e4,ALB,Hepatocyte,Hepatocyte,1
signac_profile_AverageExpression_default_scalefactor_1e4,APOB,Hepatocyte,Hepatocyte,1
signac_profile_AverageExpression_default_scalefactor_1e4,HNF4A,Hepatocyte,Hepatocyte,1
signac_profile_AverageExpression_default_scalefactor_1e4,TTR,Hepatocyte,Hepatocyte,1
signac_profile_AverageExpression_default_scalefactor_1e4,APOA1,Hepatocyte,Endothelial_stromal,0
signac_profile_AverageExpression_default_scalefactor_median,CD68,Macrophage,Macrophage,1
signac_profile_AverageExpression_default_scalefactor_median,CSF1R,Macrophage,Macrophage,1
signac_profile_AverageExpression_default_scalefactor_median,MRC1,Macrophage,Macrophage,1
signac_profile_AverageExpression_default_scalefactor_median,MSR1,Macrophage,Macrophage,1
signac_profile_AverageExpression_default_scalefactor_median,CD163,Macrophage,Macrophage,1
signac_profile_AverageExpression_default_scalefactor_median,ITGAM,Macrophage,Macrophage,1
signac_profile_AverageExpression_default_scalefactor_median,MS4A1,B_cell,B_cell,1
signac_profile_AverageExpression_default_scalefactor_median,CD79A,B_cell,B_cell,1
signac_profile_AverageExpression_default_scalefactor_median,CD79B,B_cell,B_cell,1
signac_profile_AverageExpression_default_scalefactor_median,CD19,B_cell,Macrophage,0
signac_profile_AverageExpression_default_scalefactor_median,CD3D,NK_cytotoxic_T,NK_cytotoxic_T,1
signac_profile_AverageExpression_default_scalefactor_median,CD3E,NK_cytotoxic_T,NK_cytotoxic_T,1
signac_profile_AverageExpression_default_scalefactor_median,CD8A,NK_cytotoxic_T,NK_cytotoxic_T,1
signac_profile_AverageExpression_default_scalefactor_median,IL7R,NK_cytotoxic_T,CD4_T,0
signac_profile_AverageExpression_default_scalefactor_median,NKG7,NK_cytotoxic_T,NK_cytotoxic_T,1
signac_profile_AverageExpression_default_scalefactor_median,GNLY,NK_cytotoxic_T,NK_cytotoxic_T,1
signac_profile_AverageExpression_default_scalefactor_median,ALB,Hepatocyte,Hepatocyte,1
signac_profile_AverageExpression_default_scalefactor_median,APOB,Hepatocyte,Hepatocyte,1
signac_profile_AverageExpression_default_scalefactor_median,HNF4A,Hepatocyte,Hepatocyte,1
signac_profile_AverageExpression_default_scalefactor_median,TTR,Hepatocyte,Hepatocyte,1
signac_profile_AverageExpression_default_scalefactor_median,APOA1,Hepatocyte,Endothelial_stromal,0
signac_profile_mean_of_counts,CD68,Macrophage,Macrophage,1
signac_profile_mean_of_counts,CSF1R,Macrophage,Macrophage,1
signac_profile_mean_of_counts,MRC1,Macrophage,Endothelial_stromal,0
signac_profile_mean_of_counts,MSR1,Macrophage,Endothelial_stromal,0
signac_profile_mean_of_counts,CD163,Macrophage,Hepatocyte,0
signac_profile_mean_of_counts,ITGAM,Macrophage,B_cell,0
signac_profile_mean_of_counts,MS4A1,B_cell,B_cell,1
signac_profile_mean_of_counts,CD79A,B_cell,B_cell,1
signac_profile_mean_of_counts,CD79B,B_cell,B_cell,1
signac_profile_mean_of_counts,CD19,B_cell,B_cell,1
signac_profile_mean_of_counts,CD3D,NK_cytotoxic_T,NK_cytotoxic_T,1
signac_profile_mean_of_counts,CD3E,NK_cytotoxic_T,NK_cytotoxic_T,1
signac_profile_mean_of_counts,CD8A,NK_cytotoxic_T,NK_cytotoxic_T,1
signac_profile_mean_of_counts,IL7R,NK_cytotoxic_T,CD4_T,0
signac_profile_mean_of_counts,NKG7,NK_cytotoxic_T,NK_cytotoxic_T,1
signac_profile_mean_of_counts,GNLY,NK_cytotoxic_T,NK_cytotoxic_T,1
signac_profile_mean_of_counts,ALB,Hepatocyte,Hepatocyte,1
signac_profile_mean_of_counts,APOB,Hepatocyte,Hepatocyte,1
signac_profile_mean_of_counts,HNF4A,Hepatocyte,Hepatocyte,1
signac_profile_mean_of_counts,TTR,Hepatocyte,Hepatocyte,1
signac_profile_mean_of_counts,APOA1,Hepatocyte,Endothelial_stromal,0
signac_profile_mean_of_data_layer_scalefactor_1e4,CD68,Macrophage,Macrophage,1
signac_profile_mean_of_data_layer_scalefactor_1e4,CSF1R,Macrophage,Macrophage,1
signac_profile_mean_of_data_layer_scalefactor_1e4,MRC1,Macrophage,Macrophage,1
signac_profile_mean_of_data_layer_scalefactor_1e4,MSR1,Macrophage,Macrophage,1
signac_profile_mean_of_data_layer_scalefactor_1e4,CD163,Macrophage,Macrophage,1
signac_profile_mean_of_data_layer_scalefactor_1e4,ITGAM,Macrophage,Macrophage,1
signac_profile_mean_of_data_layer_scalefactor_1e4,MS4A1,B_cell,B_cell,1
signac_profile_mean_of_data_layer_scalefactor_1e4,CD79A,B_cell,B_cell,1
signac_profile_mean_of_data_layer_scalefactor_1e4,CD79B,B_cell,B_cell,1
signac_profile_mean_of_data_layer_scalefactor_1e4,CD19,B_cell,Macrophage,0
signac_profile_mean_of_data_layer_scalefactor_1e4,CD3D,NK_cytotoxic_T,NK_cytotoxic_T,1
signac_profile_mean_of_data_layer_scalefactor_1e4,CD3E,NK_cytotoxic_T,NK_cytotoxic_T,1
signac_profile_mean_of_data_layer_scalefactor_1e4,CD8A,NK_cytotoxic_T,NK_cytotoxic_T,1
signac_profile_mean_of_data_layer_scalefactor_1e4,IL7R,NK_cytotoxic_T,CD4_T,0
signac_profile_mean_of_data_layer_scalefactor_1e4,NKG7,NK_cytotoxic_T,NK_cytotoxic_T,1
signac_profile_mean_of_data_layer_scalefactor_1e4,GNLY,NK_cytotoxic_T,NK_cytotoxic_T,1
signac_profile_mean_of_data_layer_scalefactor_1e4,ALB,Hepatocyte,Hepatocyte,1
signac_profile_mean_of_data_layer_scalefactor_1e4,APOB,Hepatocyte,Hepatocyte,1
signac_profile_mean_of_data_layer_scalefactor_1e4,HNF4A,Hepatocyte,Hepatocyte,1
signac_profile_mean_of_data_layer_scalefactor_1e4,TTR,Hepatocyte,Hepatocyte,1
signac_profile_mean_of_data_layer_scalefactor_1e4,APOA1,Hepatocyte,Endothelial_stromal,0
signac_profile_mean_of_data_layer_scalefactor_median,CD68,Macrophage,Macrophage,1
signac_profile_mean_of_data_layer_scalefactor_median,CSF1R,Macrophage,Macrophage,1
signac_profile_mean_of_data_layer_scalefactor_median,MRC1,Macrophage,Macrophage,1
signac_profile_mean_of_data_layer_scalefactor_median,MSR1,Macrophage,Macrophage,1
signac_profile_mean_of_data_layer_scalefactor_median,CD163,Macrophage,Macrophage,1
signac_profile_mean_of_data_layer_scalefactor_median,ITGAM,Macrophage,Macrophage,1
signac_profile_mean_of_data_layer_scalefactor_median,MS4A1,B_cell,B_cell,1
signac_profile_mean_of_data_layer_scalefactor_median,CD79A,B_cell,B_cell,1
signac_profile_mean_of_data_layer_scalefactor_median,CD79B,B_cell,B_cell,1
signac_profile_mean_of_data_layer_scalefactor_median,CD19,B_cell,Macrophage,0
signac_profile_mean_of_data_layer_scalefactor_median,CD3D,NK_cytotoxic_T,NK_cytotoxic_T,1
signac_profile_mean_of_data_layer_scalefactor_median,CD3E,NK_cytotoxic_T,NK_cytotoxic_T,1
signac_profile_mean_of_data_layer_scalefactor_median,CD8A,NK_cytotoxic_T,NK_cytotoxic_T,1
signac_profile_mean_of_data_layer_scalefactor_median,IL7R,NK_cytotoxic_T,CD4_T,0
signac_profile_mean_of_data_layer_scalefactor_median,NKG7,NK_cytotoxic_T,NK_cytotoxic_T,1
signac_profile_mean_of_data_layer_scalefactor_median,GNLY,NK_cytotoxic_T,NK_cytotoxic_T,1
signac_profile_mean_of_data_layer_scalefactor_median,ALB,Hepatocyte,Hepatocyte,1
signac_profile_mean_of_data_layer_scalefactor_median,APOB,Hepatocyte,Hepatocyte,1
signac_profile_mean_of_data_layer_scalefactor_median,HNF4A,Hepatocyte,Hepatocyte,1
signac_profile_mean_of_data_layer_scalefactor_median,TTR,Hepatocyte,Hepatocyte,1
signac_profile_mean_of_data_layer_scalefactor_median,APOA1,Hepatocyte,Endothelial_stromal,0
